{
  "type": "FeatureCollection",
  "features": [
    {
      "type": "Feature",
      "properties": {
        "tier": 3
      },
      "geometry": {
        "coordinates": [
          [
            [100.1114535734223, 0.3373711211880277],
            [100.11290488132869, 0.33808593206661897],
            [100.11351139807567, 0.3417899512263034],
            [100.11257996166552, 0.3449307850714547],
            [100.11257996166552, 0.34841819246874195],
            [100.11067376620753, 0.34960954252667875],
            [100.10969900716748, 0.3486564624923574],
            [100.10976399110262, 0.34558061263405193],
            [100.11006724947089, 0.34224483067627887],
            [100.11058712095951, 0.33962385832363395],
            [100.1114535734223, 0.3373711211880277]
          ]
        ],
        "type": "Polygon"
      }
    },
    {
      "type": "Feature",
      "properties": {
        "tier": 2
      },
      "geometry": {
        "coordinates": [
          [
            [100.10918929931461, 0.29904411113177787],
            [100.11201480783791, 0.297913923455269],
            [100.11560102867259, 0.2985876891500254],
            [100.11870908672762, 0.2972401577193011],
            [100.12327336778878, 0.29478417259255707],
            [100.12414275438016, 0.29619690754044825],
            [100.12216489833219, 0.2993483923870883],
            [100.1186438815136, 0.3008045954205585],
            [100.11555755812759, 0.3018261108672391],
            [100.11255817343203, 0.3010871422553265],
            [100.10925450333059, 0.3011958141129156],
            [100.10918929931461, 0.29904411113177787]
          ]
        ],
        "type": "Polygon"
      }
    },
    {
      "type": "Feature",
      "properties": {
        "kd_propinsi": 13,
        "kd_dati2": "08",
        "nm_dati2": "Pasaman",
        "tier": 0
      },
      "geometry": {
        "coordinates": [
          [
            [
              [100.13318214599792, -0.09487134994405716],
              [100.13324959599794, -0.09486757594406516],
              [100.13328967199794, -0.09486533394401415],
              [100.13342706599792, -0.09484128394403515],
              [100.13355251299794, -0.09477515594402015],
              [100.13364808399791, -0.09458278994405615],
              [100.13365668699794, -0.09456606494403316],
              [100.13371047599793, -0.09446149394402416],
              [100.13372303599795, -0.09443707694406116],
              [100.13376359299792, -0.09435823094405316],
              [100.13389029199794, -0.09411191794406215],
              [100.1339619719979, -0.09397365394401916],
              [100.13404559899794, -0.09384741394403316],
              [100.1341083779979, -0.09377778794406316],
              [100.13412939899791, -0.09375447594406716],
              [100.13418851799793, -0.09373560794402616],
              [100.13429522399792, -0.09373125394402816],
              [100.13434857699792, -0.09374431094401815],
              [100.13445960799794, -0.09379219294406516],
              [100.13454506199793, -0.09386147994403915],
              [100.1346214069979, -0.09392338294405515],
              [100.13464060899793, -0.09393895294401515],
              [100.13480439199793, -0.09417803294404316],
              [100.13484171199792, -0.09429915994404316],
              [100.1349186579979, -0.09454889894401215],
              [100.13501922199794, -0.09487529494406016],
              [100.1350911389979, -0.09508882394406716],
              [100.1350998239979, -0.09511461094403716],
              [100.1351599439979, -0.09529310994405216],
              [100.13523264099791, -0.09569124894402116],
              [100.13534319899793, -0.09629673794403015],
              [100.13542429199794, -0.09660218594403616],
              [100.13557343799795, -0.09716396794401316],
              [100.13563661399792, -0.09735234394405316],
              [100.13568824199791, -0.09750628594405016],
              [100.13577086199791, -0.09775263994406215],
              [100.13582601999792, -0.09784514094404516],
              [100.1360014149979, -0.09813928494405416],
              [100.13600671199794, -0.09814816794401815],
              [100.13601070599793, -0.09815401994403315],
              [100.1362190359979, -0.09845926594401516],
              [100.13622784799793, -0.09847217694401415],
              [100.13624256099791, -0.09849373294405016],
              [100.13628676999792, -0.09853919594404216],
              [100.1366190849979, -0.09888092794402316],
              [100.13711655599792, -0.09924396894403716],
              [100.13728267099793, -0.09936519494401316],
              [100.13729565299792, -0.09937848894405515],
              [100.13743326399793, -0.09951940694405416],
              [100.1377502239979, -0.09984398494405916],
              [100.1381482949979, -0.10024467094403616],
              [100.13816067299791, -0.10025183194402115],
              [100.13831379799791, -0.10034042594405415],
              [100.1385413629979, -0.10045699794402216],
              [100.13871514099793, -0.10056108094401815],
              [100.1388227199979, -0.10069430994404616],
              [100.13888892599795, -0.10086917694404415],
              [100.13888969699792, -0.10087193994404216],
              [100.1390300959979, -0.10137470294402816],
              [100.13924112299793, -0.10176606794401316],
              [100.13928206299789, -0.10181814694401216],
              [100.13937303699794, -0.10193387394404815],
              [100.1396512109979, -0.10228773194403115],
              [100.13994911899795, -0.10253336794401915],
              [100.1403318599979, -0.10277228794403516],
              [100.14039597599793, -0.10281231094403116],
              [100.14044277899791, -0.10282972894405916],
              [100.14062330899793, -0.10289691294404715],
              [100.14069801699793, -0.10292471594401316],
              [100.14106625299792, -0.10294968294401516],
              [100.14119562299794, -0.10294267894401815],
              [100.1414510389979, -0.10292885194404315],
              [100.14179030999793, -0.10286222294404015],
              [100.14188926299789, -0.10283347494406316],
              [100.14194760699792, -0.10281652494403215],
              [100.14196508999794, -0.10281144594402715],
              [100.14219164099791, -0.10274562994406716],
              [100.14264400299794, -0.10252613294402116],
              [100.1426550309979, -0.10252078194405116],
              [100.14269391599794, -0.10249235794405816],
              [100.14304808099791, -0.10223348394406216],
              [100.14336665999792, -0.10207109394404816],
              [100.1435226469979, -0.10201636594403815],
              [100.14355759099794, -0.10200410594403315],
              [100.1438176409979, -0.10191286594401516],
              [100.1439908739979, -0.10185160494403116],
              [100.14416285099793, -0.10175942494406316],
              [100.14417788599792, -0.10175136594402516],
              [100.1443441219979, -0.10155786994401715],
              [100.14434660099795, -0.10155498294402315],
              [100.14442993899792, -0.10137087794406316],
              [100.14446245799792, -0.10120109494401716],
              [100.14460921799792, -0.10084624394401916],
              [100.14464783799792, -0.10079714894406816],
              [100.1447108519979, -0.10073373194403215],
              [100.14479012999794, -0.10071941194404116],
              [100.14492429299793, -0.10070508794403515],
              [100.1450909809979, -0.10071326394403016],
              [100.14520278499793, -0.10076848894401316],
              [100.14538980599792, -0.10085235394403516],
              [100.14560763999793, -0.10094124794402115],
              [100.1459774049979, -0.10109214094403315],
              [100.1460546329979, -0.10112365594402216],
              [100.14608224399791, -0.10113492394405915],
              [100.14625909899792, -0.10123310594404715],
              [100.1464827089979, -0.10134560394401115],
              [100.1465918059979, -0.10142558394402115],
              [100.14662500699791, -0.10144992394405916],
              [100.1469949839979, -0.10175470194404615],
              [100.1473862609979, -0.10202971794403516],
              [100.14739197199793, -0.10203338894403616],
              [100.14761890599794, -0.10217922194401316],
              [100.14762816799794, -0.10218517294406115],
              [100.14765473099794, -0.10219684394404316],
              [100.1479168279979, -0.10231198894403816],
              [100.1481430859979, -0.10240572294405616],
              [100.14860469799794, -0.10259695994402315],
              [100.1489857499979, -0.10282232594401816],
              [100.14915742299792, -0.10290326994406515],
              [100.14940654099792, -0.10302073194405616],
              [100.14953052799791, -0.10305331594405216],
              [100.14967893599794, -0.10309231694405716],
              [100.1499005109979, -0.10314344894406716],
              [100.15008549499794, -0.10315366994403516],
              [100.15060181799794, -0.10309842094402216],
              [100.15110094799792, -0.10296741294403916],
              [100.15134081399793, -0.10289580994405916],
              [100.15149173099792, -0.10283998794402316],
              [100.15157864299795, -0.10280784094406716],
              [100.15180128999793, -0.10271003294404615],
              [100.15183477099794, -0.10269532494406515],
              [100.15188940999792, -0.10264728394405116],
              [100.15202787699792, -0.10252553594402515],
              [100.1522352109979, -0.10227187694401615],
              [100.15225912799792, -0.10225127394402016],
              [100.15231542099792, -0.10220278394403716],
              [100.15235209299794, -0.10217119494403415],
              [100.15249031899793, -0.10210982194404015],
              [100.15259805599794, -0.10211186294405615],
              [100.15277490899791, -0.10216504194401915],
              [100.15307779799792, -0.10228776494402315],
              [100.15334899099793, -0.10245263094405715],
              [100.15337052199794, -0.10246571994405015],
              [100.1535479889979, -0.10257010994404016],
              [100.15362726699794, -0.10263351994403516],
              [100.15367402499794, -0.10272965994401816],
              [100.15365979899792, -0.10281762094403715],
              [100.15361304799791, -0.10291171794402515],
              [100.1534480079979, -0.10305632694404215],
              [100.1533201349979, -0.10316836994404316],
              [100.15324576999791, -0.10323021294401216],
              [100.15298228899792, -0.10344932594402716],
              [100.15298067099792, -0.10345067094401415],
              [100.1527364889979, -0.10370301694403816],
              [100.15269565199793, -0.10376979994406116],
              [100.15266131799791, -0.10382594994403815],
              [100.15265518399792, -0.10383598194401615],
              [100.15265488399791, -0.10383889994402315],
              [100.1526429899979, -0.10395462494402316],
              [100.15267348599792, -0.10405076694404115],
              [100.15275480399794, -0.10427168594405616],
              [100.1534749689979, -0.10505211594401916],
              [100.15367858899793, -0.10528008094404116],
              [100.15383941699793, -0.10546013594402816],
              [100.15388806599793, -0.10552575494402516],
              [100.15395339599792, -0.10561387194404416],
              [100.15419734699793, -0.10607411694404316],
              [100.15443788299791, -0.10645983894401916],
              [100.15451919599792, -0.10654574894401515],
              [100.15462286999792, -0.10661529594402416],
              [100.15473060799792, -0.10663370094401615],
              [100.15481486099793, -0.10663369794404816],
              [100.15487086999792, -0.10663369594401216],
              [100.1549542129979, -0.10661732894401116],
              [100.1550558489979, -0.10656004894404715],
              [100.1551412219979, -0.10647208594404815],
              [100.15516724099791, -0.10641077394403416],
              [100.15520550899794, -0.10632059694403016],
              [100.15522455899793, -0.10627570694406116],
              [100.15529992999791, -0.10592501394403116],
              [100.15533854199793, -0.10567136194406115],
              [100.15536965299793, -0.10556177194403915],
              [100.15537106199793, -0.10555680794401216],
              [100.15538126499791, -0.10554037794405216],
              [100.15539038099791, -0.10552569994403915],
              [100.15539646999792, -0.10551589594403715],
              [100.15540788699792, -0.10549751294404115],
              [100.15544220499794, -0.10544225294403016],
              [100.1555377449979, -0.10538292794403516],
              [100.15569020199791, -0.10539724094404315],
              [100.15570556199793, -0.10540214094406515],
              [100.15585689199793, -0.10545041994406315],
              [100.1559487439979, -0.10552567894403315],
              [100.15596222299791, -0.10553672294405216],
              [100.15599918999794, -0.10556701194404616],
              [100.15609786299791, -0.10566301994406016],
              [100.1565103729979, -0.10606438594406616],
              [100.15652692699791, -0.10608049194404115],
              [100.15681965599794, -0.10637913594403915],
              [100.1569782179979, -0.10650390894402016],
              [100.15710037999793, -0.10657311594404416],
              [100.1572201229979, -0.10664095294406216],
              [100.1572434779979, -0.10664882994403516],
              [100.1575839929979, -0.10676367294404115],
              [100.15766953799795, -0.10678965994405616],
              [100.15817260299792, -0.10694247794405916],
              [100.15859542699792, -0.10711019994401716],
              [100.15907313599791, -0.10732496594401615],
              [100.15935952499791, -0.10744354394402916],
              [100.15953254999795, -0.10751518494406316],
              [100.15984921299793, -0.10763267294406416],
              [100.15985781699794, -0.10763452394404316],
              [100.1598734459979, -0.10763788694406215],
              [100.16020088499795, -0.10770834494404416],
              [100.1604371179979, -0.10771168394403216],
              [100.16048953999791, -0.10771242494404015],
              [100.16067174399791, -0.10771241794405716],
              [100.1607009469979, -0.10771241694401115],
              [100.16073072999791, -0.10770809994402016],
              [100.16082141699792, -0.10769495494405115],
              [100.16097288699791, -0.10767299994402915],
              [100.16120913699791, -0.10763875694401316],
              [100.16127422199793, -0.10761736794403015],
              [100.1615079489979, -0.10754055794403415],
              [100.16173967699791, -0.10734008294404916],
              [100.16182581999794, -0.10718338894405116],
              [100.16184813799794, -0.10714279294403216],
              [100.16188878899794, -0.10699550894405216],
              [100.16188878299795, -0.10685216694405116],
              [100.16188878099791, -0.10679913394402216],
              [100.16188338299793, -0.10641884894401715],
              [100.16187858999791, -0.10608114194404515],
              [100.16182159199792, -0.10583421794403616],
              [100.16180966599791, -0.10579079194404516],
              [100.16177889699793, -0.10567875494403715],
              [100.16175246699794, -0.10551101894405715],
              [100.16173821899793, -0.10500371994406515],
              [100.1617441399979, -0.10439304394405716],
              [100.16174430399792, -0.10437612994404316],
              [100.16174842399795, -0.10395126994403416],
              [100.16177083099791, -0.10382417794402016],
              [100.1618035169979, -0.10363878094402415],
              [100.16186208599794, -0.10346541094405416],
              [100.16187262399791, -0.10343421994404915],
              [100.16190784499793, -0.10339378194406415],
              [100.16201312499794, -0.10327290994403916],
              [100.1620169449979, -0.10326852394403815],
              [100.16221208599791, -0.10312123594404415],
              [100.1622958999979, -0.10308085794405016],
              [100.16263141399793, -0.10291922094403115],
              [100.1628630709979, -0.10280761794403716],
              [100.16301503299792, -0.10272838094401515],
              [100.16306688099792, -0.10270134594405515],
              [100.1633645639979, -0.10254612594404515],
              [100.16377032099791, -0.10233455294404316],
              [100.16386590399793, -0.10228723294402216],
              [100.1648669209979, -0.10179166394401315],
              [100.16612530999794, -0.10125691094405916],
              [100.16676512499794, -0.10092710894404916],
              [100.16696799299791, -0.10080670594406616],
              [100.1670408159979, -0.10073865294405916],
              [100.1671604539979, -0.10059207994406416],
              [100.16737372299792, -0.10038792194403316],
              [100.16746979199792, -0.10028203394402616],
              [100.16756886899793, -0.10017282994401415],
              [100.16759219199793, -0.10014712294405116],
              [100.1676702129979, -0.10000055294402416],
              [100.16768581399793, -0.09985921794405815],
              [100.16768391699793, -0.09982996094406316],
              [100.16767983199793, -0.09976696694404516],
              [100.1676775339979, -0.09973152894404816],
              [100.16767300699792, -0.09966172094401315],
              [100.16767019999793, -0.09961842594405816],
              [100.16766878499794, -0.09955097794402015],
              [100.16766303099791, -0.09927679894404616],
              [100.16766045999793, -0.09915430994401216],
              [100.16766460099791, -0.09911331694404216],
              [100.1676916599979, -0.09884546594405215],
              [100.16771917199793, -0.09875484794405015],
              [100.16774887399794, -0.09865701994401416],
              [100.16785147799794, -0.09852425894403916],
              [100.16785810699793, -0.09851568194402216],
              [100.16787746299792, -0.09849782594402216],
              [100.16798294899792, -0.09840051494403215],
              [100.16806200899794, -0.09839000494405116],
              [100.16825864499793, -0.09836386394401615],
              [100.16854998499792, -0.09836349494405315],
              [100.16864876399791, -0.09836336994406715],
              [100.1688275559979, -0.09836314394401316],
              [100.16913684599791, -0.09836692794401315],
              [100.16925410799792, -0.09836836194402515],
              [100.16939905599793, -0.09835110394401216],
              [100.1694941809979, -0.09833977794401916],
              [100.16973787699794, -0.09831076394401315],
              [100.1702996719979, -0.09820081894405015],
              [100.17041419499793, -0.09815908794404016],
              [100.17045690899795, -0.09814352294402816],
              [100.17060137599793, -0.09809088094401415],
              [100.17072101399793, -0.09800188994402916],
              [100.17074406799793, -0.09798034594403715],
              [100.17079383699792, -0.09793383694402316],
              [100.17089888699792, -0.09778113194401816],
              [100.17093427999794, -0.09772968294406316],
              [100.1709654859979, -0.09759358294404316],
              [100.1709706779979, -0.09731614794405616],
              [100.1709394599979, -0.09710153194406215],
              [100.1709339019979, -0.09705983994403816],
              [100.1709300369979, -0.09703084394401215],
              [100.17089440399792, -0.09676354794406415],
              [100.17089439599795, -0.09654893094402416],
              [100.1709188089979, -0.09622396194406216],
              [100.17093178199792, -0.09605128394405016],
              [100.17094119299793, -0.09592601194405816],
              [100.17097593399791, -0.09571270794405916],
              [100.1709931989979, -0.09560670094406015],
              [100.1710201449979, -0.09556711594403616],
              [100.17106044499792, -0.09550791294405815],
              [100.1710952499979, -0.09546062894405316],
              [100.17111155699791, -0.09543847394404316],
              [100.1712323519979, -0.09537543894406016],
              [100.1712495629979, -0.09536645894404215],
              [100.17161502699793, -0.09526614494403415],
              [100.17161643999793, -0.09526577194405615],
              [100.17204475599794, -0.09515254694405016],
              [100.1726896969979, -0.09498205694403315],
              [100.17270319599794, -0.09497848794403316],
              [100.1730367379979, -0.09489950194402716],
              [100.17319647899791, -0.09487585694402915],
              [100.17325909799791, -0.09486658794405416],
              [100.17333206699794, -0.09486124494405615],
              [100.17361880099793, -0.09484025094404516],
              [100.1739327229979, -0.09482707694404316],
              [100.17408490599792, -0.09479871294404016],
              [100.17410930399791, -0.09479416594403715],
              [100.17424010299794, -0.09468886094406016],
              [100.17427899999791, -0.09463562394402916],
              [100.1743568369979, -0.09452909194401116],
              [100.17436946399795, -0.09451180994402315],
              [100.17440359699793, -0.09446509294404816],
              [100.17444742099792, -0.09430189994405716],
              [100.17446898899794, -0.09422158594405515],
              [100.1744689819979, -0.09399782294404715],
              [100.17447350599792, -0.09362343694401416],
              [100.17447507399794, -0.09349363994401516],
              [100.1744755029979, -0.09345816094405315],
              [100.17450707299793, -0.09332617894402516],
              [100.17456051099794, -0.09310277194406115],
              [100.17456087099794, -0.09310188294402616],
              [100.17492456899794, -0.09220431194403016],
              [100.1751113399979, -0.09174337894403116],
              [100.17523019999794, -0.09158598794401515],
              [100.17535985099789, -0.09141430894406716],
              [100.17541126399794, -0.09134963594401316],
              [100.17543832899793, -0.09131558894402715],
              [100.17550877599791, -0.09130672494403316],
              [100.1756999299979, -0.09128267294401815],
              [100.17586343199793, -0.09129582994403015],
              [100.17616565099792, -0.09142335494401316],
              [100.17626891999794, -0.09146692994401916],
              [100.1763884439979, -0.09153991994405415],
              [100.1765365639979, -0.09163037194404916],
              [100.1768602559979, -0.09182804194402616],
              [100.17721724799793, -0.09204604594405916],
              [100.17722181799792, -0.09204976494406515],
              [100.17780838199792, -0.09252713094404916],
              [100.17797188899794, -0.09271139994403615],
              [100.17829890499792, -0.09311284294402315],
              [100.17872582999792, -0.09358724694401116],
              [100.17888291599792, -0.09373563494402516],
              [100.1790357729979, -0.09388002694406315],
              [100.17904630199791, -0.09388997294404115],
              [100.17905079899793, -0.09389256794405315],
              [100.17949103399792, -0.09414662594404916],
              [100.1798311209979, -0.09426507694404015],
              [100.18016847799794, -0.09429537594404315],
              [100.18019736499792, -0.09429796994406515],
              [100.1802663829979, -0.09428963294401216],
              [100.18052436599794, -0.09425847194403016],
              [100.18078596499794, -0.09417290694402415],
              [100.1810671809979, -0.09399520494405116],
              [100.18119150799794, -0.09386174494402115],
              [100.18126337499791, -0.09378459894405515],
              [100.18127810099793, -0.09376183594405016],
              [100.18160464699793, -0.09325707994405216],
              [100.18184661499794, -0.09288194294406116],
              [100.1820493499979, -0.09262526794405816],
              [100.18211114799794, -0.09257926394404616],
              [100.1822266409979, -0.09249328794406615],
              [100.18234121699794, -0.09245058094403216],
              [100.1824869059979, -0.09239627694402916],
              [100.18266264499795, -0.09235446994402716],
              [100.18266362899794, -0.09235423594405716],
              [100.18279858299792, -0.09233159794403915],
              [100.18298815999793, -0.09233159194404515],
              [100.18322272399791, -0.09238008494405416],
              [100.18334561099795, -0.09245466794401115],
              [100.1833668409979, -0.09246755294405816],
              [100.18342515899792, -0.09250294694406616],
              [100.18352528999793, -0.09260335994405015],
              [100.1836484089979, -0.09272682494405116],
              [100.18366167799792, -0.09274013194401215],
              [100.1837544429979, -0.09283315794401416],
              [100.18403400399791, -0.09323732594405916],
              [100.18432059599792, -0.09364274594405216],
              [100.18451339499791, -0.09384967694403215],
              [100.18468369799791, -0.09400164194401815],
              [100.18486042699794, -0.09409863894403216],
              [100.18500180799793, -0.09413420094402615],
              [100.1851174819979, -0.09413419694401215],
              [100.1851913839979, -0.09411802794402016],
              [100.18536168099791, -0.09405011994401516],
              [100.18572154999794, -0.09386580294402315],
              [100.1859890329979, -0.09373338594404816],
              [100.18629128499794, -0.09358375694402815],
              [100.18642944799791, -0.09346411694404816],
              [100.18644511999793, -0.09345004394406016],
              [100.1865877229979, -0.09332198794406515],
              [100.18663829899793, -0.09327657094404215],
              [100.18679573999793, -0.09313752994403016],
              [100.18696397499792, -0.09301990594404716],
              [100.18710098499793, -0.09292411294403316],
              [100.18725875299793, -0.09283406494402915],
              [100.18748712499792, -0.09270371794404715],
              [100.18765741999795, -0.09257760894404016],
              [100.18767548799792, -0.09255514694403616],
              [100.18768493699793, -0.09254339994406316],
              [100.1877120409979, -0.09250970594403915],
              [100.18773181099795, -0.09246991694401216],
              [100.18773453399791, -0.09246443594405215],
              [100.18786394099794, -0.09248283794401815],
              [100.18787668699792, -0.09248465194404816],
              [100.1879010119979, -0.09248811094401815],
              [100.18799386699794, -0.09252027494402215],
              [100.1880329259979, -0.09254211094405215],
              [100.18813086799793, -0.09259686194404515],
              [100.18816371299795, -0.09262419894405116],
              [100.18825417199793, -0.09269948794404616],
              [100.1883896529979, -0.09287563894405115],
              [100.1884355239979, -0.09295580494402615],
              [100.1885870299979, -0.09322057994403116],
              [100.1887136609979, -0.09342640794402216],
              [100.18880619599793, -0.09355382494406715],
              [100.18880687499791, -0.09355469094406016],
              [100.18887811899793, -0.09364561194404115],
              [100.1889012619979, -0.09367514594406115],
              [100.18890603899791, -0.09368124194405415],
              [100.18901561999792, -0.09378415494403215],
              [100.18909841299791, -0.09383315994402616],
              [100.18921773199793, -0.09386991094406516],
              [100.1893346149979, -0.09387235794405016],
              [100.18954889999793, -0.09384294594404716],
              [100.1896233199979, -0.09380746994405316],
              [100.18978022799791, -0.09373266894401415],
              [100.1900407749979, -0.09360769194402915],
              [100.19024259299795, -0.09354200894402716],
              [100.19036098599793, -0.09353573494404116],
              [100.1904606899979, -0.09357962494401316],
              [100.19046783699793, -0.09358537894404116],
              [100.19047064599795, -0.09358763994406116],
              [100.19050661099794, -0.09361659094405216],
              [100.1905230039979, -0.09362978694404915],
              [100.1905255839979, -0.09364017194404516],
              [100.1905479329979, -0.09373011494402315],
              [100.19055051599793, -0.09379113794402416],
              [100.19056040699792, -0.09402482994401816],
              [100.19049811399793, -0.09470205194405415],
              [100.1904981219979, -0.09492779194401615],
              [100.1905140269979, -0.09501694394406016],
              [100.19054175099791, -0.09517234294405316],
              [100.19058350199793, -0.09536662594403815],
              [100.19059160899792, -0.09540434994401915],
              [100.19064750199794, -0.09559649494404715],
              [100.1906663939979, -0.09566144094405615],
              [100.1906916349979, -0.09569563094406415],
              [100.1908284149979, -0.09588090294401716],
              [100.19114092299793, -0.09621349994402816],
              [100.1911524559979, -0.09622577394405615],
              [100.19121001399793, -0.09627055594403115],
              [100.19158402899791, -0.09656154794406316],
              [100.1918769119979, -0.09690014794402615],
              [100.1918949769979, -0.09693090994402116],
              [100.19211688499792, -0.09730877994404316],
              [100.19220095999793, -0.09745194394405116],
              [100.19241343499795, -0.09785642294404816],
              [100.19243153299794, -0.09789087394402415],
              [100.19252349599793, -0.09804509694406216],
              [100.19259978899794, -0.09817304294402615],
              [100.19276534699793, -0.09834282494402616],
              [100.19289504599794, -0.09847583194401516],
              [100.1929481389979, -0.09853027894403915],
              [100.1931580199979, -0.09868763294404916],
              [100.19317089999794, -0.09869728994401315],
              [100.1931896029979, -0.09870669994403115],
              [100.19330730999792, -0.09876591894406815],
              [100.19334561099794, -0.09878518794401715],
              [100.19340478999794, -0.09880076194404816],
              [100.19362951799792, -0.09885989894404215],
              [100.19397893899793, -0.09893020894405416],
              [100.19421476599791, -0.09896184194404616],
              [100.19424100399794, -0.09896536194405316],
              [100.19427051299795, -0.09896622194405316],
              [100.19454237999793, -0.09897414194402615],
              [100.19458356299793, -0.09897364694403216],
              [100.19490926899795, -0.09896973294404215],
              [100.19530236499793, -0.09899169494404715],
              [100.19545960599794, -0.09905761794401216],
              [100.19546106399793, -0.09905848294401616],
              [100.19570420499792, -0.09920265194402615],
              [100.19583259699795, -0.09932721194404316],
              [100.19586305899793, -0.09944980594404716],
              [100.1958675439979, -0.09946785794402016],
              [100.19586755099795, -0.09963048294405015],
              [100.19585514799792, -0.09974867794402116],
              [100.19580205599794, -0.10025460794405215],
              [100.19577904799792, -0.10079678194402715],
              [100.1957797269979, -0.10084448094401915],
              [100.19578508699794, -0.10122101294403715],
              [100.19578605399795, -0.10128895194405615],
              [100.1957915089979, -0.10135273494402916],
              [100.19582952599791, -0.10179727194405115],
              [100.1958419749979, -0.10194283394405115],
              [100.19587020299792, -0.10219741394404015],
              [100.19593309199792, -0.10235912494401615],
              [100.1959628229979, -0.10237308494406215],
              [100.19603789799794, -0.10240833694403716],
              [100.19605253699791, -0.10241136894403316],
              [100.19605494199794, -0.10242203794403816],
              [100.19620791899791, -0.10268108394403416],
              [100.19635770099791, -0.10303988594402816],
              [100.19643947099792, -0.10315380394403915],
              [100.19663789099792, -0.10338811894403915],
              [100.1968378769979, -0.10349113494406516],
              [100.1969472269979, -0.10351094294405516],
              [100.19705097799795, -0.10347323094406116],
              [100.19716721999794, -0.10339199694401216],
              [100.19722542599794, -0.10330525694404015],
              [100.19727960399791, -0.10319826994405916],
              [100.1973122099979, -0.10307786194401515],
              [100.19733190699793, -0.10291936394405315],
              [100.1973526739979, -0.10281778594405516],
              [100.19738320799792, -0.10270683694402316],
              [100.1973969969979, -0.10260876594405516],
              [100.19740986899791, -0.10252896894404316],
              [100.19745419699791, -0.10243981294404116],
              [100.19754013699793, -0.10228384294406116],
              [100.19759234599792, -0.10217388394401916],
              [100.1976741079979, -0.10209859494402415],
              [100.19775390299793, -0.10207085294403816],
              [100.19784453599794, -0.10209066294406416],
              [100.19792630299793, -0.10213028394404916],
              [100.19801175999794, -0.10222413694405916],
              [100.19810675099791, -0.10242957894404016],
              [100.19826036899792, -0.10284579894401716],
              [100.1982948409979, -0.10316143994406016],
              [100.1982721419979, -0.10371079694401415],
              [100.1982754159979, -0.10409759794406216],
              [100.19830014399793, -0.10428954994402816],
              [100.1983341119979, -0.10455323294404216],
              [100.19843204699794, -0.10479765194405416],
              [100.19885288699794, -0.10550762594401415],
              [100.1991104319979, -0.10595014194403515],
              [100.19943030399793, -0.10640435494404715],
              [100.19970414699793, -0.10683375894403516],
              [100.19971457999793, -0.10765409194401315],
              [100.20056485699791, -0.10948000794404315],
              [100.20185477399792, -0.11183473094403916],
              [100.2018560389979, -0.11183255394404015],
              [100.20292166299787, -0.10999895294405315],
              [100.20282688499793, -0.10869486794403815],
              [100.20244024199792, -0.10786209294404615],
              [100.20215474599792, -0.10724717494404916],
              [100.20215474299795, -0.10724712594405615],
              [100.20214293599793, -0.10702345694402016],
              [100.20214281399791, -0.10702115094402116],
              [100.20211816899791, -0.10655429694405416],
              [100.20204682999793, -0.10520292494408716],
              [100.20202963099791, -0.10434903994404016],
              [100.2020042399979, -0.10308840694402516],
              [100.20200182999793, -0.10296873094402816],
              [100.20210060699793, -0.10153956394405815],
              [100.20156141299793, -0.09830136794401816],
              [100.20269162899791, -0.09754051794401115],
              [100.20307980199794, -0.09727920294402316],
              [100.20372660699792, -0.09475553594403116],
              [100.2039297059979, -0.09383674294404916],
              [100.20436444099795, -0.09187006394402916],
              [100.20423855199795, -0.08890320294402415],
              [100.20742805199791, -0.08671414694406115],
              [100.20871285699792, -0.08573720294406016],
              [100.2092198289979, -0.08440748794406215],
              [100.2094491239979, -0.08380607894405015],
              [100.20954357099794, -0.08355835794405615],
              [100.20978194099791, -0.08293314694405715],
              [100.21089596899793, -0.08020142494403616],
              [100.21151398799793, -0.07734278694401515],
              [100.21163397099792, -0.07678780694401116],
              [100.21194091999791, -0.07536802194401515],
              [100.2123080219979, -0.07434305794406315],
              [100.2124728379979, -0.07375877394405016],
              [100.21264000399793, -0.07326841394403516],
              [100.2126911939979, -0.07293564794405015],
              [100.2126955689979, -0.07283532494402316],
              [100.21269932999792, -0.07274084494405016],
              [100.2127957219979, -0.07031924294402316],
              [100.21280331299795, -0.07007651394404515],
              [100.21293508599791, -0.07008223894403916],
              [100.2130682709979, -0.07008223394403515],
              [100.2131563079979, -0.07007996294406416],
              [100.21325563099793, -0.07007315094402615],
              [100.2133843019979, -0.07007768694403216],
              [100.21350168499794, -0.07011400294406615],
              [100.21366647499792, -0.07013669794405115],
              [100.21380417099795, -0.07008675594401816],
              [100.21398097499792, -0.06993157894406415],
              [100.21409383999793, -0.06982034994403816],
              [100.2141773599979, -0.06973636094402015],
              [100.21427216899792, -0.06967052994404815],
              [100.21439180599793, -0.06960242994402716],
              [100.21447758699793, -0.06958653794406215],
              [100.21460174099792, -0.06960469394401515],
              [100.21471686799794, -0.06963646994402915],
              [100.21497758799791, -0.06971140394402615],
              [100.21512431799795, -0.06976133694404016],
              [100.21521606799791, -0.06980128394404515],
              [100.21531353399791, -0.06981085494406615],
              [100.21542684499792, -0.06982317794403016],
              [100.21552510599793, -0.06981084994406216],
              [100.2156178169979, -0.06980366794401516],
              [100.2156593129979, -0.06976586394402816],
              [100.2157067159979, -0.06970684494403616],
              [100.2157496029979, -0.06960015794406615],
              [100.2157883139979, -0.06954364994406616],
              [100.21581957899792, -0.06949800994401316],
              [100.21595167599793, -0.06941767794403116],
              [100.21619998199793, -0.06927693694403515],
              [100.21640539999794, -0.06920429394402515],
              [100.21652278199792, -0.06917932294406616],
              [100.21668079799792, -0.06920428694404315],
              [100.21682978399792, -0.06923152294403716],
              [100.21695168299794, -0.06923378894406115],
              [100.21708144499792, -0.06916785794406616],
              [100.2171943119979, -0.06911791694402315],
              [100.21731846699794, -0.06909748394404816],
              [100.21748776999794, -0.06914514794401315],
              [100.2177789729979, -0.06926544594402616],
              [100.21818981499791, -0.06934942194401116],
              [100.21839974899791, -0.06934487694404416],
              [100.21861419799791, -0.06932444094404415],
              [100.21873979399794, -0.06926925694402515],
              [100.21887523399795, -0.06917618794402315],
              [100.2190039009979, -0.06905133894405016],
              [100.21916446199793, -0.06890046494406515],
              [100.2192928379979, -0.06882887994406416],
              [100.21937861599793, -0.06880163894406616],
              [100.2194914839979, -0.06878347694406316],
              [100.21972203799794, -0.06879831194406416],
              [100.22082635499794, -0.06897410494404715],
              [100.22305484099792, -0.06909031494403416],
              [100.22417943599794, -0.06922691294401816],
              [100.22599425699792, -0.06944734794403516],
              [100.22634453899792, -0.06947702494402115],
              [100.22722374699794, -0.06955151294401715],
              [100.22885490199792, -0.07076892894404815],
              [100.22974000599794, -0.07146534694406616],
              [100.22985045299794, -0.07155347194405716],
              [100.2308895679979, -0.07238256794401815],
              [100.23317523399794, -0.07370877694403116],
              [100.23380355399792, -0.07408046994406416],
              [100.23443665499792, -0.07445499094403416],
              [100.23468865799794, -0.07460406794403715],
              [100.23497765299794, -0.07476134294402915],
              [100.23522522399793, -0.07489891794402616],
              [100.23527915699793, -0.07492422494401316],
              [100.23534387999791, -0.07496218694403516],
              [100.2353978139979, -0.07496218594404516],
              [100.23545174699791, -0.07494048994401216],
              [100.23550028699793, -0.07493687294406516],
              [100.2355668059979, -0.07496760394404615],
              [100.23573939599794, -0.07499833094401216],
              [100.23594793999791, -0.07499470994405015],
              [100.23609356099792, -0.07497662694406415],
              [100.2361870459979, -0.07496216294406116],
              [100.23627873399795, -0.07499650794402116],
              [100.23637819799791, -0.07508241594403815],
              [100.23644831399793, -0.07516376594405516],
              [100.23649865599793, -0.07527042394404716],
              [100.23657955999795, -0.07539154394406515],
              [100.23670900299794, -0.07548554594403316],
              [100.23693912499795, -0.07562654594401816],
              [100.23710057599794, -0.07568548194403515],
              [100.23724147899793, -0.07573506694403416],
              [100.2374540069979, -0.07580118094402616],
              [100.23758786299794, -0.07582479094405416],
              [100.23776571999792, -0.07579857594406315],
              [100.23790779399792, -0.07572772994403415],
              [100.23804399599794, -0.07564743794402816],
              [100.23816962899792, -0.07554117094404916],
              [100.23830367599794, -0.07536528094401215],
              [100.23836445699794, -0.07526372294402915],
              [100.23850098299795, -0.07513489294403515],
              [100.2385849949979, -0.07509738994404816],
              [100.23868031299793, -0.07508660494401916],
              [100.23879588699793, -0.07511056294406115],
              [100.23886737599793, -0.07515129594405316],
              [100.23890431499791, -0.07523875794406315],
              [100.23896150799794, -0.07532142494402215],
              [100.23904372199792, -0.07537773294403416],
              [100.23910806199791, -0.07538372194402115],
              [100.23913746699793, -0.07536449194405716],
              [100.23923461199792, -0.07527412894403115],
              [100.23936818499794, -0.07520818794402816],
              [100.23953818999792, -0.07517399294401615],
              [100.2396814799979, -0.07514468394406015],
              [100.23980776799795, -0.07510804694406616],
              [100.23997534199793, -0.07502012494403215],
              [100.24008705699794, -0.07490778294406615],
              [100.24021091399794, -0.07477101894402016],
              [100.2403846189979, -0.07457431694403716],
              [100.24043122299793, -0.07450662094406416],
              [100.24048818199793, -0.07436255294406616],
              [100.2405313299979, -0.07418724094405615],
              [100.2405884299979, -0.07398336794402416],
              [100.24065591799791, -0.07372098594406416],
              [100.24101305699793, -0.07377333194402516],
              [100.2411188459979, -0.07378714394404516],
              [100.24127888599793, -0.07380803994401215],
              [100.24132894499792, -0.07385490294403516],
              [100.2414311539979, -0.07392631294406715],
              [100.24151089999793, -0.07396208694403615],
              [100.24157101699791, -0.07397071994402915],
              [100.2416716169979, -0.07394851194406715],
              [100.24185073799794, -0.07394233894403615],
              [100.24195782699792, -0.07395733694401915],
              [100.24204984299791, -0.07402518594402316],
              [100.24212222899791, -0.07405109194404215],
              [100.24222096599794, -0.07404591194402615],
              [100.2424970059979, -0.07398792094402015],
              [100.24258165899795, -0.07398421694402615],
              [100.24294533599794, -0.07405358494405316],
              [100.24323487599793, -0.07416090694401616],
              [100.24332873999793, -0.07421378994403915],
              [100.24342877399795, -0.07434957994404115],
              [100.2435288089979, -0.07447782494402616],
              [100.24361883699794, -0.07451302794406416],
              [100.2437438759979, -0.07450799494402816],
              [100.24392642999794, -0.07446021094402516],
              [100.24406897199793, -0.07439985394403016],
              [100.24424247899793, -0.07428125194404316],
              [100.2443400069979, -0.07425358794402816],
              [100.2444100279979, -0.07425358594404916],
              [100.24457257999791, -0.07429381594401716],
              [100.24464760199794, -0.07429381394403815],
              [100.24471762299794, -0.07426866494402916],
              [100.24479014299794, -0.07418567894403316],
              [100.24504826599792, -0.07396544794401916],
              [100.24516829999794, -0.07384473994402216],
              [100.24536335699793, -0.07375923594405216],
              [100.24551340099794, -0.07371648194406116],
              [100.2456559449979, -0.07372402194401716],
              [100.2458460019979, -0.07369635494403316],
              [100.24604855999792, -0.07355301394402115],
              [100.24624682699795, -0.07332223994403315],
              [100.24641504599794, -0.07313288894401615],
              [100.24645568299792, -0.07301806494403716],
              [100.2478075549979, -0.06919820894403016],
              [100.24831933999792, -0.06787635794403016],
              [100.24846098099795, -0.06748675494405616],
              [100.24907054299791, -0.06581006594403516],
              [100.2494336569979, -0.06481126894401215],
              [100.25006716499792, -0.06357386594406515],
              [100.25038266499791, -0.06295761494401116],
              [100.2515179809979, -0.060478594944058155],
              [100.25207800999794, -0.05923006694403916],
              [100.25259421999795, -0.05807922894403816],
              [100.2532069969979, -0.056562012944013154],
              [100.2534574589979, -0.05620730094402416],
              [100.25370149399794, -0.055724093944022154],
              [100.25408399899794, -0.05496670594401116],
              [100.25496534899793, -0.05315906594403016],
              [100.25547102199795, -0.05221125794405215],
              [100.2558688779979, -0.05137094994402916],
              [100.25618485899793, -0.050703569944048156],
              [100.25651108099794, -0.05000613094402716],
              [100.2566920249979, -0.049666935944046156],
              [100.2569004649979, -0.049219253944031156],
              [100.2572319279979, -0.048511768944067155],
              [100.2573843389979, -0.048160564944041154],
              [100.25771733499795, -0.047395698944044155],
              [100.25789328799794, -0.04699154994402516],
              [100.25830457899792, -0.04606302594406515],
              [100.2585615899979, -0.04549971994406116],
              [100.25864970199791, -0.04532068294405216],
              [100.25876836199791, -0.045136066944039155],
              [100.25902584899791, -0.04454291994402115],
              [100.25941399799791, -0.04370101094404816],
              [100.25990713499795, -0.042634568944024155],
              [100.2602578619979, -0.041870911944031156],
              [100.26027697499791, -0.04182929694404416],
              [100.26070275299793, -0.040869218944053154],
              [100.26090631199793, -0.040428151944056155],
              [100.26106046199794, -0.040094142944028154],
              [100.26117278799791, -0.03982803894403716],
              [100.26122675099793, -0.039708083944035154],
              [100.26124787899795, -0.03963844394404216],
              [100.2613152919979, -0.039611879944047156],
              [100.26139006299792, -0.03958241494403616],
              [100.2614528399979, -0.039517570944028156],
              [100.2614954429979, -0.03946330494402116],
              [100.26155366699794, -0.03941617994404115],
              [100.2616005299979, -0.039350490944045156],
              [100.26164620499793, -0.03927970294402915],
              [100.26168880699794, -0.03923114994402915],
              [100.26177401299793, -0.039144038944059156],
              [100.26183081799792, -0.039072636944056154],
              [100.26196014499794, -0.03884919194403816],
              [100.26208938999793, -0.03861261894404316],
              [100.26216341099791, -0.038477128944052155],
              [100.26221169399793, -0.03835288994405016],
              [100.26224719499794, -0.038281486944058155],
              [100.26229853399792, -0.038206425944040154],
              [100.26235249699795, -0.038087897944066154],
              [100.2624448019979, -0.037910822944056156],
              [100.26253735299792, -0.03779291494406316],
              [100.26265806099792, -0.03760298694406616],
              [100.26279026599792, -0.03743085494402015],
              [100.26289677399791, -0.037290906944051155],
              [100.26294363699793, -0.037202367944061156],
              [100.26299882399792, -0.037027808944046156],
              [100.26307148499791, -0.036829710944047155],
              [100.26313132899793, -0.036523712944060156],
              [100.26316685199794, -0.03642953494402015],
              [100.26320721999792, -0.03633698094402816],
              [100.2632104469979, -0.03621357594401815],
              [100.26322019999793, -0.036150609944045155],
              [100.26326056899791, -0.036071045944013155],
              [100.26325138099793, -0.03596610294401616],
              [100.26326863899794, -0.03583235494402016],
              [100.26324441299795, -0.03556996194406316],
              [100.26323956699792, -0.035441686944054154],
              [100.26326055699792, -0.03531503394405915],
              [100.26334061599795, -0.035031760944022154],
              [100.2633830779979, -0.034852879944012156],
              [100.26344182499793, -0.03473859694405216],
              [100.26353539899793, -0.034559812944039155],
              [100.2642430179979, -0.03350891394403316],
              [100.26478160499789, -0.032709047944067156],
              [100.2650144409979, -0.032363257944027155],
              [100.26501444499792, -0.03236322094402016],
              [100.2646557419979, -0.031731467944027154],
              [100.26465503099791, -0.031730214944034156],
              [100.26464467099794, -0.03171196894406616],
              [100.26470081099791, -0.03136722194402316],
              [100.26472354099792, -0.031227641944028155],
              [100.26475895599793, -0.031010164944050157],
              [100.26482891199794, -0.030580571944014156],
              [100.26485366899794, -0.030428543944012156],
              [100.26492446499793, -0.029993796944026156],
              [100.26497831399791, -0.029663115944046158],
              [100.2650167629979, -0.029427008944012158],
              [100.26502934699795, -0.029349731944066156],
              [100.26503945899793, -0.029287635944044155],
              [100.26510160599793, -0.028905998944012155],
              [100.26512114999792, -0.028785982944029155],
              [100.2651885549979, -0.028372057944054157],
              [100.26523325599794, -0.028097554944040155],
              [100.2652333079979, -0.028097237944038157],
              [100.2654979759979, -0.026471953944039155],
              [100.26562825999792, -0.025671897944036157],
              [100.2657644659979, -0.024835480944020157],
              [100.2663242739979, -0.020058341944022156],
              [100.26623668799795, -0.020002146944066157],
              [100.26921488899791, -0.017733013944038156],
              [100.27404222699795, -0.016029930944043157],
              [100.27673481099794, -0.013377263944036157],
              [100.28032000999792, -0.010918822944049156],
              [100.2830060809979, -0.009568972944052156],
              [100.28303463999794, -0.009554620944058156],
              [100.28342214599792, -0.009359884944032157],
              [100.2853790239979, -0.008376480944022156],
              [100.29040334999792, -0.0017243789440471564],
              [100.29486996599792, 0.0005814520559538437],
              [100.2967644449979, 0.0015594520559858438],
              [100.29946759199794, 0.002954915055979844],
              [100.30565335899792, 0.0076645190559498436],
              [100.30960563299794, 0.009863038055939844],
              [100.31166578299792, 0.011252406055987846],
              [100.31286864599792, 0.012063618055961844],
              [100.31334777399792, 0.012386742055937844],
              [100.3165087679979, 0.014350848055940842],
              [100.31652466599792, 0.014360726055954842],
              [100.3165299459979, 0.014364007055987844],
              [100.32193113899791, 0.017720075055912842],
              [100.32568080799791, 0.020081966055968844],
              [100.3297366949979, 0.022636743055968845],
              [100.33132671699792, 0.023607948055953842],
              [100.34001444099795, 0.028914519055959848],
              [100.34314078399791, 0.030818831055981842],
              [100.34432161299793, 0.03153809605596784],
              [100.34439800299793, 0.031584626055987844],
              [100.34440946199794, 0.031591606055954846],
              [100.3485422529979, 0.034108964055988844],
              [100.34826444099792, 0.039414519055938846],
              [100.3495369939979, 0.04089555905598284],
              [100.35186504699794, 0.04360502505598184],
              [100.35186886099791, 0.04360946405593284],
              [100.35303295699794, 0.04496427805595685],
              [100.35318114299793, 0.04513674205595884],
              [100.35082955299794, 0.04513674205595884],
              [100.34998655099793, 0.04513674205595884],
              [100.34548111199791, 0.04513674205595884],
              [100.34420891899794, 0.04513674205595884],
              [100.34396060299792, 0.045088698055976845],
              [100.34309377299792, 0.04492098605597084],
              [100.3425016689979, 0.04460542105597684],
              [100.34247804799793, 0.04459455005594784],
              [100.34211408499795, 0.04442705405598684],
              [100.3420000469979, 0.044374574055964844],
              [100.34186135099793, 0.04431074605595584],
              [100.34128263299795, 0.04404441905593584],
              [100.3405512149979, 0.043939240055933845],
              [100.33942287399793, 0.044040627055963844],
              [100.3383533909979, 0.04356167405593685],
              [100.33828506699791, 0.04353107605596984],
              [100.3382707219979, 0.043524652055978844],
              [100.3382623959979, 0.04352092305596485],
              [100.33640947399795, 0.04574625405594184],
              [100.33609435199793, 0.046124711055952845],
              [100.33496845899793, 0.04723566605595384],
              [100.33392255199794, 0.048468527055959845],
              [100.33298395499793, 0.04879927105595484],
              [100.3325423209979, 0.04895489505595684],
              [100.33196447699794, 0.049158516055981843],
              [100.32981060099792, 0.050341331055974846],
              [100.32965662399795, 0.05093929605597185],
              [100.32916948799794, 0.05283107905593484],
              [100.3291253249979, 0.053002584055959846],
              [100.32925527499793, 0.05413619205593485],
              [100.32930217699794, 0.05454533805597384],
              [100.3294190939979, 0.055565251055966845],
              [100.32947981299793, 0.055771557055961846],
              [100.33012291799793, 0.05795666205598585],
              [100.32917113799795, 0.05942095705593384],
              [100.32853806499793, 0.06039492705595284],
              [100.32831457199791, 0.060802348055986846],
              [100.32793054999792, 0.06150240905596184],
              [100.32781663599792, 0.06171007105594084],
              [100.32768265499794, 0.062113684055944834],
              [100.32748069299794, 0.06272208405597685],
              [100.32747409999791, 0.06274141805597784],
              [100.32718163799791, 0.06359902805594685],
              [100.32713796799794, 0.06372708605597685],
              [100.32629580299795, 0.06619663105597384],
              [100.32481067699791, 0.06821556505595085],
              [100.3241416279979, 0.06912509405596284],
              [100.32371423999791, 0.07001444205594984],
              [100.32219792899792, 0.07316971905596885],
              [100.3216435639979, 0.07432329205597885],
              [100.32121092299792, 0.07522357005593984],
              [100.32031487399792, 0.07744598005594085],
              [100.3203145319979, 0.07744682905594384],
              [100.31943771699792, 0.08143991205595584],
              [100.31905493099794, 0.08318314605595885],
              [100.31777866699792, 0.08309334205598884],
              [100.31737755999791, 0.08306511805598385],
              [100.31650257899793, 0.08339486305597184],
              [100.3155523789979, 0.08375295405598185],
              [100.31554695299792, 0.08514095705596984],
              [100.3155464169979, 0.08527814505596584],
              [100.31554303299794, 0.08614363505593284],
              [100.31554146599791, 0.08654453505597784],
              [100.3155397849979, 0.08697446905598884],
              [100.31553878299792, 0.08723066905595585],
              [100.31553769099793, 0.08751007905597384],
              [100.3155518779979, 0.08753517305593984],
              [100.31565098299791, 0.08771047005593885],
              [100.31597053199795, 0.08827568905594785],
              [100.31608011499793, 0.08846951905594884],
              [100.31648686599794, 0.08918898105595484],
              [100.31658861599794, 0.08936895605593484],
              [100.31688560999794, 0.08989428005595784],
              [100.31701336699791, 0.09012025705597185],
              [100.31703828599791, 0.09016433405595585],
              [100.31743801199792, 0.09087137005594985],
              [100.31755011199795, 0.09095883905594385],
              [100.31928345899792, 0.09231132105595885],
              [100.31943389499793, 0.09242870205595484],
              [100.32178371599792, 0.09508986105596784],
              [100.32354605399792, 0.09637113205594984],
              [100.32408667699792, 0.09729299005597584],
              [100.3244273339979, 0.09982085805593484],
              [100.3244484149979, 0.10007471605594284],
              [100.32453011299793, 0.10105850605596384],
              [100.32453392599791, 0.10110441905597184],
              [100.3245589049979, 0.10140522105594084],
              [100.32460963099794, 0.10201605605597285],
              [100.32461000499791, 0.10202222905594785],
              [100.32462106299795, 0.10220472005597984],
              [100.32466965499793, 0.10300659805598385],
              [100.32467545399794, 0.10310228805595084],
              [100.32471146999791, 0.10369664205593684],
              [100.3247168189979, 0.10378492005595784],
              [100.32475572499794, 0.10442696305598484],
              [100.32476293399793, 0.10454592405598384],
              [100.32480574699792, 0.10525245405598585],
              [100.32444462799793, 0.10603702105596785],
              [100.32400041299792, 0.10700212205598784],
              [100.32392940599794, 0.10715639105593784],
              [100.32377167999795, 0.10749906705593984],
              [100.32295628499793, 0.10877091505598484],
              [100.32243367399792, 0.10958608005593384],
              [100.32228907799794, 0.10993567505597884],
              [100.32185367699793, 0.11098835905598084],
              [100.3217843789979, 0.11115590405593384],
              [100.32157169699792, 0.11248850405594585],
              [100.32025669699794, 0.11389510105597385],
              [100.3202752019979, 0.11452419105593484],
              [100.32031305199791, 0.11581095305594184],
              [100.3203166379979, 0.11593285605597685],
              [100.32032095799792, 0.11607971405597084],
              [100.32033067399794, 0.11641006105595884],
              [100.32038518199795, 0.11687921305595285],
              [100.32040776399793, 0.11707357905596884],
              [100.32044485299792, 0.11739280505595684],
              [100.3205278089979, 0.11810681205595584],
              [100.32058530799793, 0.11860170005594785],
              [100.32058569899795, 0.11860506905595984],
              [100.32058569899795, 0.11860525705596084],
              [100.3205837629979, 0.11994696805596984],
              [100.32066453099793, 0.12029892005598684],
              [100.32141177399791, 0.12036508405596186],
              [100.3218436019979, 0.12040332005598486],
              [100.32315548399794, 0.12051948005593283],
              [100.3233689519979, 0.12071926505593883],
              [100.32421216899792, 0.12184063805598583],
              [100.32433041499792, 0.12199789105598285],
              [100.3253095379979, 0.12347631005594883],
              [100.32628865099792, 0.12475760005595785],
              [100.32658245499795, 0.12653174505597084],
              [100.32696309899791, 0.12885947205593584],
              [100.32682130999791, 0.13211089205596285],
              [100.32668305499794, 0.13528127305598084],
              [100.32660416499795, 0.13709032305594385],
              [100.32694676899791, 0.13934957305595183],
              [100.32755808499792, 0.14338081405595884],
              [100.3276366759979, 0.14389906905593383],
              [100.32762771599795, 0.14437509905594983],
              [100.3276200989979, 0.14477978205594885],
              [100.32757422499793, 0.14721693905597985],
              [100.3275486429979, 0.14857603805593583],
              [100.32778250699795, 0.14948358705596784],
              [100.32788543199791, 0.14988300605598684],
              [100.3284018959979, 0.15192380005596784],
              [100.32984289899792, 0.15183130505597783],
              [100.3304285999979, 0.15179371005594083],
              [100.33089168099792, 0.15176398705598584],
              [100.33379247599794, 0.15156167205596185],
              [100.3353954089979, 0.15353786205595585],
              [100.3361493579979, 0.15478465705594185],
              [100.3367662159979, 0.15580474805598485],
              [100.33864442699792, 0.15825454205595685],
              [100.3420534529979, 0.16191536905593285],
              [100.34343452199795, 0.16280111305594885],
              [100.34391833699794, 0.16311140705597885],
              [100.3456525719979, 0.16422365305596984],
              [100.34939666599792, 0.16773012805596485],
              [100.35148301099792, 0.16976296505596583],
              [100.35248106799793, 0.17073542605596984],
              [100.35146147999791, 0.17169455205596784],
              [100.35045400999792, 0.17264227905594984],
              [100.3500966889979, 0.17297841105597883],
              [100.34999123899792, 0.17307760805597686],
              [100.35030480999791, 0.17359456605596785],
              [100.35075534599792, 0.17433732505595884],
              [100.35128461199793, 0.17544422905594084],
              [100.35164905699793, 0.17620642905593784],
              [100.35291722599794, 0.17853630805593884],
              [100.35320040499795, 0.17905656505594483],
              [100.35213912199794, 0.18359865205594883],
              [100.35204179599793, 0.18403931205598684],
              [100.35122451699795, 0.18773970005595683],
              [100.35085202499795, 0.18827448105595584],
              [100.3479299209979, 0.19246969705598385],
              [100.34703561599792, 0.19501807105594085],
              [100.34673300999793, 0.19588036505594184],
              [100.3458937299979, 0.19684290805595583],
              [100.34487865299792, 0.19800707005596485],
              [100.34527978199793, 0.19958117805596484],
              [100.34543576699792, 0.20019329505596783],
              [100.34661729599793, 0.20482984605594384],
              [100.34673377999792, 0.20528695305598885],
              [100.3443804459979, 0.20483003205596584],
              [100.34252284799794, 0.20446936205594585],
              [100.34202042799791, 0.20437181305597085],
              [100.33819605599791, 0.20362927805594183],
              [100.33896973499793, 0.20683472205594483],
              [100.33914957899793, 0.20757983705597385],
              [100.3393541779979, 0.20842751405594084],
              [100.33990615599794, 0.21071442305596083],
              [100.3391311879979, 0.21211254305593785],
              [100.33587174899793, 0.21799289805598185],
              [100.33559434799793, 0.21849335605595885],
              [100.33536471799795, 0.22132843505597985],
              [100.3348763979979, 0.22735736305595786],
              [100.3347621399979, 0.22974919305597985],
              [100.33471606799793, 0.23071363405598785],
              [100.33471620999791, 0.23223205605593483],
              [100.33471628899792, 0.23307917305596984],
              [100.33451792199793, 0.23694492705597284],
              [100.3346022759979, 0.23902254205593484],
              [100.33471713099794, 0.24185138205594084],
              [100.33470683299794, 0.24413782505594384],
              [100.33470453999792, 0.24464703505596183],
              [100.33469849199793, 0.24598975005598284],
              [100.33305332599792, 0.24776539905594985],
              [100.33227473599794, 0.25008949305596684],
              [100.33305578899791, 0.2538591330559398],
              [100.33323571599794, 0.25472752605595883],
              [100.33326188799793, 0.25485384305598285],
              [100.3324667859979, 0.25653767605594185],
              [100.3314879059979, 0.2582133710559588],
              [100.33086688899795, 0.25900545705594885],
              [100.33001951899791, 0.2600862480559418],
              [100.32912983899791, 0.26227105805595885],
              [100.32757232699794, 0.26432477805595084],
              [100.32712385299794, 0.26522800205596286],
              [100.32698501799791, 0.26550761405594886],
              [100.32667591399792, 0.26609555905595483],
              [100.32610404599791, 0.2671833060559408],
              [100.32463844199793, 0.2698692340559458],
              [100.32429908199794, 0.27012169205597986],
              [100.32228619799793, 0.2716191290559348],
              [100.31967066499794, 0.27341507305597185],
              [100.3191406609979, 0.2738809080559718],
              [100.3190346379979, 0.27397409505597686],
              [100.31849946299792, 0.27404868205594785],
              [100.31824565099794, 0.27408405505595085],
              [100.31697569599794, 0.2740841060559798],
              [100.31692755399791, 0.2740825540559658],
              [100.31639695499791, 0.2740654530559398],
              [100.3163856849979, 0.27406509005596985],
              [100.3163849319979, 0.27406510005597784],
              [100.31638163399793, 0.27406514505595686],
              [100.31581701299791, 0.2740728400559788],
              [100.31550152299792, 0.27439517005593883],
              [100.31547872999795, 0.27483286405596585],
              [100.31547301099795, 0.2749426950559408],
              [100.31546972799794, 0.27500574505593484],
              [100.31546367099793, 0.2751220560559348],
              [100.31607499699794, 0.27622963805596584],
              [100.31607965799793, 0.2762380830559578],
              [100.31694266599794, 0.27823008305598784],
              [100.31694329799791, 0.27823401105594286],
              [100.3171342909979, 0.27942047005593884],
              [100.31718656199791, 0.27974517905597884],
              [100.3172958059979, 0.28042381305597486],
              [100.31733368699793, 0.28065912905596285],
              [100.3173916329979, 0.28101909405593484],
              [100.3177866669979, 0.28313711505593586],
              [100.3180936909979, 0.28394607205593986],
              [100.3186696659979, 0.2849731160559518],
              [100.31914197199791, 0.28544770105595785],
              [100.31948268799795, 0.2857900620559378],
              [100.3195386199979, 0.2861578580559718],
              [100.31958366699791, 0.28645408205598283],
              [100.31943866699794, 0.2869610520559858],
              [100.31913166599793, 0.28700503705597685],
              [100.31895564399792, 0.28702703205597385],
              [100.31862566999791, 0.28701504405593387],
              [100.31824066399793, 0.2871080510559668],
              [100.31712267099795, 0.28724807705596284],
              [100.31626865499794, 0.28752010105593184],
              [100.31590262599792, 0.28771909105593385],
              [100.31501862699793, 0.28881403805594585],
              [100.3145576909979, 0.28962109605596686],
              [100.31448861699795, 0.28975902705595086],
              [100.3135806659979, 0.29157207305594585],
              [100.31377002699793, 0.29227007505591285],
              [100.31298167699794, 0.29272007105596787],
              [100.3126608479979, 0.29318999805595086],
              [100.31200266599791, 0.29415405805595185],
              [100.31161038699793, 0.29506177005596584],
              [100.31062002599793, 0.29735340805594085],
              [100.30900868199791, 0.29922803905596185],
              [100.3085416439979, 0.30041210705594784],
              [100.3084082719979, 0.3009199650559398],
              [100.3081445069979, 0.30192434205595486],
              [100.30822002499792, 0.30214427905595187],
              [100.30854774299792, 0.3030987200559848],
              [100.30930866199793, 0.30427305305597985],
              [100.3095607929979, 0.30474406505597085],
              [100.30992266799791, 0.30542009405594683],
              [100.31048699899793, 0.30598576605593986],
              [100.31146856999794, 0.30696966705598083],
              [100.3121200259979, 0.3069534080559748],
              [100.31229276099793, 0.30769550405598484],
              [100.31288704599791, 0.30877495405594885],
              [100.3130289909979, 0.30903278005594387],
              [100.31308365399792, 0.30913207005598087],
              [100.3143276869979, 0.31034703305597583],
              [100.3164533299979, 0.31170340805597585],
              [100.31869157699794, 0.31365996105593286],
              [100.31892967499795, 0.3138680930559448],
              [100.31942133999792, 0.31443767905598485],
              [100.3198048739979, 0.31488199705593484],
              [100.3199896839979, 0.3150960950559498],
              [100.32048820599795, 0.3159878470559788],
              [100.32058167899794, 0.31615505105595787],
              [100.3206420339979, 0.31623679005595284],
              [100.32086280599793, 0.31653578405594385],
              [100.32146095199795, 0.31734586005593685],
              [100.32230336099792, 0.31848674205595284],
              [100.32264976099793, 0.31983520505595187],
              [100.3230946529979, 0.32156708005597084],
              [100.3241466809979, 0.32406806605594385],
              [100.3244246089979, 0.32517616305598585],
              [100.3247772459979, 0.32658212705594286],
              [100.3248533299979, 0.32730340905597183],
              [100.32495134199792, 0.32780049205594286],
              [100.32518442999793, 0.3283829930559388],
              [100.32533511399794, 0.32876957105595783],
              [100.32596196999793, 0.33037775505597683],
              [100.32677145799789, 0.33241505905597585],
              [100.3267866949979, 0.33245340805593987],
              [100.32710673899794, 0.33338177705594785],
              [100.32739209599794, 0.3341236070559858],
              [100.32812926899794, 0.3360380070559618],
              [100.3289377739979, 0.33807205105598787],
              [100.32965336199794, 0.3399034080559458],
              [100.32978482199792, 0.34052747205596784],
              [100.32991282299793, 0.3411351140559448],
              [100.33041231499794, 0.34325295805594186],
              [100.33076548999793, 0.3447690120559768],
              [100.33094749099791, 0.3455502810559348],
              [100.3313477079979, 0.3473014140559628],
              [100.33168136699794, 0.34876132505594587],
              [100.33173669499791, 0.3490034080559358],
              [100.3327266379979, 0.35032004205596884],
              [100.33302798199793, 0.35081482305595585],
              [100.3331426449979, 0.35100309105594385],
              [100.33319365899791, 0.3513120830559868],
              [100.33315802799791, 0.3514684840559568],
              [100.33300834099794, 0.35212552805593583],
              [100.3327086519979, 0.3525280750559128],
              [100.33210406399792, 0.35298493905595785],
              [100.3321039789979, 0.35298500305596286],
              [100.33169365499793, 0.35329506905595986],
              [100.33072869399791, 0.35375504505596184],
              [100.32956369199792, 0.35412209005598083],
              [100.32918937699793, 0.35417875505596885],
              [100.32859268499794, 0.35426908705598287],
              [100.32705166299786, 0.3548800760559768],
              [100.32693277499794, 0.3549403350559858],
              [100.32603566399791, 0.35539504205594585],
              [100.32504263199792, 0.3564320600559798],
              [100.32450985099791, 0.3570627910559808],
              [100.3242536879979, 0.35736604805596484],
              [100.3238866939979, 0.35888674205598686],
              [100.32399246099794, 0.35930045805595484],
              [100.32436347699792, 0.36054961705595184],
              [100.32474874899793, 0.3617413380559498],
              [100.32488567399793, 0.36220975805595385],
              [100.32524819999793, 0.3634499580559378],
              [100.3252637319979, 0.36349312505593884],
              [100.32554784299793, 0.3642827220559328],
              [100.32580332999794, 0.36530340805593686],
              [100.32552389299792, 0.3659333930559828],
              [100.32501050899793, 0.3664934610559528],
              [100.32445049999791, 0.36668523705596084],
              [100.3242973979979, 0.36673766705594385],
              [100.32381244999794, 0.36668030405594687],
              [100.32338456499792, 0.3667090850559728],
              [100.32281404999793, 0.36672352905595984],
              [100.32207196399793, 0.36674985205594585],
              [100.32200106499795, 0.3667523670559518],
              [100.32112582299794, 0.3668862970559558],
              [100.31993300299791, 0.3672121560559418],
              [100.31976108499794, 0.36741482505597384],
              [100.31943266299785, 0.36780199205595887],
              [100.31913442899793, 0.3682461080559418],
              [100.31867812799794, 0.36902155205594084],
              [100.3186465099979, 0.36909354605593586],
              [100.3183501889979, 0.36976825905595984],
              [100.31786095299793, 0.37029751705598785],
              [100.3177814319979, 0.37039589505594983],
              [100.31740091999791, 0.37086663405598586],
              [100.3167734529979, 0.37157509605596284],
              [100.3161269829979, 0.37237928805593884],
              [100.31588766599793, 0.3726336720559548],
              [100.31544246699792, 0.37310690305595484],
              [100.31539953099792, 0.37315975005596186],
              [100.31458684399792, 0.37416001405598787],
              [100.31382627799792, 0.37502165805598486],
              [100.3131798049979, 0.3758067050559508],
              [100.31250332999792, 0.37662007505591283],
              [100.31213869799791, 0.37705404205594584],
              [100.31192205099791, 0.37736697005597386],
              [100.31163465599792, 0.37778208705596183],
              [100.31114465199795, 0.37825204005595486],
              [100.31043662799794, 0.37881110105594484],
              [100.30979394299794, 0.37892333305593684],
              [100.30696662999793, 0.37941706405594283],
              [100.30703390299794, 0.37996768305596584],
              [100.3072768009979, 0.38195577505594286],
              [100.30728669299793, 0.3820367420559738],
              [100.3053545709979, 0.38311384105595886],
              [100.3035533299979, 0.38482007505591287],
              [100.30206351199791, 0.3856595580559338],
              [100.30142365199794, 0.38602010605593784],
              [100.30085369399791, 0.38834409505598483],
              [100.30040163799794, 0.39085905705594787],
              [100.30039458199792, 0.3910411720559778],
              [100.3003712669979, 0.3916428990559808],
              [100.30034379699794, 0.39235186605596084],
              [100.30029965699794, 0.39349107405594486],
              [100.30029930899792, 0.39357791505598483],
              [100.30029633999794, 0.39431826905594386],
              [100.3002926679979, 0.3952340460559328],
              [100.30030732899792, 0.39525078705595684],
              [100.30097896899792, 0.39601767705597984],
              [100.30112551899794, 0.39635897205597787],
              [100.30112547799791, 0.39635898205598585],
              [100.30060133099795, 0.39649178105595684],
              [100.30037618699794, 0.3965858620559428],
              [100.29996124299794, 0.39675925405596485],
              [100.29815492199793, 0.3981578780559548],
              [100.29724507099792, 0.3989892280559528],
              [100.29552771699792, 0.40036647005594284],
              [100.29467037399792, 0.40074246805598085],
              [100.29383846399793, 0.40090490305597387],
              [100.2931492919979, 0.4008205960559648],
              [100.29219769399793, 0.40040682905596686],
              [100.2919142649979, 0.40020311405596987],
              [100.29139972199795, 0.39983328705598387],
              [100.29050200399791, 0.39893556905595084],
              [100.28992846199793, 0.3986612670559708],
              [100.2898464629979, 0.3986495520559428],
              [100.28940479299791, 0.39858645605598086],
              [100.2890174829979, 0.3988446630559818],
              [100.28843226599793, 0.39923480805596484],
              [100.28806999599794, 0.39969229705594983],
              [100.28785595299792, 0.4001089750559718],
              [100.28748744499791, 0.40098868305598484],
              [100.28692671699793, 0.4023282000559478],
              [100.28658972699793, 0.4031332310559748],
              [100.2864231189979, 0.4034525630559788],
              [100.28599124799791, 0.40428031505594186],
              [100.28461973499793, 0.40560195605594584],
              [100.28322328499792, 0.40620043405597483],
              [100.28195888499795, 0.40663674205593786],
              [100.2807296239979, 0.4069984060559618],
              [100.2806145869979, 0.40709906405596985],
              [100.27953266599792, 0.40804574405593985],
              [100.27778710399792, 0.40981624305597086],
              [100.27628702999795, 0.41143926205593584],
              [100.2758477739979, 0.41191451905594084],
              [100.27450285999794, 0.41356874105595387],
              [100.27245805799794, 0.4161372120559718],
              [100.2705699959979, 0.4185811860559878],
              [100.26983141199793, 0.41955728205597587],
              [100.2692162979979, 0.42037020105597384],
              [100.2676826969979, 0.42321297505596084],
              [100.26709099299791, 0.4248764530559728],
              [100.2669588849979, 0.42524785305597884],
              [100.26584985599794, 0.42871149805593184],
              [100.2646154939979, 0.43327489705593786],
              [100.26436522099795, 0.43377369205593685],
              [100.2636255519979, 0.43524785305596986],
              [100.26244600799794, 0.43686576905595587],
              [100.2614912659979, 0.43804254405598886],
              [100.26083759699793, 0.43884823005596685],
              [100.2589033299979, 0.44108118605596786],
              [100.25810703799795, 0.44199024305596885],
              [100.25747115499792, 0.44352384405597384],
              [100.25711723199794, 0.44474648905595887],
              [100.2567361599979, 0.4460629190559328],
              [100.25664824699794, 0.44636661805596084],
              [100.25584777399791, 0.44802563105595583],
              [100.25477800099793, 0.44920939205594784],
              [100.25337615399792, 0.45093474105597386],
              [100.25331920899794, 0.45100482705596784],
              [100.25195888499792, 0.45274785305595383],
              [100.2510315269979, 0.45452360405597886],
              [100.2507008649979, 0.4551567730559468],
              [100.2493916929979, 0.45665297005594185],
              [100.24912989899792, 0.45688721405595384],
              [100.24799812599792, 0.45789988405597587],
              [100.24723665699793, 0.4585812200559328],
              [100.2463618949979, 0.45945833805593883],
              [100.24527715199793, 0.46147820405595086],
              [100.2436255699979, 0.46497009005595685],
              [100.24277102299794, 0.46705153605593386],
              [100.2414992559979, 0.46922102105595787],
              [100.24137458999792, 0.46938843005598585],
              [100.2406610149979, 0.47034666005596687],
              [100.2401900839979, 0.47097905205596685],
              [100.2391810939979, 0.47163671905595084],
              [100.23831983799795, 0.4719515810559328],
              [100.23671142699794, 0.4729989180559788],
              [100.2354396589979, 0.47464473405598584],
              [100.23484118099793, 0.47621574105598086],
              [100.23506560999795, 0.47816079605594586],
              [100.23556999299791, 0.47941451005597485],
              [100.2367862359979, 0.48100357005593286],
              [100.23828243299795, 0.4826493860559398],
              [100.23938821999792, 0.48407111205598585],
              [100.23959160499794, 0.48433260705594683],
              [100.2401526789979, 0.48642728305595984],
              [100.24003108299792, 0.48758912605593685],
              [100.24001447299793, 0.48774783305596286],
              [100.23947938999794, 0.48882119705594085],
              [100.23873129199791, 0.49072884805595185],
              [100.23831983799795, 0.49173878105598584],
              [100.23783357399793, 0.49248687905595984],
              [100.23510301499795, 0.49372124105595083],
              [100.23297093499792, 0.49469377005597487],
              [100.23112221899794, 0.4958196250559719],
              [100.23029217199792, 0.4969145950559688],
              [100.22999682699793, 0.49739175705595084],
              [100.22984168899791, 0.49764240005596583],
              [100.2293052529979, 0.4985090700559598],
              [100.2275846269979, 0.5000426720559549],
              [100.22694652699795, 0.5004779410559338],
              [100.22536996599791, 0.5015533640559648],
              [100.22519646999791, 0.5017259370559518],
              [100.22410596999794, 0.5028106360559409],
              [100.22260977299794, 0.5059526480559529],
              [100.2214876259979, 0.5099549740559869],
              [100.22111098699793, 0.5127931400559338],
              [100.22103663499792, 0.5133534210559818],
              [100.22103876699794, 0.5151168530559428],
              [100.22120947899793, 0.5158961920559618],
              [100.22189907999791, 0.5190443690559758],
              [100.2230586319979, 0.5222985970559788],
              [100.22459196699793, 0.5246493810559658],
              [100.22470330199792, 0.5248200700559809],
              [100.22563472299794, 0.5265358580559368],
              [100.22619975099792, 0.5269360860559829],
              [100.22698129999793, 0.5274896830559468],
              [100.22877673599794, 0.5282751860559789],
              [100.23006331499795, 0.5285351590559488],
              [100.23180327299792, 0.5288867460559599],
              [100.23405082899791, 0.5293412260559338],
              [100.2369684119979, 0.5303511590559679],
              [100.23926881399791, 0.5315294140559819],
              [100.2400200119979, 0.5335201150559359],
              [100.23971767299793, 0.5357000620559379],
              [100.2394790009979, 0.5363564110559338],
              [100.2390443849979, 0.5375516060559709],
              [100.23784275299795, 0.5391643230559708],
              [100.23783574099792, 0.5391737340559788],
              [100.2377539889979, 0.5392834540559338],
              [100.23760803599794, 0.5394793380559828],
              [100.23691230499793, 0.5404130820559349],
              [100.23681181099795, 0.5405843850559369],
              [100.2367193269979, 0.5407420330559628],
              [100.2365416709979, 0.5410448670559869],
              [100.23580331099794, 0.5423034840559499],
              [100.23511686899792, 0.5434989870559689],
              [100.23492531099794, 0.5438084270559358],
              [100.23456525699794, 0.5443900520559879],
              [100.23365807699793, 0.5458554970559388],
              [100.23326513399792, 0.5467366430559788],
              [100.23306663899791, 0.5471817520559769],
              [100.23214454699792, 0.5492494730559798],
              [100.23180653399794, 0.5500074430559748],
              [100.2306699919979, 0.5525368340559709],
              [100.23043081499793, 0.5535273900559479],
              [100.22989888299793, 0.5557303940559708],
              [100.22894776699792, 0.5575945830559729],
              [100.2284961989979, 0.5584796560559798],
              [100.22664465499793, 0.5605556290559689],
              [100.2252699809979, 0.5617867880559548],
              [100.22355874999795, 0.5625193870559568],
              [100.22236646799792, 0.5636134800559628],
              [100.22111633499793, 0.5657565660559528],
              [100.22059908599795, 0.5666432790559528],
              [100.21994059999793, 0.5690839470559719],
              [100.21967003399794, 0.5700867950559568],
              [100.21895047499794, 0.5716299040559678],
              [100.2184108979979, 0.5727870360559708],
              [100.21698015999795, 0.5756485120559348],
              [100.21634778599793, 0.5769367480559848],
              [100.21420284499794, 0.5777525390559648],
              [100.21083640299793, 0.5794357600559719],
              [100.2093215039979, 0.5822130750559128],
              [100.20918210899794, 0.5826415060559639],
              [100.20847884399791, 0.5848030020559488],
              [100.20843112399791, 0.5849496690559729],
              [100.20772244399791, 0.5902083750559799],
              [100.20779218699795, 0.5928812520559888],
              [100.20673578499793, 0.5970248290559679],
              [100.20662834999791, 0.5974462270559828],
              [100.20646002799793, 0.6020750850559718],
              [100.2064588859979, 0.6056756460559568],
              [100.20536593399794, 0.6099862250559478],
              [100.20533767699794, 0.6101204480559799],
              [100.20514793999791, 0.6110216980559499],
              [100.20475232999792, 0.6129008460559509],
              [100.2043560009979, 0.6147834050559738],
              [100.20249777599793, 0.6187395700559508],
              [100.2016468579979, 0.6197374950559859],
              [100.19978324999795, 0.6219230680559489],
              [100.19840887099792, 0.6250356340559758],
              [100.19787559999793, 0.6262433360559638],
              [100.19772938199793, 0.6270617140559839],
              [100.1975422629979, 0.6281090200559588],
              [100.19832445899794, 0.6300025300559609],
              [100.20020891199795, 0.6323868330559459],
              [100.20309358499793, 0.6358938040559818],
              [100.2032459979979, 0.6361029980559608],
              [100.20556903099794, 0.6392914740559519],
              [100.2059550609979, 0.6398213200559578],
              [100.20673669399793, 0.6418867440559809],
              [100.20713331599791, 0.6447587690559689],
              [100.20836767899794, 0.6492473590559629],
              [100.20904096699792, 0.6517160840559338],
              [100.21016311399791, 0.6537920560559338],
              [100.21229519499792, 0.6558680290559809],
              [100.21537564699793, 0.6582480890559879],
              [100.2175111019979, 0.6596033260559718],
              [100.22003801199793, 0.6620637380559768],
              [100.22068115499792, 0.6632478940559419],
              [100.22071337899791, 0.6643921940559638],
              [100.22118114099794, 0.6652589770559558],
              [100.22229841199794, 0.6656195430559388],
              [100.22393955299793, 0.6648620930559589],
              [100.22583317699792, 0.6627159860559718],
              [100.2283200209979, 0.6619145360559888],
              [100.23025163199793, 0.6627159860559718],
              [100.23366015499795, 0.6651145760559558],
              [100.24148666299786, 0.6697478530559379],
              [100.2489353879979, 0.6728153130559489],
              [100.2577722989979, 0.6749614200559368],
              [100.26529219599792, 0.6761367050559809],
              [100.27342625599795, 0.6771075270559809],
              [100.27961209399791, 0.6792536350559568],
              [100.28415679099794, 0.6822834330559568],
              [100.2852088289979, 0.6843590480559808],
              [100.28541920699791, 0.6869543720559509],
              [100.2842830329979, 0.6894792030559669],
              [100.28087450999794, 0.6930139680559508],
              [100.2769866999979, 0.6963901650559738],
              [100.27494115499792, 0.6990735640559509],
              [100.27229008199794, 0.7023558460559368],
              [100.26842668899792, 0.7080001190559668],
              [100.2679978679979, 0.7109402740559428],
              [100.26938652499791, 0.7146012800559588],
              [100.2711567219979, 0.7183600280559549],
              [100.27304753099793, 0.7233119500559868],
              [100.27342625599795, 0.7272254390559428],
              [100.27281663099791, 0.7282800840559528],
              [100.26976524999793, 0.7303814790559638],
              [100.26168578799792, 0.7331587940559668],
              [100.2588999229979, 0.7336688820559658],
              [100.25840607699791, 0.7337593040559368],
              [100.25624423099794, 0.7341551350559858],
              [100.2527226349979, 0.7347999340559709],
              [100.2487386239979, 0.7354289890559609],
              [100.24579072299792, 0.7358944470559688],
              [100.24552686499794, 0.7359361090559698],
              [100.24231987899793, 0.7362483910559519],
              [100.2408588279979, 0.7360540430559719],
              [100.23997223499794, 0.7359361090559698],
              [100.23656371199792, 0.7359361090559698],
              [100.2349806349979, 0.7362886640559768],
              [100.23179966299786, 0.7369970750559128],
              [100.22835800799794, 0.7390921480559458],
              [100.22498657199793, 0.7413312970559358],
              [100.22305586199792, 0.7418694630559488],
              [100.22090975499793, 0.7425006720559538],
              [100.21879166299786, 0.7427090750559129],
              [100.21879068499794, 0.7427083610559888],
              [100.21630198299795, 0.7408919580559679],
              [100.21629666299786, 0.7408880760559808],
              [100.2132375039979, 0.7362946770559379],
              [100.21308277599792, 0.7360623500559459],
              [100.21144163499793, 0.7360623500559459],
              [100.21120875299795, 0.7362952330559689],
              [100.20954801099793, 0.7379559750559819],
              [100.20790687099793, 0.7399758390559579],
              [100.20526664799792, 0.7420500560559868],
              [100.20310968999792, 0.7428793960559829],
              [100.20079778299794, 0.7446658690559649],
              [100.20033237499791, 0.7450255030559698],
              [100.19777708599793, 0.7512957610559429],
              [100.19777147499792, 0.7513049380559809],
              [100.19603691899795, 0.7541418380559578],
              [100.19437554699795, 0.7568590420559789],
              [100.19111673899795, 0.7591645610559818],
              [100.1873294919979, 0.7609319430559508],
              [100.18514968899791, 0.7613992170559668],
              [100.18207771699792, 0.7620577400559368],
              [100.18207207799793, 0.7620589490559408],
              [100.18185690199795, 0.7621050750559129],
              [100.18185477499793, 0.7621055310559799],
              [100.18182979199793, 0.7621108860559649],
              [100.1815339889979, 0.7621742960559599],
              [100.1815305169979, 0.7621750400559368],
              [100.18138819999791, 0.7622055480559449],
              [100.18114864099795, 0.7622569000559598],
              [100.18114368799792, 0.7622579620559828],
              [100.1809784599979, 0.7622933810559548],
              [100.18097724799793, 0.7622936410559329],
              [100.1809525579979, 0.7622989340559488],
              [100.18095250099793, 0.7622989460559348],
              [100.18095173199794, 0.7622991110559528],
              [100.1809394099979, 0.7623017510559439],
              [100.18093625799793, 0.7623024270559569],
              [100.1809361319979, 0.7623024540559559],
              [100.18093541499792, 0.7623026080559758],
              [100.18093336799791, 0.7623030460559479],
              [100.1809328149979, 0.7623031650559399],
              [100.18093126899794, 0.7623034890559809],
              [100.18093125999792, 0.7623034080559848],
              [100.1809341959979, 0.7623023560559689],
              [100.18093616799791, 0.7623016000559488],
              [100.18094482999794, 0.7622982770559619],
              [100.18094613099794, 0.7622977780559519],
              [100.1809487139979, 0.7622967870559738],
              [100.18127423099793, 0.7622164240559779],
              [100.18137568499793, 0.7621913770559698],
              [100.18142708099793, 0.7621723410559439],
              [100.18146324899794, 0.7621571120559598],
              [100.18149521699792, 0.7621442190559409],
              [100.18152439699793, 0.7621295530559709],
              [100.18163136799791, 0.7620786660559848],
              [100.18178885699791, 0.7620158000559768],
              [100.1818898829979, 0.7619589320559759],
              [100.1821116139979, 0.7618373550559598],
              [100.18227003099793, 0.7617199740559638],
              [100.18248807999794, 0.7615216820559708],
              [100.1828909389979, 0.7611539600559498],
              [100.18347781399791, 0.7605152420559449],
              [100.1844158219979, 0.7597172350559869],
              [100.18460293099793, 0.7595087300559409],
              [100.18482720599792, 0.7593108120559718],
              [100.18491039499793, 0.7592374000559658],
              [100.18558235699794, 0.7587018900559458],
              [100.18612548999795, 0.7580255490559719],
              [100.18612589699791, 0.7580250890559479],
              [100.18612566299787, 0.7580250750559129],
              [100.18612562699792, 0.7580250650559749],
              [100.18499284999791, 0.7577008920559508],
              [100.18302966299787, 0.7571390750559128],
              [100.17862566299786, 0.7566370750559128],
              [100.17862558799794, 0.7566370820559458],
              [100.17441366299786, 0.7570440750559129],
              [100.1705700099979, 0.7577480110559378],
              [100.17056966299786, 0.7577480750559128],
              [100.16893856899793, 0.7582957480559709],
              [100.16831822299793, 0.7585040420559749],
              [100.16660266299786, 0.7590800750559128],
              [100.16195871899794, 0.7608030540559558],
              [100.16195866299786, 0.7608030750559128],
              [100.1599339429979, 0.7615804870559518],
              [100.15855466299786, 0.7621100750559129],
              [100.15647671599794, 0.7627672820559749],
              [100.15595448599794, 0.7629324510559878],
              [100.15390366299786, 0.7635810750559129],
              [100.15390333199792, 0.7635812530559889],
              [100.15186431499791, 0.7646785210559558],
              [100.15085359299792, 0.7652224260559849],
              [100.15012766299786, 0.7656130750559128],
              [100.14640366299786, 0.7674700750559128],
              [100.14640341299793, 0.7674702130559719],
              [100.14622222899794, 0.7675701610559859],
              [100.14345051999794, 0.7690991420559639],
              [100.13989833099794, 0.7710586670559818],
              [100.13834765399793, 0.7719140790559469],
              [100.13573666299786, 0.7729510750559129],
              [100.1345808839979, 0.7733500950559599],
              [100.13452879099793, 0.7733680790559698],
              [100.13313266299787, 0.7738500750559129],
              [100.13144598299795, 0.7743501400559718],
              [100.13029266299786, 0.7746920750559129],
              [100.13029222399791, 0.7746922390559379],
              [100.12721466299786, 0.7758390750559129],
              [100.12585169299791, 0.7764264680559588],
              [100.12498716499795, 0.7767990500559708],
              [100.12446966299787, 0.7770220750559128],
              [100.12307005599791, 0.7780257930559888],
              [100.12306966299786, 0.7780260750559128],
              [100.12299475699791, 0.7781859780559588],
              [100.1224337689979, 0.7793835180559798],
              [100.12238666299785, 0.7794840750559129],
              [100.1222202229979, 0.7797039870559529],
              [100.12172567099793, 0.7803574230559458],
              [100.12127798699794, 0.7809489330559388],
              [100.12106066299786, 0.7812360760559759],
              [100.1199767469979, 0.7814392650559658],
              [100.11954566299787, 0.7815200750559128],
              [100.11906130199793, 0.7815464880559518],
              [100.11865849499793, 0.7812898550559598],
              [100.11807583299793, 0.7811317600559419],
              [100.11759960699794, 0.7811312020559878],
              [100.11660664099793, 0.7809991940559509],
              [100.11631527999793, 0.7809247860559618],
              [100.11561845199793, 0.7807468300559468],
              [100.11356446999793, 0.7800103360559798],
              [100.11121981799795, 0.7787466710559698],
              [100.10908039899795, 0.7778644000559468],
              [100.10700663399791, 0.7777898680559618],
              [100.1054846109979, 0.7781430750559128],
              [100.1046213869979, 0.7785831650559348],
              [100.1041401209979, 0.7788377460559699],
              [100.10331517599792, 0.7792279150559839],
              [100.10237307299792, 0.7796284520559449],
              [100.10180753999794, 0.7799225580559579],
              [100.10129128599795, 0.7802496620559648],
              [100.10101085099791, 0.7804653950559698],
              [100.10042145399791, 0.7809900260559889],
              [100.10009886299792, 0.7813140010559468],
              [100.09863448299791, 0.7825375170559848],
              [100.09677538699793, 0.7839376790559669],
              [100.0947640749979, 0.7855055340559859],
              [100.09332209399793, 0.7867916940559359],
              [100.09175293199792, 0.7880011240559528],
              [100.09150034499794, 0.7880752210559339],
              [100.0914816859979, 0.7881221450559368],
              [100.09090466299786, 0.7883370750559129],
              [100.09061620699794, 0.7883370750559129],
              [100.08981628599793, 0.7883370750559129],
              [100.08914316599794, 0.7883370750559129],
              [100.08866007699794, 0.7883370750559129],
              [100.0882294249979, 0.7883370750559129],
              [100.08787466299786, 0.7883370750559129],
              [100.08702046299794, 0.7881709540559568],
              [100.08637306599792, 0.7880450510559879],
              [100.0858562669979, 0.7879445460559539],
              [100.0852018199979, 0.7878172720559888],
              [100.08410843399793, 0.7876046350559849],
              [100.08376532799792, 0.7875379100559738],
              [100.08342166299786, 0.7874710750559129],
              [100.0834214389979, 0.7874710460559559],
              [100.0809742649979, 0.7868380910559408],
              [100.07895616299794, 0.7864827260559788],
              [100.07768897599794, 0.7863440040559478],
              [100.0768504389979, 0.7865653230559388],
              [100.07572217299793, 0.7871115310559419],
              [100.07453149299795, 0.7876792500559449],
              [100.07442870299792, 0.7877333140559838],
              [100.07307741899791, 0.7884440440559648],
              [100.07270312699791, 0.7887194760559878],
              [100.07248877499791, 0.7888191870559499],
              [100.0718475799979, 0.7891174540559548],
              [100.07159370799792, 0.7892355480559698],
              [100.07001466299786, 0.7899700750559129],
              [100.07001462699793, 0.7899701340559349],
              [100.06931666299786, 0.7911300750559128],
              [100.0692335319979, 0.7913691460559709],
              [100.06875794499791, 0.7927368530559559],
              [100.06855966299786, 0.7933070760559668],
              [100.0683680339979, 0.7947781700559768],
              [100.06829670299794, 0.7953257680559458],
              [100.06829666299787, 0.7953260750559128],
              [100.0680822209979, 0.7962062840559408],
              [100.06807906399791, 0.7962192410559649],
              [100.06803866299786, 0.7963850750559128],
              [100.0672632869979, 0.7974586750559779],
              [100.06725280099795, 0.7974731940559678],
              [100.0670386039979, 0.7977697730559759],
              [100.06677773499791, 0.7981309760559868],
              [100.06619266299786, 0.7989410750559128],
              [100.06534066299785, 0.7999590750559128],
              [100.06448866299786, 0.8009770750559129],
              [100.06233825999794, 0.8026421510559348],
              [100.06112566299787, 0.8035810750559128],
              [100.0611255379979, 0.8035812000559448],
              [100.06111570299794, 0.8035910390559738],
              [100.06049144799795, 0.8042155770559849],
              [100.06020420999795, 0.8045029440559829],
              [100.05951153499791, 0.8051959310559629],
              [100.0594877619979, 0.8052197140559798],
              [100.05890166299785, 0.8058060750559128],
              [100.05809643199791, 0.8064373520559368],
              [100.05771077699791, 0.8067396930559458],
              [100.05764817099794, 0.8067937690559719],
              [100.05764366399791, 0.8067923070559718],
              [100.05745762599793, 0.8069381540559708],
              [100.0572247969979, 0.8071206860559669],
              [100.0567412999979, 0.8074997300559659],
              [100.0562860589979, 0.8078566240559578],
              [100.05626902799793, 0.8078699750559648],
              [100.0560113559979, 0.8079341980559458],
              [100.0552078049979, 0.8081897470559768],
              [100.05464976299794, 0.8083938130559578],
              [100.05427992199793, 0.8086127600559648],
              [100.05390328199792, 0.8088589590559678],
              [100.0535326889979, 0.8094155180559849],
              [100.05321681499794, 0.8099339200559399],
              [100.05283274999795, 0.8104158400559669],
              [100.05243175799791, 0.8108915700559718],
              [100.05200547599793, 0.8113413090559478],
              [100.05125785399792, 0.8118328520559568],
              [100.05024422299795, 0.8124992880559748],
              [100.04992666299786, 0.8127080750559128],
              [100.04749168499791, 0.8135714960559568],
              [100.04703325999793, 0.8137340480559628],
              [100.04668108499794, 0.8138589250559819],
              [100.04668066299786, 0.8138590750559128],
              [100.04580645299791, 0.8144580640559549],
              [100.0455969129979, 0.8146016360559688],
              [100.0454866699979, 0.8146771720559658],
              [100.04328533199794, 0.8161854710559878],
              [100.04326532299791, 0.8161991800559608],
              [100.03992642499793, 0.8184868870559538],
              [100.03988966299787, 0.8185120750559128],
              [100.03988263999793, 0.8185176370559618],
              [100.03948579199795, 0.8188318880559818],
              [100.03843866299786, 0.8196610750559128],
              [100.0369064339979, 0.8198400980559338],
              [100.03611066299786, 0.8199330750559128],
              [100.03479357199791, 0.8204482940559639],
              [100.03402466299787, 0.8207490750559129],
              [100.0333241599979, 0.8213548940559718],
              [100.03224166299786, 0.8222910750559128],
              [100.03082744299792, 0.8236317090559878],
              [100.02933966299786, 0.8250420750559129],
              [100.0279252509979, 0.8268187900559528],
              [100.02686066299786, 0.8281560750559128],
              [100.02514885199793, 0.8300450970559868],
              [100.02471629399793, 0.8305224350559829],
              [100.02453266299786, 0.8307250750559129],
              [100.02378260199794, 0.8308746570559858],
              [100.02278766299786, 0.8310730750559129],
              [100.02278734399795, 0.8310730560559848],
              [100.02096566299787, 0.8309670750559128],
              [100.01839566299786, 0.8313000750559129],
              [100.0175700509979, 0.8319473940559449],
              [100.01707982099794, 0.8323317570559678],
              [100.01685366299786, 0.8325090750559129],
              [100.0158326429979, 0.8334854000559768],
              [100.0146926199979, 0.8345755170559669],
              [100.01466039899793, 0.8346063610559469],
              [100.0143857519979, 0.8349032970559879],
              [100.01198666299786, 0.8374970750559129],
              [100.01187925199793, 0.8376195850559749],
              [100.01124458499794, 0.8383434670559639],
              [100.01121908299791, 0.8383725540559368],
              [100.0107812369979, 0.8388719480559669],
              [100.01005166299787, 0.8397040750559128],
              [100.00928767599794, 0.8400381550559498],
              [100.0085749249979, 0.8402788030559378],
              [100.0082204989979, 0.8403984690559838],
              [100.00721984799793, 0.8407853040559559],
              [100.00655837799792, 0.8410161700559369],
              [100.00626521999794, 0.8411184880559548],
              [100.00551169499795, 0.8412820540559809],
              [100.00472971699793, 0.8414670450559498],
              [100.00379135499793, 0.8416804470559358],
              [100.0035101619979, 0.8417618740559338],
              [100.00288135699793, 0.8419439620559639],
              [100.00199986999792, 0.8421431290559699],
              [100.0012111079979, 0.8420777240559828],
              [100.0005860749979, 0.8417979170559559],
              [100.00016140099791, 0.8415950340559708],
              [99.99978499499792, 0.8414152110559738],
              [99.99901769299794, 0.8412425270559678],
              [99.99857233399791, 0.8412372210559769],
              [99.99790758099795, 0.8412293020559358],
              [99.99679174499789, 0.8412993960559588],
              [99.99583020699794, 0.8414015650559609],
              [99.99482935899795, 0.8415221190559379],
              [99.99408388099795, 0.8414818880559809],
              [99.99348674199791, 0.8416241890559628],
              [99.99279013899792, 0.8417449000559858],
              [99.99266776899793, 0.8417598220559769],
              [99.99209358299794, 0.8418298420559869],
              [99.99145370599791, 0.8420507780559349],
              [99.99095130299793, 0.8422697780559498],
              [99.99063383699792, 0.8423602480559819],
              [99.98939745199795, 0.8425140790559599],
              [99.98904272299791, 0.8426177760559458],
              [99.98886969099794, 0.8426683580559738],
              [99.98843166199794, 0.8427964060559389],
              [99.98763538599792, 0.8430624420559668],
              [99.9874313069979, 0.8431051190559768],
              [99.9869116249979, 0.8432137950559448],
              [99.98659281199792, 0.8432804660559579],
              [99.98553131199793, 0.8434793890559859],
              [99.98449816699792, 0.8437355760559768],
              [99.98353112999791, 0.8441635360559449],
              [99.98290216399795, 0.8446231220559779],
              [99.98233922099791, 0.8449919800559799],
              [99.98224641299794, 0.8450527900559588],
              [99.98223077799793, 0.8450630350559578],
              [99.98213712099795, 0.8452119940559588],
              [99.98213698799793, 0.8452122070559799],
              [99.98212124299795, 0.8452170520559579],
              [99.98211197099795, 0.8452201660559379],
              [99.98210816799792, 0.8452225600559728],
              [99.98210602799793, 0.8452254330559439],
              [99.9821063099979, 0.8452296280559748],
              [99.98211379399794, 0.8452343960559718],
              [99.98211766599792, 0.8452368630559729],
              [99.9821203929979, 0.8452386000559639],
              [99.98199923099793, 0.8454313070559608],
              [99.98199308099794, 0.8454369300559539],
              [99.9820327519979, 0.8455690850559708],
              [99.98203575899794, 0.8456979370559599],
              [99.98202387999794, 0.8458147950559718],
              [99.98199263699792, 0.8459269360559598],
              [99.98171721399791, 0.8460460160559509],
              [99.98148445599793, 0.8461442220559688],
              [99.98126144399794, 0.8462252500559798],
              [99.98108350799794, 0.8462731390559528],
              [99.98089949499791, 0.8463504840559748],
              [99.98073743599792, 0.8464977480559388],
              [99.9806631339979, 0.8466633880559729],
              [99.9806010249979, 0.8468621520559768],
              [99.98050843799791, 0.8470400740559538],
              [99.98038293899793, 0.8471676990559588],
              [99.98027083299792, 0.8472352000559479],
              [99.98018186499792, 0.8472585360559749],
              [99.98004048499791, 0.8472732970559629],
              [99.97985402899792, 0.8473211900559509],
              [99.97970779999793, 0.8474181450559538],
              [99.9795701039979, 0.8475347360559479],
              [99.97947019899794, 0.8476598950559409],
              [99.9793702909979, 0.8477838400559818],
              [99.97922528399795, 0.8479077890559809],
              [99.97905345499794, 0.8479765370559709],
              [99.97897725299794, 0.8479782250559679],
              [99.97888526499793, 0.8479802620559699],
              [99.9787542349979, 0.8479812680559609],
              [99.9787207259979, 0.8479815250559708],
              [99.97854400699794, 0.8480171480559449],
              [99.9783685199979, 0.8480846740559539],
              [99.97818815699793, 0.8481644600559688],
              [99.97801755299793, 0.8482467130559859],
              [99.9778128089979, 0.8482970700559489],
              [99.97767752999795, 0.8482971040559878],
              [99.97747033599791, 0.8483204690559348],
              [99.9773301929979, 0.8483928910559508],
              [99.97723028999792, 0.8485303240559718],
              [99.97717306599793, 0.8487511680559838],
              [99.97713899399793, 0.8489805990559628],
              [99.97708797199795, 0.8491206260559498],
              [99.97706835599791, 0.8491744630559448],
              [99.97698064399793, 0.8493401090559728],
              [99.9768844069979, 0.8495094370559428],
              [99.9767674349979, 0.8496333770559799],
              [99.97662120799794, 0.8497340260559698],
              [99.97645301699794, 0.8497720970559759],
              [99.97620804999792, 0.8497782910559548],
              [99.97603341899793, 0.8497773430559759],
              [99.9759935439979, 0.8497771260559408],
              [99.97599523099791, 0.8497853150559679],
              [99.97599367099792, 0.8497856400559418],
              [99.97585088799792, 0.8498035420559659],
              [99.9757723389979, 0.8497876530559698],
              [99.97530051299793, 0.8496922130559739],
              [99.97496366299787, 0.8496240750559129],
              [99.97431316499791, 0.8492504780559359],
              [99.97422366299786, 0.8491990760559388],
              [99.9737951169979, 0.8487802500559528],
              [99.97369466299786, 0.8486820750559129],
              [99.97316366299786, 0.8485610750559128],
              [99.9727944959979, 0.8487001120559658],
              [99.9726827969979, 0.8487421800559358],
              [99.97231666299786, 0.8488800750559129],
              [99.97185543699794, 0.8490792130559869],
              [99.97176502399793, 0.8491182490559619],
              [99.97083666299787, 0.8495190750559128],
              [99.96920909099794, 0.8500493730559389],
              [99.9684766569979, 0.8502880150559379],
              [99.96724266299786, 0.8506900750559129],
              [99.96666551999795, 0.8509865760559738],
              [99.9665557339979, 0.8510429770559679],
              [99.96606959999792, 0.8514536590559628],
              [99.9657908889979, 0.8517453900559668],
              [99.96555966899791, 0.8519477660559719],
              [99.96507007999793, 0.8523537050559329],
              [99.96481089099791, 0.8526606620559538],
              [99.9645752549979, 0.8530010000559538],
              [99.96439362899793, 0.8533190870559368],
              [99.9642119709979, 0.8536622110559758],
              [99.96400545799793, 0.8539909950559519],
              [99.9639278019979, 0.8541707810559418],
              [99.96383360599793, 0.8543888600559768],
              [99.9634036049979, 0.8549611020559529],
              [99.96325835599794, 0.8551543990559618],
              [99.9632332039979, 0.8551878700559569],
              [99.96278196399794, 0.8557883760559688],
              [99.9624416839979, 0.8562412150559598],
              [99.96237566299786, 0.8563290750559128],
              [99.96204720099792, 0.8569916950559818],
              [99.96101457599792, 0.8590748350559498],
              [99.96099066299786, 0.8591230750559128],
              [99.96084429799794, 0.8593855230559628],
              [99.96060570399794, 0.8598133470559478],
              [99.9603334559979, 0.8603015160559409],
              [99.96023669599793, 0.8604750160559579],
              [99.96023666299786, 0.8604750750559128],
              [99.96000656399792, 0.8612513830559718],
              [99.95987007299794, 0.8617118770559529],
              [99.95971766299786, 0.8622260750559129],
              [99.95968766299787, 0.8633140750559128],
              [99.96014166299786, 0.8644930750559129],
              [99.96022846399791, 0.8657490180559788],
              [99.96029634299794, 0.8667311800559359],
              [99.96035266299786, 0.8675460750559129],
              [99.95955966299786, 0.8687160750559129],
              [99.95955963099794, 0.8687161330559688],
              [99.95886537799794, 0.8699582340559718],
              [99.95884714299791, 0.8699908590559888],
              [99.9582672559979, 0.8710283400559579],
              [99.95823666299786, 0.8710830750559129],
              [99.9577300779979, 0.8716787470559808],
              [99.95651366299786, 0.8731090760559398],
              [99.95421077699791, 0.8753529640559489],
              [99.95421066299787, 0.8753530750559129],
              [99.9535130519979, 0.8763434230559849],
              [99.95291666299786, 0.8771900750559128],
              [99.95272213699792, 0.8776059200559558],
              [99.95261635599792, 0.8778320530559679],
              [99.95182766299786, 0.8795180750559128],
              [99.95078327199792, 0.8802041350559339],
              [99.95076966299786, 0.8802130750559128],
              [99.9472058109979, 0.8811420360559769],
              [99.94720566299786, 0.8811420750559128],
              [99.94491365799792, 0.8823554890559678],
              [99.94336366299787, 0.8831760750559129],
              [99.93838666299786, 0.8829890750559128],
              [99.93838648599791, 0.8829891050559838],
              [99.93676589999791, 0.8832677300559478],
              [99.93630833599792, 0.8833463980559628],
              [99.93592084099794, 0.8834130190559368],
              [99.93494749799794, 0.8835803630559699],
              [99.93483866299786, 0.8835990750559128],
              [99.93406632799793, 0.8836666480559788],
              [99.93349232699791, 0.8837168690559598],
              [99.9325281119979, 0.8838012290559758],
              [99.93185068999793, 0.8838604990559848],
              [99.93178141599793, 0.8838665580559708],
              [99.93073019499792, 0.8839585310559669],
              [99.9305111629979, 0.8839776950559468],
              [99.93033641699793, 0.8839929820559439],
              [99.93013329199795, 0.8840107550559678],
              [99.92989140499793, 0.8840319170559638],
              [99.9295979459979, 0.8840575910559348],
              [99.92922666299786, 0.8840900750559129],
              [99.92874566999791, 0.8840484920559818],
              [99.9282513419979, 0.8840057570559599],
              [99.92789684899793, 0.8839751100559429],
              [99.92683918199793, 0.8840246190559499],
              [99.92581456899791, 0.8839531110559878],
              [99.92565851399792, 0.8839422200559428],
              [99.9247045879979, 0.8837759180559739],
              [99.9238585959979, 0.8837549520559519],
              [99.92339253199793, 0.8836959770559498],
              [99.92270990399794, 0.8836818380559779],
              [99.92207150299794, 0.8836387930559368],
              [99.92146639499794, 0.8836622410559728],
              [99.92092744999792, 0.8837211050559548],
              [99.92037205599792, 0.8837548630559838],
              [99.91974726999791, 0.8837987060559418],
              [99.9189612709979, 0.8838793310559508],
              [99.9182077409979, 0.8837807280559818],
              [99.9173625989979, 0.8837698300559539],
              [99.9160950569979, 0.8840124700559638],
              [99.91541381299794, 0.8842082320559398],
              [99.91448356499791, 0.8846241960559529],
              [99.91358906699793, 0.8848792700559468],
              [99.91278357099793, 0.8850033300559659],
              [99.91227536899794, 0.8853398480559489],
              [99.91220866499793, 0.8853840180559729],
              [99.9116867169979, 0.8860091680559349],
              [99.91114790899792, 0.8866052820559528],
              [99.9108988309979, 0.8868791280559808],
              [99.91035286499795, 0.8871160050559438],
              [99.90954908899795, 0.8872348040559498],
              [99.9087440709979, 0.8873165450559809],
              [99.9080903719979, 0.8874705030559799],
              [99.9078442529979, 0.8875523800559368],
              [99.9075653469979, 0.8876451650559859],
              [99.90677907099791, 0.8880031380559359],
              [99.90607028199793, 0.8881054840559418],
              [99.9059897659979, 0.8881415320559678],
              [99.90540667099793, 0.8884025920559818],
              [99.90471930999792, 0.8887473520559438],
              [99.90383652599792, 0.8891037600559598],
              [99.90320846099792, 0.8893889940559488],
              [99.90280115899793, 0.8896347440559819],
              [99.90259480499793, 0.8897238620559879],
              [99.90239419099794, 0.8898730520559328],
              [99.90226079899793, 0.8899890990559388],
              [99.90201484299791, 0.8901467110559479],
              [99.90174519799791, 0.8903072720559778],
              [99.9015644999979, 0.8904248650559479],
              [99.90141297399794, 0.8904651250559399],
              [99.90043566299786, 0.8907630750559128],
              [99.9003085149979, 0.8908446990559609],
              [99.9003034569979, 0.8908690070559399],
              [99.9002310229979, 0.8912171270559528],
              [99.90025727899791, 0.8915002910559479],
              [99.90032799799792, 0.8917447740559649],
              [99.9004049809979, 0.8919379430559649],
              [99.90041356199794, 0.8919594750559698],
              [99.90053866299786, 0.8921760750559129],
              [99.90053866299786, 0.8927013470559618],
              [99.90053866299786, 0.8931020750559129],
              [99.89969966299786, 0.8941970750559128],
              [99.89834966299786, 0.8951470750559128],
              [99.8982175689979, 0.8952112490559468],
              [99.89798420399791, 0.8953246230559698],
              [99.89729166299786, 0.8956610750559129],
              [99.89594487199793, 0.8957880550559738],
              [99.89568522399793, 0.8958435600559509],
              [99.8951725429979, 0.8958703190559878],
              [99.8946653299979, 0.8957735220559608],
              [99.89435837399793, 0.8955811210559689],
              [99.89413761599792, 0.8954400690559648],
              [99.8938746749979, 0.8953256340559649],
              [99.89379437599791, 0.8952906870559478],
              [99.8935767459979, 0.8953257070559888],
              [99.89350061099793, 0.8953379590559648],
              [99.89312155299791, 0.8954041840559769],
              [99.89260504699791, 0.8955226680559608],
              [99.89206479099795, 0.8956888020559428],
              [99.89151502699792, 0.8958787650559689],
              [99.89094630199793, 0.8960782370559879],
              [99.8905340859979, 0.8961444150559859],
              [99.89024036899792, 0.8961583060559658],
              [99.8899939029979, 0.8962580950559559],
              [99.88965708899792, 0.8966057130559338],
              [99.88925407599794, 0.8968674070559498],
              [99.8888179039979, 0.8971290530559628],
              [99.88842161099791, 0.8973970530559678],
              [99.8883229899979, 0.8976317550559688],
              [99.88826242099793, 0.8980259170559889],
              [99.88816060499789, 0.8983945560559758],
              [99.88783902699794, 0.8988415610559879],
              [99.88737353699793, 0.8991495210559749],
              [99.88713123899794, 0.8992406510559618],
              [99.88689283099791, 0.8992952500559709],
              [99.88654687499792, 0.8994044330559778],
              [99.88621855599791, 0.8996042400559788],
              [99.88531189399794, 0.9001095950559519],
              [99.88403262599792, 0.9003044790559468],
              [99.88333173299793, 0.9005485270559599],
              [99.88279209899792, 0.9007364250559389],
              [99.88193521099794, 0.9012253720559469],
              [99.88073842899792, 0.9017183890559438],
              [99.88008912999794, 0.9020383590559649],
              [99.88004393699794, 0.9023734420559468],
              [99.88008614299792, 0.9026774830559389],
              [99.88014605299793, 0.9030244630559568],
              [99.8801919209979, 0.9033610310559799],
              [99.8802162649979, 0.9036253700559338],
              [99.8801839439979, 0.9038720850559369],
              [99.88010907999791, 0.9040543660559739],
              [99.87995605099792, 0.9042401130559629],
              [99.87963255199793, 0.9043827020559688],
              [99.87926651399795, 0.9044572810559689],
              [99.87892966299786, 0.9045230750559129],
              [99.87530866299787, 0.9059270750559129],
              [99.8748967019979, 0.9060980730559578],
              [99.87479173099791, 0.9061416440559499],
              [99.87471370399794, 0.9061740320559718],
              [99.87471132299794, 0.9061750200559828],
              [99.8742777469979, 0.9063549890559699],
              [99.87411803099792, 0.9063300540559709],
              [99.87367494099794, 0.9062608790559499],
              [99.87229775999793, 0.9065436140559339],
              [99.87192750999793, 0.9066177330559668],
              [99.87158615499794, 0.9066860670559579],
              [99.87024247899791, 0.9066922980559439],
              [99.86912366199795, 0.9064940090559759],
              [99.86816611699794, 0.9062338910559479],
              [99.86730081499792, 0.9058834540559388],
              [99.86652540199793, 0.9057035370559698],
              [99.8659146259979, 0.9054249900559769],
              [99.86515275799792, 0.9049565430559738],
              [99.86452015999794, 0.9042761710559408],
              [99.86401378199793, 0.9035063930559348],
              [99.86387044699791, 0.9033305570559519],
              [99.8637061209979, 0.9031289690559698],
              [99.86327249599793, 0.9026585690559868],
              [99.86268118699792, 0.9020903120559328],
              [99.8621364689979, 0.9014696520559509],
              [99.8617117749979, 0.9009207270559758],
              [99.86135244499792, 0.9004433990559878],
              [99.86118099099792, 0.9001480840559708],
              [99.86083001899794, 0.8996218940559548],
              [99.86050728699792, 0.8992244850559389],
              [99.8602801599979, 0.8990525090559488],
              [99.85986126699794, 0.8988266180559349],
              [99.8593749189979, 0.8985684470559508],
              [99.85890292699793, 0.8982065880559419],
              [99.8585623279979, 0.8978842540559668],
              [99.85817209199791, 0.8974903280559519],
              [99.85776063499793, 0.8970284260559679],
              [99.8575144329979, 0.8969144620559888],
              [99.85688340399793, 0.8967428640559798],
              [99.8560243959979, 0.8964839530559768],
              [99.8552313929979, 0.8961999520559658],
              [99.85459495199791, 0.8960944730559528],
              [99.85364938399795, 0.8960182090559808],
              [99.85303865099792, 0.8959202920559759],
              [99.85246109899794, 0.8956810680559358],
              [99.85201882999792, 0.8953356690559668],
              [99.85195954899791, 0.8952893720559838],
              [99.85141526199794, 0.8949739060559668],
              [99.85078090999792, 0.8947059940559399],
              [99.8505419589979, 0.8945238720559838],
              [99.85028293299791, 0.8943474950559819],
              [99.85013207999793, 0.8942068100559628],
              [99.84988711799792, 0.8940884530559429],
              [99.8496066439979, 0.8939611050559648],
              [99.84923377799794, 0.8938515080559598],
              [99.8489681569979, 0.8938568630559448],
              [99.8479296789979, 0.8939529960559438],
              [99.84622207499791, 0.8939408160559449],
              [99.8451269019979, 0.8938021840559859],
              [99.84430464599791, 0.8936327030559849],
              [99.84355261599791, 0.8933231490559739],
              [99.8427724209979, 0.8931677820559828],
              [99.84188949499793, 0.8928618700559379],
              [99.84129974199794, 0.8927241870559468],
              [99.8403625719979, 0.8923222510559439],
              [99.83980377699794, 0.8922005940559788],
              [99.83926748699793, 0.8921965960559678],
              [99.8385537029979, 0.8920222600559808],
              [99.83834266299786, 0.8919420750559128],
              [99.83799532199794, 0.8916855900559568],
              [99.8374002849979, 0.8912462020559389],
              [99.83637766299786, 0.8904910750559129],
              [99.83556712899792, 0.8894747260559508],
              [99.83506248199791, 0.8888419360559539],
              [99.8348379129979, 0.8885603450559788],
              [99.83459542099791, 0.8882562800559558],
              [99.83459366299786, 0.8882540750559128],
              [99.83437838999794, 0.8879033530559608],
              [99.83409560199794, 0.8874426360559509],
              [99.83390016599793, 0.8871242320559678],
              [99.83360323099794, 0.8866404690559339],
              [99.83328462899794, 0.8861214050559878],
              [99.83307030499793, 0.8857722310559808],
              [99.8327964749979, 0.8853261110559888],
              [99.83257686899793, 0.8849683330559659],
              [99.83223684699794, 0.8844143740559648],
              [99.83223666299786, 0.8844140750559129],
              [99.8322305299979, 0.8843995670559508],
              [99.83160766299787, 0.8829260750559128],
              [99.83156279899794, 0.8828166100559689],
              [99.83128390399793, 0.8821361270559719],
              [99.83115589099793, 0.8818237850559428],
              [99.83114741099791, 0.8818030930559788],
              [99.83102966399792, 0.8815158010559828],
              [99.83081672399794, 0.8809962460559428],
              [99.83060066299787, 0.8804690750559129],
              [99.8305674589979, 0.8802373330559728],
              [99.8305529949979, 0.8801363850559628],
              [99.83045566299786, 0.8794570750559129],
              [99.83056962699794, 0.8780255230559678],
              [99.83056966299786, 0.8780250750559129],
              [99.83107752899792, 0.8766864430559879],
              [99.8317477579979, 0.8749198400559668],
              [99.83224466299787, 0.8736100750559128],
              [99.83224519999794, 0.8736082870559728],
              [99.83268981099792, 0.8724362520559479],
              [99.83299305099791, 0.8716371530559428],
              [99.83348875199795, 0.8703308690559338],
              [99.83362566299786, 0.8699700760559639],
              [99.83428430099792, 0.8684403540559769],
              [99.8346063009979, 0.8676924870559478],
              [99.8347195109979, 0.8674295500559448],
              [99.8347219669979, 0.8674238450559668],
              [99.83480596799791, 0.8672287470559609],
              [99.83496798099793, 0.8668524580559879],
              [99.83516505699794, 0.8663947340559869],
              [99.83552743399792, 0.8655530820559678],
              [99.83597626899791, 0.8645106170559559],
              [99.8361205849979, 0.8641754260559789],
              [99.8361551029979, 0.8638921780559629],
              [99.83642413899793, 0.8626652680559489],
              [99.8365997819979, 0.8615328320559709],
              [99.83672538599791, 0.8605555230559648],
              [99.83693940099795, 0.8599121370559858],
              [99.83723174199793, 0.8591401210559438],
              [99.8375810269979, 0.8582895110559579],
              [99.8379939869979, 0.8576392410559639],
              [99.83859902799793, 0.8568032800559569],
              [99.83861535699793, 0.8567551790559519],
              [99.8388344209979, 0.8561098560559368],
              [99.83885647399791, 0.8555591810559379],
              [99.83885872399793, 0.8554845320559399],
              [99.83887134499793, 0.8550657130559358],
              [99.8389643409979, 0.8545938060559738],
              [99.8392632159979, 0.8542437630559478],
              [99.83983086799793, 0.8537446640559808],
              [99.84006705199795, 0.8535202310559529],
              [99.84035380099795, 0.8532867510559329],
              [99.84060290299794, 0.8531088230559618],
              [99.84066672199793, 0.8528997880559498],
              [99.84076543699791, 0.8525764560559569],
              [99.84080066299786, 0.8524610750559128],
              [99.84089334099792, 0.8517383640559758],
              [99.84084336299793, 0.8514751310559778],
              [99.8408589159979, 0.8502860730559548],
              [99.84094066599795, 0.8493861240559828],
              [99.8410807339979, 0.8484422380559669],
              [99.84105717699794, 0.8481294620559798],
              [99.84102412699792, 0.8476906490559628],
              [99.84087172099794, 0.8471712740559528],
              [99.84075370299792, 0.8468707300559828],
              [99.84064982399792, 0.8463814870559788],
              [99.84066972699793, 0.8459027100559668],
              [99.84067968599794, 0.8455355860559879],
              [99.8407300869979, 0.8450789590559818],
              [99.8408844199979, 0.8447348330559659],
              [99.8410737409979, 0.8445080050559708],
              [99.84123676399793, 0.8441099790559439],
              [99.84128576999791, 0.8439541610559469],
              [99.84136957099793, 0.8436877100559879],
              [99.84149454099793, 0.8432273510559438],
              [99.84155780699791, 0.8406096750559439],
              [99.84154191699793, 0.8405219650559418],
              [99.84155905899792, 0.8405578550559338],
              [99.84167738799795, 0.8356606250559508],
              [99.84168065199793, 0.8355255510559378],
              [99.84168066299786, 0.8355250750559129],
              [99.84137366299787, 0.8328320750559128],
              [99.8412422699979, 0.8322776430559459],
              [99.84123532299793, 0.8322483290559859],
              [99.84116882399792, 0.8319677280559429],
              [99.84106290099794, 0.8315207750559498],
              [99.84094566299787, 0.8310260750559129],
              [99.8409425629979, 0.8310159940559888],
              [99.84075598699792, 0.8304092830559429],
              [99.8406637209979, 0.8301092500559688],
              [99.84061302999794, 0.8299444120559798],
              [99.84052355599795, 0.8296534600559798],
              [99.84042937099792, 0.8293471880559339],
              [99.84031608399795, 0.8292444230559819],
              [99.84023834599793, 0.8291739050559529],
              [99.83998765199794, 0.8289213910559429],
              [99.83981944199792, 0.8287406170559418],
              [99.83974932799794, 0.8286652670559679],
              [99.83958010599792, 0.8284452070559638],
              [99.8395749799979, 0.8284385410559738],
              [99.83943669899793, 0.8282587180559768],
              [99.83928073699792, 0.8280583660559419],
              [99.83904658099794, 0.8277575650559609],
              [99.83899065399794, 0.8277064950559778],
              [99.8387982039979, 0.8275307580559709],
              [99.83870100199795, 0.8274713610559419],
              [99.83857339399793, 0.8273933830559629],
              [99.83854844499791, 0.8273757540559499],
              [99.83845508799794, 0.8273097880559849],
              [99.83826773199792, 0.8271175190559599],
              [99.83816891199791, 0.8270161080559578],
              [99.83806991399791, 0.8269145130559679],
              [99.83806991699794, 0.8269143240559769],
              [99.83806992799794, 0.8269136700559588],
              [99.8380699319979, 0.8269134330559639],
              [99.83806993299794, 0.8269133510559779],
              [99.83806995599792, 0.8269119540559728],
              [99.83807001299795, 0.8269084760559768],
              [99.83807024599793, 0.8268943260559498],
              [99.83807024699792, 0.8268942880559539],
              [99.83807114499791, 0.8268397070559819],
              [99.83807212899791, 0.8267799240559408],
              [99.8380711189979, 0.8267574390559529],
              [99.83807055799792, 0.8267449420559528],
              [99.83806844599792, 0.8266979090559659],
              [99.8380666739979, 0.8266025470559408],
              [99.83806296199793, 0.8265434190559658],
              [99.83806310699794, 0.8264308940559458],
              [99.8380613209979, 0.8263469750559839],
              [99.83806088099794, 0.8263359920559449],
              [99.83805765099794, 0.8262554250559478],
              [99.83805771999795, 0.8262020230559558],
              [99.83805593099794, 0.8261200110559488],
              [99.83805031599792, 0.8260666020559738],
              [99.83804658899794, 0.8260189170559469],
              [99.83804722899794, 0.8260009270559439],
              [99.8380485549979, 0.8259636110559678],
              [99.83803915799791, 0.8259044760559529],
              [99.8380350309979, 0.8258652150559699],
              [99.83803354399794, 0.8258510670559789],
              [99.83802792399791, 0.8258014720559719],
              [99.83802418099793, 0.8257652310559398],
              [99.83801505499792, 0.8256928230559448],
              [99.83801007299792, 0.8256852790559749],
              [99.83800630599791, 0.8256681090559398],
              [99.8379897729979, 0.8256484550559688],
              [99.8379877469979, 0.8256236280559649],
              [99.83798745399793, 0.8256200370559699],
              [99.83798509899793, 0.8255911660559858],
              [99.83798254599793, 0.8255598690559648],
              [99.83799030599795, 0.8255133710559478],
              [99.83799166799793, 0.8255052100559649],
              [99.83800044699791, 0.8254526110559508],
              [99.83801201099794, 0.8254410000559599],
              [99.83804787399794, 0.8254049930559548],
              [99.8380776009979, 0.8253096720559508],
              [99.83815478599792, 0.8251428930559679],
              [99.83826151199793, 0.8250238330559369],
              [99.83826847999791, 0.8250131100559348],
              [99.83827166699791, 0.8250082040559759],
              [99.83835049999794, 0.8248868690559589],
              [99.83843162699793, 0.8247761360559739],
              [99.8384885459979, 0.8247142260559739],
              [99.83852652499792, 0.8246475240559479],
              [99.83857397099791, 0.8245856020559619],
              [99.8386308839979, 0.8245284610559478],
              [99.83864264699793, 0.8245065390559748],
              [99.8386577269979, 0.8244784340559619],
              [99.83866411999793, 0.8244665200559358],
              [99.8386878639979, 0.8244188710559829],
              [99.8386832259979, 0.8243425770559868],
              [99.83866122199794, 0.8242721150559329],
              [99.83865492399792, 0.8242519490559769],
              [99.83862157199792, 0.8241958270559878],
              [99.8385840289979, 0.8241326550559759],
              [99.83852734999795, 0.8240086140559838],
              [99.8384749639979, 0.8238612130559348],
              [99.8384731259979, 0.8238561590559499],
              [99.83843618699791, 0.8237545760559468],
              [99.83843437399793, 0.8237495890559359],
              [99.83843442199793, 0.8237503740559329],
              [99.8384163489979, 0.8237060080559359],
              [99.8384153589979, 0.8237035760559619],
              [99.8384070169979, 0.8236830970559619],
              [99.8384001639979, 0.8236662740559528],
              [99.83839276399794, 0.8236481070559448],
              [99.83822166299787, 0.8232280750559129],
              [99.83822166299787, 0.8231563200559578],
              [99.8382216639979, 0.8226341010559538],
              [99.8382216639979, 0.8226283770559488],
              [99.8382216639979, 0.8224248800559768],
              [99.8382216639979, 0.8223819010559769],
              [99.8382216639979, 0.8219093860559639],
              [99.8382216639979, 0.8219036450559688],
              [99.83822166299787, 0.8211720750559128],
              [99.83824354499791, 0.8211063640559498],
              [99.8382441159979, 0.8211046490559538],
              [99.83847852799789, 0.8204007070559809],
              [99.83848195199795, 0.8203904250559758],
              [99.83855366299787, 0.8201750750559128],
              [99.83901942199793, 0.8196442650559699],
              [99.83902258099795, 0.8196406640559668],
              [99.83961812499791, 0.8189619420559349],
              [99.83964750199794, 0.8189284610559329],
              [99.84019095899794, 0.8183090970559448],
              [99.84041560499793, 0.8181018400559449],
              [99.8404689599979, 0.8180482690559788],
              [99.84050453499793, 0.8180089790559608],
              [99.84054367099793, 0.8179625420559798],
              [99.84056856999791, 0.8179375420559869],
              [99.8405792729979, 0.8179017960559488],
              [99.84057931799794, 0.8178664940559348],
              [99.84057933299795, 0.8178553080559399],
              [99.84056657599791, 0.8177482140559529],
              [99.84059998599793, 0.8176517670559779],
              [99.84063790299791, 0.8176327440559849],
              [99.84069479699792, 0.8175899050559818],
              [99.84078484099791, 0.8175518780559659],
              [99.8408270199979, 0.8175338140559488],
              [99.84085119099791, 0.8175224020559568],
              [99.84089341399795, 0.8175085270559779],
              [99.84089963299795, 0.8175014400559488],
              [99.84093066299786, 0.8174660750559128],
              [99.84170003299795, 0.8171868530559578],
              [99.84174924399792, 0.8171689940559328],
              [99.84258666299786, 0.8168650760559468],
              [99.84378466299786, 0.8155300750559128],
              [99.84454766299787, 0.8142290750559128],
              [99.84487566299786, 0.8124270750559128],
              [99.8448745049979, 0.8124084040559438],
              [99.84484466299786, 0.8119270750559129],
              [99.84470766299786, 0.8113600750559128],
              [99.84480666299787, 0.8106930750559128],
              [99.84526466299786, 0.8094430750559128],
              [99.84538521599791, 0.8084888980559558],
              [99.84538725799791, 0.8084727350559578],
              [99.8455332669979, 0.8073170640559648],
              [99.84554781299789, 0.8072019310559568],
              [99.8456099319979, 0.8070600650559778],
              [99.84565264299795, 0.8069957510559358],
              [99.84570601499792, 0.8069278750559339],
              [99.84576837699791, 0.8068812230559529],
              [99.84591760699794, 0.8068599570559768],
              [99.8460526009979, 0.8068601300559668],
              [99.84624439699792, 0.8068889830559698],
              [99.84637226799794, 0.8069034510559878],
              [99.84647555199791, 0.8069200270559378],
              [99.84651068599794, 0.8069046730559678],
              [99.84657834699794, 0.8068751060559548],
              [99.84661396999792, 0.8067964790559619],
              [99.84663541099792, 0.8066963770559848],
              [99.84665689799795, 0.8065605140559599],
              [99.84668106999794, 0.8063589350559398],
              [99.84661475499792, 0.8061742470559499],
              [99.84654390399794, 0.8060168110559548],
              [99.84641629499794, 0.8057949330559638],
              [99.84633829399792, 0.8056732480559529],
              [99.84621068499791, 0.8054513700559628],
              [99.8461681639979, 0.8053654910559799],
              [99.84611856399795, 0.8052581460559769],
              [99.8460689829979, 0.8051364970559829],
              [99.84601940199792, 0.8050148480559328],
              [99.8459698299979, 0.8048860470559729],
              [99.84593440399794, 0.8048073290559759],
              [99.84583519599789, 0.8045997920559809],
              [99.8457927649979, 0.8044423920559468],
              [99.8457503869979, 0.8042420800559429],
              [99.8457008779979, 0.8040632150559328],
              [99.84562304799795, 0.8038056410559449],
              [99.84555225899794, 0.8035981400559679],
              [99.84546013799792, 0.8034049160559819],
              [99.84542942799794, 0.8033433690559518],
              [99.84540485299794, 0.8032994720559399],
              [99.84539162099793, 0.8032746610559368],
              [99.84537460999792, 0.8032422170559388],
              [99.8453670649979, 0.8032155060559628],
              [99.8453638189979, 0.8032073370559518],
              [99.84536175299792, 0.8032025660559868],
              [99.84535998299793, 0.8031974980559798],
              [99.84535761999791, 0.8031936200559499],
              [99.84535466599795, 0.8031879550559469],
              [99.84535171099793, 0.8031837790559418],
              [99.84534846299795, 0.8031775170559429],
              [99.84534521299793, 0.8031718510559498],
              [99.84534196199792, 0.8031673760559809],
              [99.8453387119979, 0.8031626040559698],
              [99.84533605399793, 0.8031578330559488],
              [99.8453316539979, 0.8031512340559889],
              [99.84530434699792, 0.8031075090559768],
              [99.84531970699794, 0.8030836870559739],
              [99.84527048899793, 0.8028054250559788],
              [99.84501466299785, 0.8013590750559129],
              [99.84501455999794, 0.8013586230559469],
              [99.84456966299786, 0.7994060750559129],
              [99.84435766299787, 0.7976830750559128],
              [99.84463066299786, 0.7968370750559128],
              [99.84553666299786, 0.7954760750559129],
              [99.84565859299789, 0.7953453260559659],
              [99.84571195399792, 0.7952857920559638],
              [99.84578304799794, 0.7952501210559858],
              [99.84593711999793, 0.7951430340559829],
              [99.84605560199793, 0.7950895430559658],
              [99.8462629689979, 0.7949765630559829],
              [99.8464229849979, 0.7948516020559429],
              [99.84664818799791, 0.7946790440559679],
              [99.84690892999794, 0.7944946100559629],
              [99.8472053899979, 0.7941552580559379],
              [99.84748981799794, 0.7938587700559339],
              [99.8477448849979, 0.7935865490559448],
              [99.84804833599793, 0.7933389920559788],
              [99.8483707559979, 0.7930723840559748],
              [99.84869319999791, 0.7927867040559848],
              [99.8490535609979, 0.7924819990559658],
              [99.84928120199794, 0.7922534170559888],
              [99.84947092599793, 0.7920438590559369],
              [99.8496038109979, 0.7918342300559549],
              [99.8497557369979, 0.7915483350559639],
              [99.84985086999791, 0.7912242250559558],
              [99.8498604269979, 0.7911751140559459],
              [99.8498794719979, 0.7910772440559558],
              [99.84986783699793, 0.7909103470559699],
              [99.84979496699793, 0.7907339710559569],
              [99.8497655739979, 0.7906628290559329],
              [99.84961926099794, 0.7903919590559808],
              [99.8494671019979, 0.7901328680559488],
              [99.8493120049979, 0.7898413920559758],
              [99.84921836999791, 0.7896853460559469],
              [99.84909839899791, 0.7894674710559708],
              [99.8489755039979, 0.7892761050559468],
              [99.84889357699791, 0.7891553890559778],
              [99.84878238699793, 0.7889875760559588],
              [99.84867998099793, 0.7888815920559439],
              [99.8486126929979, 0.7888079870559328],
              [99.84842836899793, 0.7886342990559708],
              [99.84833182899791, 0.7885607020559888],
              [99.8482089509979, 0.7884488320559768],
              [99.8481118609979, 0.7883719830559388],
              [99.8479895249979, 0.7882751520559879],
              [99.8477847349979, 0.7881220770559738],
              [99.84760919799794, 0.7879807740559528],
              [99.84740733899793, 0.7878365260559829],
              [99.84715574399792, 0.7876716810559539],
              [99.8469070679979, 0.7875009480559498],
              [99.84659696599795, 0.7873155070559649],
              [99.8464126649979, 0.7872065910559768],
              [99.84622834799791, 0.7870652900559348],
              [99.8460498649979, 0.7867973750559398],
              [99.84595913799791, 0.7865794940559708],
              [99.84595398099793, 0.7865370880559368],
              [99.84592691199794, 0.7863144900559429],
              [99.84586250699795, 0.7860583210559329],
              [99.84580395999791, 0.7858316040559569],
              [99.84574753799791, 0.7857038850559799],
              [99.84573372299792, 0.7856726120559329],
              [99.84562544699793, 0.7854635660559809],
              [99.84553474199794, 0.7853134160559558],
              [99.8454979689979, 0.7852804260559338],
              [99.84512159799795, 0.7849427730559598],
              [99.84488838299791, 0.7847459550559538],
              [99.84462131499794, 0.7845415710559819],
              [99.8444068959979, 0.7842841750559868],
              [99.84415859699794, 0.7838791410559478],
              [99.84407367599795, 0.7837885670559358],
              [99.8440382109979, 0.7837408430559808],
              [99.84399091799793, 0.7836811830559468],
              [99.8439465929979, 0.7836155680559639],
              [99.84390325499794, 0.7835811850559509],
              [99.8438878749979, 0.7835582350559348],
              [99.84388007699795, 0.7835439210559368],
              [99.84387156999793, 0.7835281760559528],
              [99.84387083999792, 0.7835266350559349],
              [99.84386377499794, 0.7835117160559688],
              [99.84385243499793, 0.7834888160559358],
              [99.8438446389979, 0.7834730710559509],
              [99.84383400499792, 0.7834544630559468],
              [99.84382124899793, 0.7834272690559628],
              [99.84380920199794, 0.7834022220559549],
              [99.84379785799791, 0.7833828980559618],
              [99.84378273699792, 0.7833533170559829],
              [99.84375248399795, 0.7833036920559519],
              [99.8437222379979, 0.7832483440559629],
              [99.84370712999794, 0.7832082740559518],
              [99.84367687899794, 0.7831567420559649],
              [99.84364475699795, 0.7830861350559668],
              [99.84358867899795, 0.7829798970559668],
              [99.8435414309979, 0.7828844770559868],
              [99.84350088599791, 0.7828071850559728],
              [99.84347394099791, 0.7827628090559668],
              [99.8434441689979, 0.7827069860559418],
              [99.8434158269979, 0.7826440120559398],
              [99.84337755199795, 0.7825695830559458],
              [99.8433568729979, 0.7825144390559589],
              [99.84332379299792, 0.7824524140559819],
              [99.84329073099792, 0.7823760840559688],
              [99.84325767399793, 0.7822949860559588],
              [99.84323405599793, 0.7822425100559518],
              [99.84321563499793, 0.7821995730559619],
              [99.84319438599795, 0.7821466220559758],
              [99.8431717189979, 0.7820908080559689],
              [99.84315047199794, 0.7820349950559519],
              [99.84313063999792, 0.7819849060559388],
              [99.8431122269979, 0.7819362500559488],
              [99.84310231199794, 0.7819104900559778],
              [99.8430895599979, 0.7818804350559528],
              [99.84308188799793, 0.7818595670559748],
              [99.8430742149979, 0.7818398880559838],
              [99.84307068099793, 0.7818255800559798],
              [99.8430665549979, 0.7818100780559828],
              [99.84306419999791, 0.7817993470559519],
              [99.84305948599791, 0.7817808650559779],
              [99.84305654299794, 0.7817665580559638],
              [99.84305182899794, 0.7817480760559339],
              [99.8430483009979, 0.7817284030559368],
              [99.84304536599791, 0.7817075390559718],
              [99.84304598699794, 0.7816837000559789],
              [99.84304305199794, 0.7816634320559639],
              [99.8430418939979, 0.7816413780559659],
              [99.84304014399794, 0.7816199210559629],
              [99.84303839699794, 0.7815960780559549],
              [99.8430319399979, 0.7815505350559558],
              [99.84302968599792, 0.7815111220559888],
              [99.84302904199791, 0.7814998710559419],
              [99.84302319799792, 0.7814372840559398],
              [99.84301735399794, 0.7813746960559489],
              [99.8430203829979, 0.7813180790559638],
              [99.84301734299794, 0.7812862480559628],
              [99.84301523099793, 0.7812705110559508],
              [99.84301170099792, 0.7812519120559639],
              [99.8430102999979, 0.7812361750559519],
              [99.84300961299795, 0.7812168640559348],
              [99.84300680999792, 0.7811846770559469],
              [99.84300684299791, 0.7811574980559759],
              [99.84300687499791, 0.7811317510559799],
              [99.84300548199792, 0.7811088630559339],
              [99.84300338599792, 0.7810795370559869],
              [99.84300439199791, 0.7810313810559388],
              [99.84300635199793, 0.7809779810559828],
              [99.84300833099792, 0.7809093240559408],
              [99.84301413099791, 0.7808139700559449],
              [99.84301611699794, 0.7807395920559799],
              [99.8430199969979, 0.7806652160559369],
              [99.84302204299792, 0.7805412490559579],
              [99.84301841199795, 0.7804115530559699],
              [99.84302616299794, 0.7802704290559889],
              [99.84303014299792, 0.7801140420559849],
              [99.8430397719979, 0.7799862710559329],
              [99.84305133999794, 0.7798222650559549],
              [99.84306476799793, 0.7796868690559369],
              [99.84308386699792, 0.7795610170559398],
              [99.84310489199794, 0.7794103740559568],
              [99.84313165199791, 0.7792177770559339],
              [99.84315076799794, 0.7790785740559868],
              [99.84324824699792, 0.7786044930559368],
              [99.84342641299793, 0.7781577090559748],
              [99.84381212799792, 0.7774429790559478],
              [99.84399040199793, 0.7769067930559719],
              [99.8442274829979, 0.7766984830559669],
              [99.84437909899793, 0.7764477950559718],
              [99.84473175599794, 0.7758646970559798],
              [99.84485074899794, 0.7753880370559758],
              [99.84482168699793, 0.7749409970559359],
              [99.84473664299793, 0.7744144820559459],
              [99.84472409899792, 0.7735287870559798],
              [99.84472174999792, 0.7733629620559699],
              [99.84488882599794, 0.7722903560559329],
              [99.84522078899795, 0.7719569980559559],
              [99.84552903999793, 0.7716474520559728],
              [99.8458373189979, 0.7713140650559609],
              [99.84614579999794, 0.7708137960559749],
              [99.84640671299792, 0.7704803500559618],
              [99.84673887599791, 0.7699801100559538],
              [99.84697662299794, 0.7692175080559448],
              [99.8471668879979, 0.7685502100559488],
              [99.8474518849979, 0.7678830280559769],
              [99.84783152599795, 0.7672874800559408],
              [99.84799807799794, 0.7666439930559509],
              [99.84814080399792, 0.7661196780559438],
              [99.8483164849979, 0.7655252310559748],
              [99.84830772499794, 0.7651662650559529],
              [99.84826121399794, 0.7644509980559778],
              [99.84819099199791, 0.7637595410559609],
              [99.84790765099791, 0.7630439880559409],
              [99.84752892399791, 0.7628766470559328],
              [99.84703181199791, 0.7626853240559659],
              [99.84698065499794, 0.7625820200559729],
              [99.8468900559979, 0.7623990680559839],
              [99.84681968899793, 0.7618268150559548],
              [99.84658328699794, 0.7614689250559789],
              [99.84629963199791, 0.7610156170559459],
              [99.84580297499792, 0.7604428510559419],
              [99.84518804499794, 0.7597507420559428],
              [99.84412283199794, 0.7593203350559888],
              [99.84319968899791, 0.7589139410559509],
              [99.8425367729979, 0.7587462620559369],
              [99.84185025899791, 0.7585070340559379],
              [99.8411399509979, 0.7583631390559868],
              [99.84056992699794, 0.7583033740559838],
              [99.84009797499795, 0.7583142050559818],
              [99.83952945199792, 0.7584327220559568],
              [99.83911081999793, 0.7585426870559359],
              [99.83877479799793, 0.7586309520559809],
              [99.83863169599795, 0.7586340560559538],
              [99.83761666299786, 0.7586560750559128],
              [99.8369068269979, 0.7585138390559368],
              [99.83599175999791, 0.7583304800559888],
              [99.83550066299786, 0.7582320750559128],
              [99.83444566299787, 0.7571300750559129],
              [99.8340533629979, 0.7565852330559578],
              [99.8336527069979, 0.7560287860559498],
              [99.83331666299786, 0.7555620750559129],
              [99.83324766299786, 0.7544950750559128],
              [99.83306966299786, 0.7527480750559128],
              [99.8330697269979, 0.7527478010559459],
              [99.83335466299786, 0.7515210750559128],
              [99.83308121699793, 0.7496094140559678],
              [99.83302166299787, 0.7491930750559128],
              [99.83196366299786, 0.7463210750559128],
              [99.83084766899793, 0.7449700820559568],
              [99.82866866299786, 0.7431770750559128],
              [99.82865649899793, 0.7431648230559769],
              [99.82836779799794, 0.7428740350559478],
              [99.82686966299786, 0.7413650750559129],
              [99.82682034099793, 0.7412128750559789],
              [99.82631066299786, 0.7396400760559488],
              [99.8262670349979, 0.7392186910559668],
              [99.82614517999792, 0.7380417490559379],
              [99.8259694769979, 0.7378333240559558],
              [99.82583707999794, 0.7376424520559368],
              [99.82572369399793, 0.7373943880559328],
              [99.82557248299793, 0.7370890650559688],
              [99.82542111699792, 0.7369172430559419],
              [99.8252319489979, 0.7366690910559588],
              [99.82508064999791, 0.7364400530559718],
              [99.82500023099794, 0.7363541370559828],
              [99.82495293899791, 0.7362920990559728],
              [99.82491036599794, 0.7362443700559569],
              [99.82486779999795, 0.7361918730559438],
              [99.82482522699792, 0.7361441440559848],
              [99.82473665099792, 0.7360811760559759],
              [99.82470186899792, 0.7359866590559389],
              [99.82467832499793, 0.7358674340559478],
              [99.82474956299791, 0.7357006410559418],
              [99.8248562969979, 0.7355577290559409],
              [99.82497495399792, 0.7353433120559458],
              [99.82505796399795, 0.7352361320559598],
              [99.8251766069979, 0.7350336350559838],
              [99.82528339599793, 0.7348430440559498],
              [99.82542580299793, 0.7345690560559458],
              [99.8268858059979, 0.7314716170559589],
              [99.82704032699792, 0.7309592460559459],
              [99.82709977799794, 0.7307447590559518],
              [99.82714750999793, 0.7304229800559628],
              [99.82715832799789, 0.7303706500559458],
              [99.8272189519979, 0.7300773890559779],
              [99.82731428099794, 0.7295530290559359],
              [99.8274096219979, 0.7290167480559409],
              [99.82749325899795, 0.7283612570559659],
              [99.82752946299792, 0.7277653090559538],
              [99.82758951099794, 0.7270263500559648],
              [99.82759005499793, 0.7265495590559818],
              [99.82754316699794, 0.7261323120559529],
              [99.8275144359979, 0.7255255590559528],
              [99.8274567019979, 0.7251154530559488],
              [99.82745710899792, 0.7247578610559489],
              [99.82763498099791, 0.7245315890559848],
              [99.82786047299794, 0.7240788960559859],
              [99.82803866999791, 0.7235665490559459],
              [99.82837102899794, 0.7228517430559829],
              [99.82870356199794, 0.7219819780559789],
              [99.82882241699792, 0.7215887600559798],
              [99.8288701449979, 0.7212669800559438],
              [99.82888287599792, 0.7204802860559458],
              [99.8288834419979, 0.7199796540559329],
              [99.82890833499795, 0.7189068980559479],
              [99.82889305999794, 0.7185825330559649],
              [99.8288505139979, 0.7176790900559379],
              [99.82889881599795, 0.7168447580559838],
              [99.82890326199794, 0.7163589120559808],
              [99.82904163199794, 0.7162012500559879],
              [99.82921940699794, 0.7160584140559788],
              [99.82938532699791, 0.7159274850559568],
              [99.82958678399791, 0.7157846760559469],
              [99.82972903699795, 0.7156418000559629],
              [99.82983579299793, 0.7154750430559749],
              [99.8300372359979, 0.7153441540559838],
              [99.83033339399793, 0.7152252930559508],
              [99.83067704999792, 0.7149872860559439],
              [99.8310324129979, 0.7148684910559528],
              [99.83143528799792, 0.7146186320559449],
              [99.83169619099795, 0.7144761250559808],
              [99.83185662199793, 0.7143102030559728],
              [99.83232666299786, 0.7138240750559128],
              [99.83519866299787, 0.7108000750559128],
              [99.83529266299786, 0.7088590750559128],
              [99.83529265199792, 0.7088588550559648],
              [99.83526135599794, 0.7082440100559348],
              [99.83516266299786, 0.7063050750559129],
              [99.83511160699794, 0.7061145890559859],
              [99.83454974299792, 0.7040183000559779],
              [99.83398439199794, 0.7019089980559698],
              [99.83392866299786, 0.7017010750559128],
              [99.8336066739979, 0.7011623490559629],
              [99.83205400699791, 0.6985645570559459],
              [99.83104376699794, 0.6968743060559889],
              [99.83062456299791, 0.6961729280559579],
              [99.83056977699795, 0.6960812650559799],
              [99.83056966299786, 0.6960810750559129],
              [99.83059474199791, 0.6960591560559378],
              [99.83093466299786, 0.6957620750559128],
              [99.83224930899792, 0.6946117600559348],
              [99.83501440899795, 0.6921922970559679],
              [99.83501466299786, 0.6921920750559128],
              [99.83731866299786, 0.6911430750559129],
              [99.83754118799794, 0.6910418130559749],
              [99.84029062999792, 0.6897906510559578],
              [99.84279220899793, 0.6886522820559688],
              [99.84294769499792, 0.6885387210559348],
              [99.8430837019979, 0.6884393860559759],
              [99.84669661699792, 0.6857990890559479],
              [99.84857123099795, 0.6844291330559858],
              [99.84904066299787, 0.6840860750559128],
              [99.85029221899794, 0.6835812540559378],
              [99.85029266299786, 0.6835810750559128],
              [99.8509447919979, 0.6835629600559658],
              [99.85338866299786, 0.6834950750559129],
              [99.85634653299792, 0.6835528350559489],
              [99.8577922049979, 0.6835810660559358],
              [99.85779266299787, 0.6835810750559128],
              [99.8594435639979, 0.6839367680559718],
              [99.86106129699795, 0.6842853150559588],
              [99.86166230699791, 0.6844148040559759],
              [99.86423447699792, 0.6849689860559498],
              [99.86427666299787, 0.6849780750559128],
              [99.86593063599793, 0.6855456820559458],
              [99.86668066299787, 0.6858030750559129],
              [99.8666811479979, 0.6858032140559799],
              [99.86792998699792, 0.6861615020559528],
              [99.86804318899794, 0.6861939800559328],
              [99.86951677799794, 0.6866167470559649],
              [99.87103048399791, 0.6870510240559748],
              [99.87103066299787, 0.6870510750559129],
              [99.87266266099795, 0.6872041400559539],
              [99.88046666299786, 0.6879360750559128],
              [99.88046706199793, 0.6879361480559538],
              [99.88110000899792, 0.6880522220559588],
              [99.88417466299786, 0.6886160750559128],
              [99.88636366299787, 0.6886750750559129],
              [99.88791051199792, 0.6874545900559639],
              [99.88848644799793, 0.6870001680559459],
              [99.88876666299787, 0.6867790750559128],
              [99.89072043299791, 0.6834527950559418],
              [99.89074310899792, 0.6834141890559668],
              [99.89097166299786, 0.6830250750559128],
              [99.89098212799792, 0.6829955720559868],
              [99.89109311299791, 0.6826826980559558],
              [99.89252407099792, 0.6786487170559359],
              [99.8925317859979, 0.6786269670559618],
              [99.8925966199979, 0.6784441960559349],
              [99.89259666299786, 0.6784440750559129],
              [99.89423759799791, 0.6775457070559838],
              [99.89439766299786, 0.6774580750559128],
              [99.8951408189979, 0.6770264560559699],
              [99.89580231799795, 0.6766422630559679],
              [99.89593866299786, 0.6765630750559128],
              [99.89754066299786, 0.6766820750559128],
              [99.90069035599794, 0.6784359040559739],
              [99.90069066299786, 0.6784360750559129],
              [99.90221766299786, 0.6794240750559128],
              [99.90439066299786, 0.6810080750559129],
              [99.9052395629979, 0.6811569100559749],
              [99.90706566299787, 0.6814770750559128],
              [99.9092225259979, 0.6806971250559428],
              [99.90922266299786, 0.6806970750559128],
              [99.91105266299786, 0.6797800750559129],
              [99.91195266299786, 0.6782560750559128],
              [99.9119916929979, 0.6779909340559839],
              [99.9121438989979, 0.6769569620559679],
              [99.91218966299786, 0.6766460750559129],
              [99.91216243799795, 0.6739438590559669],
              [99.91210053199791, 0.6737601550559729],
              [99.9120592139979, 0.6736349370559789],
              [99.91203565899792, 0.6735097380559548],
              [99.9120180259979, 0.6733845460559709],
              [99.91200632599794, 0.6732474360559448],
              [99.9120173589979, 0.6730538570559619],
              [99.91202959199791, 0.6729665930559608],
              [99.9120403429979, 0.6728771940559708],
              [99.91206532299793, 0.6727699280559848],
              [99.91209383099795, 0.6726877000559879],
              [99.91212590199791, 0.6725947470559528],
              [99.9121342179979, 0.6725691250559438],
              [99.91214253499794, 0.6725429060559378],
              [99.91215559099794, 0.6725143090559559],
              [99.91216509899795, 0.6724821310559859],
              [99.9121834209979, 0.6724385600559368],
              [99.91219134199793, 0.6722696710559859],
              [99.91232066299786, 0.6695120760559379],
              [99.9123297419979, 0.6694634090559508],
              [99.91254869199793, 0.6682897400559829],
              [99.91334158699794, 0.6640394830559588],
              [99.91334166299787, 0.6640390750559129],
              [99.91390691699792, 0.6618752540559428],
              [99.91465004499793, 0.6590305330559688],
              [99.91485366299786, 0.6582510750559128],
              [99.9155296279979, 0.6554282210559709],
              [99.91552966299786, 0.6554280750559128],
              [99.91558469699794, 0.6552211170559449],
              [99.91563069299792, 0.6550481460559608],
              [99.91602666299787, 0.6535590760559699],
              [99.91594557399793, 0.6510993790559638],
              [99.9159406369979, 0.6509496160559398],
              [99.91592766299786, 0.6505560750559128],
              [99.91569066299786, 0.6495420760559368],
              [99.91586666299786, 0.6490650750559128],
              [99.91710995099794, 0.6473320310559668],
              [99.91722118199795, 0.6471769850559358],
              [99.91744563999794, 0.6468641090559828],
              [99.91744566299786, 0.6468640750559128],
              [99.9180212959979, 0.6461436940559369],
              [99.9187247949979, 0.6452632950559548],
              [99.9203667519979, 0.6432084550559839],
              [99.92053166299786, 0.6430020750559129],
              [99.9205357549979, 0.6429866560559528],
              [99.92058124699793, 0.6429988910559389],
              [99.92061585099793, 0.6426848650559829],
              [99.92064009099795, 0.6424648960559839],
              [99.9207116699979, 0.6420449040559358],
              [99.92072840399794, 0.6419467180559338],
              [99.92075734599791, 0.6417295740559579],
              [99.92076426799792, 0.6416817850559509],
              [99.92076372599792, 0.6416817050559448],
              [99.92077743999795, 0.6414878810559368],
              [99.92077871399795, 0.6414218080559668],
              [99.9207813309979, 0.6412861620559769],
              [99.92078129699792, 0.6410963000559629],
              [99.92078125999791, 0.6408906180559628],
              [99.92078711899791, 0.6406869070559789],
              [99.9207929949979, 0.6405801170559609],
              [99.92083420299792, 0.6403190480559858],
              [99.9208832789979, 0.6400757790559768],
              [99.92096574999795, 0.6398582150559519],
              [99.92106553599791, 0.6396638340559808],
              [99.92111500299791, 0.6395674720559579],
              [99.9212799809979, 0.6392767170559779],
              [99.92138210499792, 0.6390986980559459],
              [99.92157653799791, 0.6387505870559519],
              [99.92170223299792, 0.6385310420559589],
              [99.92181614499793, 0.6383016110559798],
              [99.92183018099792, 0.6382691970559479],
              [99.92189665399792, 0.6381156900559548],
              [99.92194967099795, 0.6379535110559829],
              [99.92200071899794, 0.6377913220559468],
              [99.9220596219979, 0.6375836580559878],
              [99.92211655599795, 0.6373680790559458],
              [99.9221695739979, 0.6372157780559888],
              [99.92225991599793, 0.6370397510559799],
              [99.92234043399793, 0.6369012950559778],
              [99.92243668099792, 0.6367786570559848],
              [99.9225191789979, 0.6367114020559509],
              [99.92268615699794, 0.6366461050559589],
              [99.9228531529979, 0.6366342150559628],
              [99.92296709599793, 0.6366282620559358],
              [99.92299759399793, 0.6366236820559409],
              [99.92315176399791, 0.6366005370559409],
              [99.92332267099795, 0.6365431530559389],
              [99.92353482199792, 0.6364284110559448],
              [99.92368018799795, 0.6363176330559809],
              [99.92383732599791, 0.6361495000559358],
              [99.92386405999792, 0.6361166460559529],
              [99.92395321199791, 0.6360070850559648],
              [99.92405138399795, 0.6356945870559368],
              [99.92416918699791, 0.6353148460559769],
              [99.9242005889979, 0.6351328870559458],
              [99.9242182359979, 0.6349252300559698],
              [99.92423193999792, 0.6346720810559678],
              [99.92423387299795, 0.6344743050559738],
              [99.9242377639979, 0.6342706040559418],
              [99.92424007699793, 0.6341578090559349],
              [99.92424165699794, 0.6340807430559748],
              [99.92425146099794, 0.6339284590559519],
              [99.92428089399795, 0.6337465000559779],
              [99.92434764899792, 0.6335249850559559],
              [99.92444388299793, 0.6333351080559878],
              [99.9245479799979, 0.6331926940559498],
              [99.9247090489979, 0.6330542240559819],
              [99.92486113799794, 0.6329791410559689],
              [99.92490942299793, 0.6329553040559548],
              [99.92509998099791, 0.6328979180559738],
              [99.92533571899793, 0.6328247010559518],
              [99.92558716899794, 0.6327277450559589],
              [99.92578163899793, 0.6326406960559579],
              [99.92595254499793, 0.6325318860559859],
              [99.9260664669979, 0.6324092540559858],
              [99.92608414399791, 0.6323677220559748],
              [99.92609984299793, 0.6322628910559869],
              [99.92610964199793, 0.6321343440559558],
              [99.92611157599794, 0.6319978840559348],
              [99.92610172599791, 0.6318376870559779],
              [99.92605651999793, 0.6317012350559849],
              [99.9259582659979, 0.6315529230559629],
              [99.9257715859979, 0.6313314540559678],
              [99.92561832199794, 0.6311495370559469],
              [99.92542926299791, 0.6309291690559609],
              [99.92510566299786, 0.6307270750559129],
              [99.92502268799791, 0.6307061260559549],
              [99.92439666299786, 0.6305480760559729],
              [99.92344266299786, 0.6307270750559129],
              [99.92309166299786, 0.6307270750559129],
              [99.92297624099791, 0.6307436030559328],
              [99.9226989699979, 0.6307833090559849],
              [99.92267266299787, 0.6307870750559128],
              [99.92233012599792, 0.6306796320559589],
              [99.92140727199791, 0.6303901620559739],
              [99.91794000099793, 0.6293025880559778],
              [99.91777734699792, 0.6292515690559668],
              [99.91716366299787, 0.6290590750559129],
              [99.91099080599793, 0.6292530710559419],
              [99.91099066299786, 0.6292530750559129],
              [99.91098308299792, 0.6292510650559539],
              [99.90927066299786, 0.6287970750559129],
              [99.90870766299786, 0.6284100750559128],
              [99.9085156739979, 0.6277151140559598],
              [99.90851566299786, 0.6277150750559128],
              [99.9086431699979, 0.6270813710559788],
              [99.90866329599794, 0.6269813430559599],
              [99.90874866299787, 0.6265570750559128],
              [99.90898466299787, 0.6256030750559128],
              [99.90969466299786, 0.6247680750559128],
              [99.91523866299787, 0.6218290750559129],
              [99.91523879799792, 0.6218289830559488],
              [99.91603727099795, 0.6212841890559418],
              [99.91905931299794, 0.6192222620559419],
              [99.91933352199794, 0.6190351710559558],
              [99.91933366299786, 0.6190350750559128],
              [99.9200791649979, 0.6183659900559778],
              [99.9202489789979, 0.6182135820559579],
              [99.92060890699793, 0.6178905470559498],
              [99.9215776139979, 0.6170211360559539],
              [99.9224665139979, 0.6162233510559788],
              [99.92268966299787, 0.6160230750559128],
              [99.92261866299786, 0.6157260750559128],
              [99.92268866299786, 0.6151070750559129],
              [99.92268859999791, 0.6151067580559728],
              [99.92237814099792, 0.6135461860559558],
              [99.92223871599793, 0.6128453440559408],
              [99.92223866299786, 0.6128450750559128],
              [99.9207083749979, 0.6083805380559538],
              [99.92063985499794, 0.6081806350559449],
              [99.92044442499792, 0.6072811900559858],
              [99.92024566299786, 0.6063660760559768],
              [99.92024566299786, 0.6058290750559129],
              [99.92065766299787, 0.6053520750559128],
              [99.9203920209979, 0.6051887230559738],
              [99.92014866299786, 0.6050390760559738],
              [99.92014893199791, 0.6050389730559829],
              [99.92026583299793, 0.6049948530559418],
              [99.92063412299791, 0.6048558540559409],
              [99.92064560799793, 0.6048515190559698],
              [99.92175166299786, 0.6044340760559659],
              [99.92179855899792, 0.6044391600559749],
              [99.92270007499792, 0.6045369150559878],
              [99.92390966299786, 0.6046680760559439],
              [99.92539128299791, 0.6044581290559708],
              [99.92539128799791, 0.6044581670559669],
              [99.92612216999794, 0.6041523250559778],
              [99.92659765799795, 0.6039990620559619],
              [99.92708266199793, 0.6038840930559819],
              [99.92785294599793, 0.6036063200559878],
              [99.9283487599979, 0.6033897280559728],
              [99.92862797499794, 0.6031108240559458],
              [99.92890845299792, 0.6028306590559539],
              [99.92917468199795, 0.6024859560559579],
              [99.92941678799792, 0.6020572620559649],
              [99.9294395209979, 0.6018055470559749],
              [99.92946633399794, 0.6015086340559749],
              [99.92954295999795, 0.6006601970559728],
              [99.92972766299786, 0.5986150750559128],
              [99.93090066299786, 0.5973020750559128],
              [99.93180483399794, 0.5969487500559718],
              [99.93232500199792, 0.5967454830559549],
              [99.93257796899792, 0.5966466310559468],
              [99.93469180299792, 0.5958206050559769],
              [99.9347365739979, 0.5958031100559679],
              [99.93473666299786, 0.5958030750559128],
              [99.93521424099794, 0.5954925310559388],
              [99.9364920139979, 0.5946616650559379],
              [99.93696966299787, 0.5943510750559129],
              [99.93957866299786, 0.5934560750559128],
              [99.94084758999793, 0.5921921480559859],
              [99.94084766299787, 0.5921920750559129],
              [99.9436083259979, 0.5888793790559388],
              [99.94413426699793, 0.5882482680559779],
              [99.94640326399792, 0.5855255530559729],
              [99.94640366299787, 0.5855250750559129],
              [99.94653020799791, 0.5853892680559768],
              [99.94858966299786, 0.5831790750559128],
              [99.94901166299786, 0.5811610750559129],
              [99.94928048299795, 0.5809624470559388],
              [99.95009166299786, 0.5803630750559129],
              [99.95140466299786, 0.5801290750559128],
              [99.95210866299786, 0.5793310750559129],
              [99.95234959199792, 0.5780254610559868],
              [99.95234966299786, 0.5780250750559128],
              [99.95342422599794, 0.5762332190559648],
              [99.95355419599792, 0.5760164910559669],
              [99.95468966299786, 0.5741230750559129],
              [99.95640366299786, 0.5716370750559129],
              [99.95764566299786, 0.5706980750559129],
              [99.9588070949979, 0.5693381020559658],
              [99.9593594199979, 0.5686913600559509],
              [99.95935966299785, 0.5686910750559129],
              [99.95947566299786, 0.5671790750559128],
              [99.95947566399792, 0.5659536450559839],
              [99.95947566499791, 0.5650286740559668],
              [99.9594756659979, 0.5640471170559779],
              [99.95959772099792, 0.5637253720559698],
              [99.95966892299793, 0.5635585220559418],
              [99.95996105399792, 0.5632093930559708],
              [99.96008387299793, 0.5630432460559548],
              [99.9601076929979, 0.5628882780559509],
              [99.96013161499792, 0.5626140850559549],
              [99.96015556699791, 0.5623041270559529],
              [99.9601796219979, 0.5618749460559368],
              [99.96021546899794, 0.5615053860559699],
              [99.9601801649979, 0.5612430650559328],
              [99.96025171399793, 0.5606708580559858],
              [99.9603704409979, 0.5603252150559829],
              [99.96035871999794, 0.5601821370559749],
              [99.96083812399792, 0.5591560820559639],
              [99.96084716299794, 0.5591423000559669],
              [99.96191566299787, 0.5575130760559689],
              [99.96208884599793, 0.5573397560559809],
              [99.96318166299785, 0.5562460760559849],
              [99.96421433299793, 0.5554966630559338],
              [99.9642822499979, 0.5554473750559769],
              [99.96428266299786, 0.5554470760559549],
              [99.96435466299786, 0.5543690750559128],
              [99.96430757999792, 0.5530285990559638],
              [99.96429967299792, 0.5528034800559708],
              [99.9642961919979, 0.5527043840559859],
              [99.96425266299786, 0.5514650750559128],
              [99.96420959299792, 0.5496970860559859],
              [99.96419166299786, 0.5489610750559129],
              [99.96420966299786, 0.5458860750559128],
              [99.96420955299794, 0.5458857520559518],
              [99.9636844939979, 0.5443460440559559],
              [99.96342409699793, 0.5435824450559749],
              [99.96330666299787, 0.5432380760559709],
              [99.96224315299793, 0.5420819100559838],
              [99.96219703299795, 0.5420317730559678],
              [99.96180079999795, 0.5416010180559429],
              [99.9609900729979, 0.5407196580559488],
              [99.96042566299786, 0.5401060750559128],
              [99.96042562099791, 0.5401059880559419],
              [99.95803141499795, 0.5350616490559479],
              [99.95784366299786, 0.5346660750559128],
              [99.95688966299787, 0.5318050750559128],
              [99.9563691879979, 0.5308401250559458],
              [99.95624218299793, 0.5306046590559529],
              [99.95598566299786, 0.5301290750559129],
              [99.9559856279979, 0.5301290200559519],
              [99.95597571299794, 0.5301134560559858],
              [99.9557346239979, 0.5297349840559629],
              [99.95507252999795, 0.5286955980559609],
              [99.95436066299786, 0.5275780760559459],
              [99.95414847799793, 0.5273658900559468],
              [99.95257766299787, 0.5257950750559128],
              [99.95131166299787, 0.5254200750559128],
              [99.95004583799795, 0.5247291710559379],
              [99.95004566299787, 0.5247290750559128],
              [99.95001409999793, 0.5241030840559379],
              [99.94999766299786, 0.5237770750559129],
              [99.95041966299786, 0.5227450750559128],
              [99.95108466299786, 0.5217900750559128],
              [99.9526785149979, 0.5204595350559349],
              [99.95393566299786, 0.5194100750559129],
              [99.95393594299793, 0.5194098550559398],
              [99.95430930199791, 0.5191158730559808],
              [99.95481534099792, 0.5187174190559889],
              [99.95514311599794, 0.5184593300559328],
              [99.95576066299786, 0.5179730750559128],
              [99.95676572499792, 0.5173563240559389],
              [99.9575850039979, 0.5168535780559439],
              [99.95854566299786, 0.5162640750559129],
              [99.95891527099792, 0.5160899450559808],
              [99.95942866299787, 0.5158480750559128],
              [99.9594566439979, 0.5157876100559659],
              [99.95955868799791, 0.5155671050559508],
              [99.95991966299786, 0.5147870750559128],
              [99.95991977299792, 0.5147868320559749],
              [99.95991988499793, 0.5147867440559398],
              [99.95992012099794, 0.5147865890559868],
              [99.9602390799979, 0.5144475380559609],
              [99.96055466299786, 0.5141120750559128],
              [99.96046008399793, 0.5134227940559558],
              [99.9604549269979, 0.5133852140559868],
              [99.96040326099791, 0.5133824350559878],
              [99.96020814299794, 0.5133866440559839],
              [99.96018849799793, 0.5133884450559808],
              [99.95993415099792, 0.5134117610559339],
              [99.9595999699979, 0.5134891280559518],
              [99.95940485799792, 0.5135288600559559],
              [99.95920558999791, 0.5135393390559808],
              [99.95901877099794, 0.5135184700559559],
              [99.95888591899791, 0.5134808770559548],
              [99.95882139499793, 0.5134545560559478],
              [99.95880911199794, 0.5134495450559629],
              [99.95869908499793, 0.5133638860559838],
              [99.9585682959979, 0.5132406190559349],
              [99.95843750799793, 0.5131257090559559],
              [99.95825482699792, 0.5130108050559699],
              [99.95801817899792, 0.5129084490559559],
              [99.95775906599795, 0.5127734400559378],
              [99.95774273299793, 0.5127649300559508],
              [99.95760922799792, 0.5126953690559758],
              [99.95741824699792, 0.5125930040559439],
              [99.95732772299795, 0.5125378950559848],
              [99.95725009699794, 0.5124906380559788],
              [99.95708194399793, 0.5123631950559828],
              [99.95695945899791, 0.5122503730559769],
              [99.95682659099793, 0.5121062080559828],
              [99.95673316099794, 0.5119578590559538],
              [99.95666048799791, 0.5118011480559659],
              [99.95661829799792, 0.5116818240559409],
              [99.95658365299795, 0.5115838360559478],
              [99.95648693199792, 0.5112371620559348],
              [99.95639268399793, 0.5110841800559598],
              [99.95624221399794, 0.5109495710559738],
              [99.95613430399794, 0.5108945150559658],
              [99.95604463999791, 0.5108700510559888],
              [99.9558987399979, 0.5108333540559469],
              [99.95583186199792, 0.5107966450559759],
              [99.95579234299794, 0.5107400410559678],
              [99.95579081599794, 0.5106849690559588],
              [99.9557923249979, 0.5106191780559608],
              [99.95581814799795, 0.5105380940559738],
              [99.95583637599793, 0.5104508870559389],
              [99.95584395499793, 0.5103575580559578],
              [99.9558424259979, 0.5102825950559828],
              [99.95581534499792, 0.5102269560559448],
              [99.95580594099795, 0.5102076350559769],
              [99.95575881999793, 0.5101571560559388],
              [99.95569954499791, 0.5101265620559868],
              [99.95561443999793, 0.5101265750559638],
              [99.95552629999793, 0.5101418850559438],
              [99.95544575599791, 0.5101740280559428],
              [99.95531811299793, 0.5102383010559638],
              [99.95520718299792, 0.5103041100559409],
              [99.95518267399791, 0.5103191600559428],
              [99.95508257899792, 0.5103806220559618],
              [99.95494580999792, 0.5104678460559878],
              [99.95478017899791, 0.5105688430559359],
              [99.9546403689979, 0.5106361850559579],
              [99.95448232499791, 0.5106897520559669],
              [99.9543151569979, 0.5107234370559719],
              [99.95416774599789, 0.5107295740559858],
              [99.95405376499792, 0.5107035830559569],
              [99.95388202699792, 0.5106347690559828],
              [99.95370724499793, 0.5105904240559338],
              [99.95351576399793, 0.5105766850559379],
              [99.95342609599794, 0.5105889380559598],
              [99.9533318859979, 0.5106363800559418],
              [99.95317537299792, 0.5107740930559569],
              [99.95307204599794, 0.5109056840559698],
              [99.95297480599794, 0.5110586840559819],
              [99.9528730169979, 0.5112606530559698],
              [99.9527848979979, 0.5114167190559589],
              [99.95266942199794, 0.5116094980559328],
              [99.9525250729979, 0.5117931100559329],
              [99.9523548929979, 0.5119935590559659],
              [99.9521695129979, 0.5121618710559378],
              [99.9519552519979, 0.5123286660559788],
              [99.95177594799793, 0.5124465000559578],
              [99.9515890229979, 0.5125046580559598],
              [99.95135650999794, 0.5125414110559778],
              [99.9511923859979, 0.5125536750559408],
              [99.95107536099795, 0.5125414530559879],
              [99.9509385809979, 0.5124986400559378],
              [99.9507865899979, 0.5124114590559689],
              [99.95067411599791, 0.5123043790559478],
              [99.95056467799793, 0.5121835320559428],
              [99.95046751299793, 0.5120735230559749],
              [99.95046739899794, 0.5120733930559849],
              [99.95036100099793, 0.5119785510559749],
              [99.9502257349979, 0.5119020780559398],
              [99.95007831399795, 0.5118500860559858],
              [99.9499506499979, 0.5118393940559398],
              [99.94983667299795, 0.5118348240559528],
              [99.94965430399793, 0.5118256700559558],
              [99.94951600899793, 0.5118119220559408],
              [99.94941113999795, 0.5117828640559449],
              [99.94930626799794, 0.5117369890559328],
              [99.94919076299794, 0.5116650990559748],
              [99.9490828469979, 0.5115763830559819],
              [99.94897644999793, 0.5114830710559348],
              [99.94884421699794, 0.5113821180559769],
              [99.94872415699791, 0.5113224680559508],
              [99.9485782579979, 0.5112934150559598],
              [99.94839284299792, 0.5112873280559849],
              [99.94828342199793, 0.5112873440559869],
              [99.94814513199793, 0.5113026620559399],
              [99.94801140099793, 0.5113409280559869],
              [99.9477355289979, 0.5114047370559689],
              [99.9477135389979, 0.5114098230559558],
              [99.94739592499792, 0.5114710670559508],
              [99.94707526799795, 0.5114986500559698],
              [99.94684426999794, 0.5115124530559708],
              [99.9465600829979, 0.5115140240559558],
              [99.94634579499791, 0.5115002870559379],
              [99.94574090899795, 0.5113030190559729],
              [99.94552965299795, 0.5111883100559709],
              [99.94539133499791, 0.5110781760559608],
              [99.94530469599795, 0.5109741510559759],
              [99.94522565599794, 0.5108410580559879],
              [99.94514964499791, 0.5106666620559538],
              [99.94507514699791, 0.5105075620559348],
              [99.94500522699792, 0.5103790630559648],
              [99.94488058599791, 0.5102689280559648],
              [99.94471036799791, 0.5102199950559478],
              [99.94447936799793, 0.5102169630559529],
              [99.94431372299795, 0.5102185250559759],
              [99.94417542099791, 0.5102185460559808],
              [99.94400520599794, 0.5101879680559729],
              [99.9438577829979, 0.5101176110559469],
              [99.94372099399794, 0.5100105440559588],
              [99.94354772099791, 0.5098392190559619],
              [99.94324524899793, 0.5095470490559388],
              [99.94298534499791, 0.5093237120559738],
              [99.9428090269979, 0.5091523880559659],
              [99.94267070899792, 0.5089764710559879],
              [99.94257797699794, 0.5088081910559619],
              [99.94253996399794, 0.5086659200559468],
              [99.94251258399794, 0.5084838630559858],
              [99.9425004019979, 0.5083125150559479],
              [99.94249125799791, 0.5081503470559738],
              [99.94239548799794, 0.5079774720559418],
              [99.9422830139979, 0.5078704020559859],
              [99.94212191299795, 0.5077954600559589],
              [99.94196080999791, 0.5077587660559428],
              [99.94177539899795, 0.5077236030559359],
              [99.94160518199794, 0.5076777290559709],
              [99.9414227989979, 0.5075721880559878],
              [99.94127840599793, 0.5074620540559779],
              [99.94115225199795, 0.5073228540559428],
              [99.94102456499792, 0.5071591750559749],
              [99.9409257619979, 0.5070092510559479],
              [99.94085867999792, 0.5068967380559708],
              [99.9408254369979, 0.5068409830559658],
              [99.9406947099979, 0.5066466990559348],
              [99.94058381899794, 0.5064846650559648],
              [99.9405366239979, 0.5064157040559538],
              [99.94047853999791, 0.5063341550559388],
              [99.94041350199791, 0.5062428430559438],
              [99.94022806599793, 0.5060332720559728],
              [99.94006435699794, 0.5058849860559609],
              [99.9400304759979, 0.5058542970559329],
              [99.93982072099794, 0.5056799190559358],
              [99.93966265299792, 0.5055743740559389],
              [99.93947115699791, 0.5054627190559838],
              [99.93930397099791, 0.5053785970559519],
              [99.93912462899794, 0.5052944760559659],
              [99.9389164139979, 0.5052103600559829],
              [99.9386853999979, 0.5051140070559799],
              [99.93846806099793, 0.5050038850559558],
              [99.93822336099794, 0.5048448090559678],
              [99.93794217799791, 0.5046168970559538],
              [99.93779903499791, 0.5044438500559778],
              [99.93773675399791, 0.5043737050559829],
              [99.93765148899791, 0.5042655090559408],
              [99.93758400799794, 0.5041640210559568],
              [99.9375202369979, 0.5040528270559579],
              [99.93746832799792, 0.5039453670559768],
              [99.93742383099794, 0.5038199940559739],
              [99.93736376599793, 0.5036767140559418],
              [99.93730444199792, 0.5035543280559548],
              [99.93724585799794, 0.5034535910559869],
              [99.93717022699792, 0.5033535970559488],
              [99.9370627219979, 0.5032394240559629],
              [99.93690924099792, 0.5030976480559418],
              [99.93673056399791, 0.5029603550559758],
              [99.93635985699791, 0.5026865200559458],
              [99.9362137909979, 0.5025551920559368],
              [99.9360551239979, 0.5024074460559549],
              [99.93601865699793, 0.5023677300559508],
              [99.93590164799792, 0.5022402970559628],
              [99.9357607699979, 0.5020709020559618],
              [99.93559541499792, 0.5018336020559818],
              [99.9354322839979, 0.5015776480559708],
              [99.93525432299793, 0.5012896020559339],
              [99.9351800749979, 0.5011757850559349],
              [99.9351403479979, 0.5011148890559558],
              [99.93511307399791, 0.5010730790559849],
              [99.9350303909979, 0.5009463340559388],
              [99.9349747849979, 0.5008791740559818],
              [99.93488136499792, 0.5007918660559338],
              [99.93480499599792, 0.5007448640559599],
              [99.93471158199793, 0.5006993500559388],
              [99.9346018579979, 0.5006545860559438],
              [99.93448250299792, 0.5006232590559558],
              [99.93432533599793, 0.5006008920559708],
              [99.93421265199794, 0.5005919530559738],
              [99.93401841999793, 0.5005785470559798],
              [99.9337953359979, 0.5005747430559638],
              [99.93357138199792, 0.5005787290559879],
              [99.93341618699793, 0.5005866660559518],
              [99.93331796399792, 0.5006005210559719],
              [99.93320598399794, 0.5006163580559498],
              [99.93307239199794, 0.5006163780559658],
              [99.93288693299792, 0.5005994330559388],
              [99.93285629599791, 0.5005966340559809],
              [99.9326539359979, 0.5005472180559568],
              [99.93247712099793, 0.5004819830559338],
              [99.93231601999793, 0.5004088330559429],
              [99.9321863539979, 0.5003455650559798],
              [99.9320959729979, 0.5002763570559668],
              [99.9319780819979, 0.5001814440559689],
              [99.93189556199792, 0.5000964140559888],
              [99.9318208939979, 0.5000014950559408],
              [99.93180078399791, 0.49997007705594887],
              [99.93178878399794, 0.49995133005593584],
              [99.93164856999795, 0.49973574505595786],
              [99.93162985499794, 0.4996844260559359],
              [99.93157027199794, 0.4995210460559889],
              [99.93154873599792, 0.4994107420559568],
              [99.93154089699794, 0.49932604405593384],
              [99.9315408849979, 0.4992374010559648],
              [99.93154281599794, 0.4990404220559559],
              [99.93154081699794, 0.49875480905593883],
              [99.93145862099794, 0.4986110250559508],
              [99.9313862129979, 0.4985558810559638],
              [99.93132359999794, 0.4985539180559758],
              [99.93124141499794, 0.49855787305598687],
              [99.9311768539979, 0.49857166905594885],
              [99.9310653269979, 0.4986209320559428],
              [99.93101837299793, 0.49866033605594884],
              [99.93096359699791, 0.49873716205594587],
              [99.93085599399791, 0.49882187505598086],
              [99.93076598599794, 0.4988514330559748],
              [99.93066032899793, 0.49884948505594184],
              [99.93054683399794, 0.49882389305595587],
              [99.9304685609979, 0.49878056305597385],
              [99.93036875999792, 0.4986880000559639],
              [99.93029830199794, 0.4985619430559749],
              [99.9302513269979, 0.4984555850559358],
              [99.93021804399791, 0.49833936605598683],
              [99.9302062949979, 0.4982428540559598],
              [99.93019649999792, 0.49817785005593884],
              [99.93013191299792, 0.49807148705595283],
              [99.9300184209979, 0.49800650705596183],
              [99.9298853609979, 0.4979631860559408],
              [99.9297973069979, 0.49795729105598285],
              [99.92964664199792, 0.49796912705598084],
              [99.92949989799791, 0.4980006640559649],
              [99.92936098199795, 0.49804599505593183],
              [99.9292122799979, 0.4980775340559518],
              [99.92907334899792, 0.49808148805597385],
              [99.92887767999792, 0.49806773005595084],
              [99.92853721599795, 0.4980264100559708],
              [99.9284832919979, 0.4980100600559608],
              [99.92839436999793, 0.49798309905595783],
              [99.92830240399792, 0.4979496240559489],
              [99.92817912699792, 0.4978905430559879],
              [99.92791690499791, 0.4977290620559669],
              [99.92759597299795, 0.49746909505593384],
              [99.92734493099795, 0.49725553305593484],
              [99.92710659299792, 0.49705532405597785],
              [99.92690518099795, 0.4968861340559698],
              [99.92661361699794, 0.4966931320559669],
              [99.92649815599793, 0.4966261800559688],
              [99.92634356399793, 0.49650210705597386],
              [99.9262828989979, 0.4964351390559758],
              [99.92622418299794, 0.49635438205594085],
              [99.92616155599791, 0.49625787905598884],
              [99.92610675499793, 0.4961613640559368],
              [99.92603042999792, 0.49603333605598676],
              [99.92594823599791, 0.4959072810559779],
              [99.92589261899792, 0.4958295440559508],
              [99.92584254999792, 0.4957595630559839],
              [99.92574664699794, 0.4955862350559668],
              [99.92558029699791, 0.49531442305597284],
              [99.9253963149979, 0.49495004405595483],
              [99.92528278899795, 0.49464277305595783],
              [99.92520448299791, 0.49436306805593183],
              [99.92516559099795, 0.49422977005595187],
              [99.92514183999793, 0.49414836805597384],
              [99.92511638899794, 0.49406367205598684],
              [99.9251099369979, 0.49405018705597586],
              [99.9249637189979, 0.49374459205593285],
              [99.92471321899791, 0.4934117290559498],
              [99.92440792299794, 0.49302766505594786],
              [99.92409089299792, 0.49264556505597984],
              [99.9238599659979, 0.4924013430559878],
              [99.9234822829979, 0.49203501805597183],
              [99.92338248199792, 0.49200154405595287],
              [99.9232807339979, 0.4919936780559768],
              [99.92317898699793, 0.49200157305598685],
              [99.92300485699792, 0.49205872405595086],
              [99.92280137299792, 0.4921395050559598],
              [99.92267809899795, 0.49216119705597783],
              [99.92259983099791, 0.49215726405596183],
              [99.92252743699794, 0.49212970305593684],
              [99.9224745929979, 0.49208046205593786],
              [99.92242958399794, 0.49202334205598686],
              [99.92237869999792, 0.49191894705593586],
              [99.92233171699792, 0.49175153005593586],
              [99.92231211999791, 0.49156045905597484],
              [99.92230427799791, 0.4914481790559788],
              [99.92228273999791, 0.49133196705595583],
              [99.92223965799792, 0.4911093840559748],
              [99.9221887739979, 0.49100302705598187],
              [99.9221241819979, 0.49086317305598487],
              [99.92201850399795, 0.49069576205597787],
              [99.9219069489979, 0.49054015705594584],
              [99.92161536199791, 0.4902506400559478],
              [99.92124550199793, 0.48992173805596884],
              [99.92090303599792, 0.48955934305594484],
              [99.9206623369979, 0.48934269505595285],
              [99.9205331809979, 0.48926589305598583],
              [99.92038838299794, 0.48920485105595884],
              [99.9202514089979, 0.48919501905596985],
              [99.9200733539979, 0.4892029230559418],
              [99.91994380299792, 0.48923594205594184],
              [99.9199109579979, 0.4892443130559768],
              [99.91971137799794, 0.48929358805595785],
              [99.91959006799794, 0.48928768905598485],
              [99.9195059259979, 0.48924239705594585],
              [99.91944525299795, 0.48917149305596286],
              [99.9194041539979, 0.48905725405593586],
              [99.91936694399794, 0.4888661870559328],
              [99.91935716999791, 0.48881817105593983],
              [99.91933366499791, 0.48870270105597086],
              [99.91928275099792, 0.48843678005597685],
              [99.91921228699795, 0.48826344705595687],
              [99.91907921399792, 0.48813149105593784],
              [99.91893441599791, 0.48807045005595784],
              [99.9187700529979, 0.48805668705598787],
              [99.91862557999792, 0.4880528740559528],
              [99.91862134499792, 0.48805276205594383],
              [99.91831804599792, 0.48800552905596783],
              [99.91822803799795, 0.48796811705598486],
              [99.91817128299795, 0.48790509105596386],
              [99.91813408899793, 0.48775539205594487],
              [99.91814581199793, 0.48767265505598784],
              [99.91818689399793, 0.48758992205598883],
              [99.9182350729979, 0.4875155960559848],
              [99.91827883599791, 0.48744808405594187],
              [99.91835903699791, 0.48725502805594084],
              [99.91838053399795, 0.48707577605598784],
              [99.91838052099791, 0.48698122605595984],
              [99.91835311699793, 0.4868709210559388],
              [99.91826896599792, 0.48674881105598883],
              [99.91814372099793, 0.48662866805598487],
              [99.91804196199791, 0.48654398205594884],
              [99.91794411499791, 0.48648096205597785],
              [99.91778365799792, 0.48637658305598586],
              [99.91772215099792, 0.48633699105597783],
              [99.91769272499795, 0.48610330205595187],
              [99.91765172099792, 0.48577765805596584],
              [99.91763666299786, 0.48565807505591285],
              [99.91757566299786, 0.4847070750559128],
              [99.91754934799792, 0.4845246570559568],
              [99.9174518249979, 0.4838486190559618],
              [99.9174310549979, 0.48370464605598285],
              [99.91736966299786, 0.48327907505591283],
              [99.91689666299786, 0.4821920750559128],
              [99.91673901399793, 0.48203390905594284],
              [99.91628666299786, 0.4815800750559128],
              [99.91627251799792, 0.4815698580559488],
              [99.91512366299786, 0.4807400750559128],
              [99.91425399599791, 0.4802587730559508],
              [99.91344866299787, 0.47981307505591286],
              [99.91311266299786, 0.47947307505591286],
              [99.91257066299787, 0.47852107505591285],
              [99.91236466299786, 0.4779100750559128],
              [99.91202966299787, 0.47689007505591285],
              [99.91138166299785, 0.4758250750559128],
              [99.9105548909979, 0.47467601805597287],
              [99.91053766299787, 0.47465207605598886],
              [99.90945866299786, 0.47333807505591285],
              [99.90938462999793, 0.47326701405593485],
              [99.90877368099791, 0.47268059405594487],
              [99.90852331599791, 0.47244028005594885],
              [99.90822553699792, 0.4721544550559568],
              [99.9080886999979, 0.47202311105594685],
              [99.9078785779979, 0.47192196005597986],
              [99.9076851359979, 0.47182885405597086],
              [99.90712563199793, 0.47155956005595084],
              [99.90701866299786, 0.47150807505591286],
              [99.90494166299786, 0.4710590750559128],
              [99.90260766299787, 0.47085107505591284],
              [99.90229233499792, 0.47088984505593584],
              [99.89955766299786, 0.47122607505591285],
              [99.89732634899792, 0.47130573105597784],
              [99.89720466299786, 0.4713100750559128],
              [99.8972045309979, 0.4713100820559508],
              [99.89671519299793, 0.47133275005593583],
              [99.89495966299786, 0.47141407605597885],
              [99.89214466299786, 0.47150807505591286],
              [99.89095790799792, 0.47137410305596483],
              [99.89095766299786, 0.47137407505591283],
              [99.89025726699793, 0.4708407760559368],
              [99.88946966299787, 0.47024107505591284],
              [99.88758073399794, 0.46843267205595385],
              [99.88726466299786, 0.46813007505591286],
              [99.88386987299793, 0.46700714405598387],
              [99.88386966299787, 0.46700707605596387],
              [99.88214864099791, 0.4668388480559568],
              [99.88191566299786, 0.4668160750559128],
              [99.88032066299786, 0.46719107505591284],
              [99.87784166299787, 0.4682270750559128],
              [99.8765119079979, 0.46864699805594484],
              [99.87651166299786, 0.46864707505591285],
              [99.87465266299786, 0.46838807505591284],
              [99.87324358499791, 0.46767948905598183],
              [99.87273766299786, 0.46742507505591285],
              [99.87084266299786, 0.46569007505591287],
              [99.87038321299792, 0.46554563805598587],
              [99.86963557299794, 0.46531060205593583],
              [99.86880418199792, 0.46504923805595383],
              [99.86880366299786, 0.46504907505591286],
              [99.86731366299786, 0.46507207505591286],
              [99.86550466299786, 0.4651790750559128],
              [99.86408566299787, 0.46526807505591283],
              [99.86173966299786, 0.46479807505591286],
              [99.86056066299786, 0.46416307505591287],
              [99.85967286099793, 0.46391192605598486],
              [99.85935801199793, 0.46382285905595183],
              [99.85838678299791, 0.46354810905593485],
              [99.8576579419979, 0.46363651905598185],
              [99.85683766299786, 0.46373607505591286],
              [99.8563959259979, 0.46406216205595285],
              [99.85547174599793, 0.46474438605595486],
              [99.85535228499793, 0.46483257105593584],
              [99.85488966299786, 0.4651740760559878],
              [99.8547154079979, 0.46530878705597484],
              [99.85461202699793, 0.46538870805598287],
              [99.8537994119979, 0.46601691905597387],
              [99.85252766299786, 0.46700007505591284],
              [99.85216669599794, 0.46734019305593183],
              [99.85008666299787, 0.46930007505591287],
              [99.84904966299786, 0.4699490750559128],
              [99.84741566299786, 0.46957907505591284],
              [99.84224877999793, 0.46456885405594084],
              [99.8412250759979, 0.46357620105597186],
              [99.83897366299786, 0.46139307505591287],
              [99.83701666299787, 0.4595940750559128],
              [99.83645068199792, 0.45924139105598283],
              [99.83635714999792, 0.45918310705594884],
              [99.83553866299786, 0.45867307505591287],
              [99.83553847599791, 0.45867309105598486],
              [99.82668201399792, 0.4594139620559328],
              [99.82668110899795, 0.45941451505593983],
              [99.82708295899795, 0.4445472690559458],
              [99.82810114699794, 0.44175175805595784],
              [99.8284394189979, 0.4386305570559588],
              [99.8283786699979, 0.43437449105597686],
              [99.8280413909979, 0.42941291005594484],
              [99.82795906799794, 0.42820189105596285],
              [99.82785778299791, 0.42788263205598287],
              [99.82751931499791, 0.42681575705593383],
              [99.82699582499794, 0.42516567405597483],
              [99.82660765599792, 0.42394213305597384],
              [99.82570023699793, 0.42108187505597483],
              [99.82329916099792, 0.41840469505594086],
              [99.8197195869979, 0.4164299110559708],
              [99.81679487799789, 0.41542069105595686],
              [99.81504877199791, 0.41476248505598784],
              [99.81482248899795, 0.41469076205596883],
              [99.81261916199793, 0.41399239505598484],
              [99.8090031249979, 0.4144742350559478],
              [99.80554669899794, 0.41570499205597883],
              [99.80262198399794, 0.4162937430559878],
              [99.79948444799794, 0.41581260405594384],
              [99.7977294569979, 0.41468936205593787],
              [99.79682529299794, 0.41324506505596087],
              [99.7957042149979, 0.41270582805596184],
              [99.7956021529979, 0.41265673605597886],
              [99.79448536799794, 0.41228237105595184],
              [99.79352817799793, 0.41238946005593385],
              [99.79291012099793, 0.41272099605596685],
              [99.79177352699793, 0.41333068405596385],
              [99.7914234729979, 0.41351845805594684],
              [99.7886583919979, 0.41517711205598584],
              [99.78443459699793, 0.41756777005595286],
              [99.7844043809979, 0.41758487205596884],
              [99.77970460599795, 0.41854771005593283],
              [99.77827862599793, 0.41883984905594185],
              [99.76750965999793, 0.42104607505591285],
              [99.76668966199793, 0.4208540720559458],
              [99.7664466639979, 0.4199940730559458],
              [99.7658066599979, 0.4189850720559458],
              [99.76503066399795, 0.4188600710559878],
              [99.7701682369979, 0.4109263450559548],
              [99.7716781729979, 0.40744699405594487],
              [99.7725030459979, 0.4052288560559558],
              [99.77288081099795, 0.40322497805597385],
              [99.77274319499793, 0.40135934705598686],
              [99.77180045399791, 0.40005971805597085],
              [99.77062041599794, 0.39934209005595284],
              [99.76951365999793, 0.39866902805597687],
              [99.7672801689979, 0.3984552520559678],
              [99.7623611609979, 0.40016256105594983],
              [99.75712370799795, 0.40121636105597286],
              [99.75546475799791, 0.40145166705595187],
              [99.75285288699791, 0.40182213605596884],
              [99.74908424699794, 0.40140908905597383],
              [99.74819328499791, 0.3992043890559808],
              [99.74812460099793, 0.39741300805594887],
              [99.74874987499794, 0.39612749405598885],
              [99.7491521489979, 0.39513322805596784],
              [99.74902449299793, 0.39455561005594586],
              [99.7488329989979, 0.39346454305594186],
              [99.7485138759979, 0.39198841305598386],
              [99.74806719499793, 0.39102573005597185],
              [99.74736527299791, 0.38967798605598586],
              [99.7469070119979, 0.38900197305595485],
              [99.74640816499794, 0.38826608905596083],
              [99.74481308499793, 0.38717513605594384],
              [99.74379219499792, 0.3860841500559358],
              [99.74372799099791, 0.38602674905594386],
              [99.74321795999793, 0.38557075505595184],
              [99.74315407799793, 0.38454386105594585],
              [99.74321775799791, 0.38313186105598585],
              [99.74340907199792, 0.38216912105595185],
              [99.74468496399794, 0.38120629505597486],
              [99.7457695099979, 0.38062856105598586],
              [99.74634363199795, 0.37972998205596287],
              [99.74763180999793, 0.37928299405594185],
              [99.74819374899795, 0.37908800505597684],
              [99.74995808699794, 0.37901025005596983],
              [99.7544074359979, 0.3759013510559868],
              [99.75483454699793, 0.37560291405596086],
              [99.75572339899793, 0.37490147805597485],
              [99.76174281699792, 0.37015125705597984],
              [99.76621300099794, 0.36824300905597385],
              [99.7679739709979, 0.36735706005596586],
              [99.76926079499793, 0.36633486705598284],
              [99.76926066099793, 0.36476770805593584],
              [99.7698023359979, 0.36265537905593687],
              [99.7729855379979, 0.35999772005597186],
              [99.77413695799794, 0.35972506905598284],
              [99.7748819609979, 0.35911177205595385],
              [99.77589793499794, 0.35897540005596784],
              [99.7763043199979, 0.35883908905596185],
              [99.77657521899795, 0.35856652305598385],
              [99.77610098599791, 0.3572719410559698],
              [99.77542349099792, 0.3551597190559758],
              [99.7750168919979, 0.35270678305597886],
              [99.7749340729979, 0.35252353005593284],
              [99.7746781709979, 0.35195730205596487],
              [99.77406849199792, 0.35086714305596484],
              [99.77311748399791, 0.3500823680559648],
              [99.77257556399792, 0.34926476505593484],
              [99.7710176309979, 0.34831095105597887],
              [99.7665472309979, 0.34735739205593985],
              [99.7621445829979, 0.34674450705598786],
              [99.7599770909979, 0.34599516105596684],
              [99.75973666299787, 0.34583107705596183],
              [99.75624114299791, 0.33974827205595687],
              [99.75215193999793, 0.33297274605594385],
              [99.7530408969979, 0.32405280505595585],
              [99.75632033799792, 0.31741241605597287],
              [99.76359866499791, 0.31185732505595387],
              [99.77198277099791, 0.31330414705594484],
              [99.77879461899795, 0.31893958905597186],
              [99.78628912599794, 0.3208840030559518],
              [99.78898448999792, 0.31502169605597885],
              [99.79002607499791, 0.30891699905596687],
              [99.79164405099795, 0.30484718505597685],
              [99.79482774199795, 0.29978388905597386],
              [99.79504266399795, 0.2994420790559648],
              [99.80170866499793, 0.29999807205594187],
              [99.80745866299786, 0.29972007505591286],
              [99.81437566299786, 0.2999700720559558],
              [99.82093066299787, 0.3041920740559618],
              [99.82890366499794, 0.30569207905598683],
              [99.83012172499792, 0.30766379105598685],
              [99.83229636599793, 0.30827877205594184],
              [99.83440803299794, 0.30797103005598087],
              [99.8364366649979, 0.3071534060559458],
              [99.83795729499792, 0.30574535105593287],
              [99.83953870699793, 0.30436113805593784],
              [99.84087768999791, 0.30544659205595787],
              [99.84409447899793, 0.30335663805597385],
              [99.84743110799792, 0.30241451805598285],
              [99.84923665899794, 0.30230340505597986],
              [99.84907266799792, 0.30347384705596886],
              [99.84907275199794, 0.30455035805597686],
              [99.8489829869979, 0.3057444790559458],
              [99.84941999199793, 0.30682007705594583],
              [99.8484080759979, 0.30810561205596787],
              [99.8473747959979, 0.30932694705593583],
              [99.84670995799792, 0.31080155005595583],
              [99.84726999999793, 0.31233674605597583],
              [99.84671020299794, 0.31385920505597686],
              [99.84637785699795, 0.31549661505597687],
              [99.84709684799793, 0.31697110505594184],
              [99.85037674299792, 0.3175226590559678],
              [99.8519043479979, 0.31757681105598584],
              [99.8539890869979, 0.3177485170559318],
              [99.8559366589979, 0.31830340805596785],
              [99.8559366649979, 0.3185867380559698],
              [99.85760157799791, 0.31980172405594987],
              [99.8598210969979, 0.31991009205593485],
              [99.86318181299794, 0.31994599305598087],
              [99.8678184669979, 0.31938473005597284],
              [99.86926520899794, 0.31963790305594886],
              [99.8729851369979, 0.31714081905597885],
              [99.8747375299979, 0.31899515105597187],
              [99.87576181899794, 0.31785523605596183],
              [99.87962549399793, 0.3151410340559688],
              [99.88395622399793, 0.31000240905593984],
              [99.89433163399792, 0.3103156700559708],
              [99.8959073509979, 0.31036324505596685],
              [99.90298665999791, 0.3113311860559658],
              [99.9041506679979, 0.31202893305596985],
              [99.90979077599792, 0.31540981005595387],
              [99.91528993999793, 0.31418809405597886],
              [99.91979221999793, 0.30758118505595183],
              [99.91815332999795, 0.29805340805593483],
              [99.9194866609979, 0.29927562705593386],
              [99.92054221799793, 0.29730340805595284],
              [99.92279221699795, 0.29685896305598186],
              [99.92271931799792, 0.29593314605598686],
              [99.92251444099793, 0.29333118605593683],
              [99.9260144359979, 0.2933311840559578],
              [99.92645820899793, 0.29320101105595586],
              [99.92670928199794, 0.29312736305594483],
              [99.92809776999792, 0.29272007205595685],
              [99.93012554799793, 0.29216451605596183],
              [99.93140332999792, 0.2904700750559128],
              [99.93443541899791, 0.29165170205597285],
              [99.9351811069979, 0.29194230205594385],
              [99.93639784099793, 0.29150683605594485],
              [99.9378199989979, 0.2909978490559548],
              [99.93915332599789, 0.2902478530559878],
              [99.93965314899793, 0.28799866605596985],
              [99.93965690299791, 0.28799749805598684],
              [99.94829170299795, 0.28980587505596084],
              [99.9482922449979, 0.2898059900559388],
              [99.95198563099791, 0.28911622705597084],
              [99.95648666299786, 0.28827563105598086],
              [99.96460101599791, 0.28869194305595186],
              [99.96538630499793, 0.28838697705596383],
              [99.96931733899794, 0.28686036605593285],
              [99.97124113399792, 0.28611326305595286],
              [99.97707221899793, 0.27969011405595284],
              [99.97848776799793, 0.2832309720559608],
              [99.98012794299791, 0.28733370905594285],
              [99.9829266459979, 0.28517985005596785],
              [99.98687563199792, 0.2821407430559618],
              [99.98868078599793, 0.27925896205597683],
              [99.9907590989979, 0.2759411070559418],
              [99.99181700099791, 0.27425225405598086],
              [100.0002634369979, 0.27524659805597185],
              [100.00173618799795, 0.26466274805598283],
              [100.00789979399792, 0.25949703505598587],
              [100.00864351699789, 0.25890023105593185],
              [100.01440483299791, 0.25427703705595683],
              [100.01939904199793, 0.25058648105597586],
              [100.0222396829979, 0.24883080605594887],
              [100.02550890499793, 0.2514527680559838],
              [100.0267056979979, 0.2524126130559378],
              [100.03365159599792, 0.25499916605595285],
              [100.04168111199795, 0.25308118305595384],
              [100.0475152019979, 0.24519240205593484],
              [100.04778794699791, 0.24457057205593485],
              [100.0512922189979, 0.23658118305594683],
              [100.0560977699979, 0.23908118205595486],
              [100.05866521799794, 0.24003368205593784],
              [100.05920416199791, 0.24222243205595384],
              [100.0603360809979, 0.24415796205597884],
              [100.06095183899794, 0.23941824405598283],
              [100.06014769399792, 0.23572863005598785],
              [100.05973449199792, 0.23352182305593785],
              [100.06046224699793, 0.23137832305594985],
              [100.05869255099793, 0.22744399505593585],
              [100.05900705099793, 0.22555374305598283],
              [100.05868369299793, 0.22297610605598084],
              [100.06007632699794, 0.21890618605597484],
              [100.0609747719979, 0.21683507905596885],
              [100.06183727299793, 0.21472776605595784],
              [100.06275374399792, 0.21042268705595285],
              [100.06261905499792, 0.20788121305595583],
              [100.06388583199794, 0.20600907405595584],
              [100.06323902299795, 0.20455293405593986],
              [100.0610020509979, 0.20476088205596485],
              [100.05878305099793, 0.20446235705595983],
              [100.05686955199792, 0.20201130005598583],
              [100.05744457599792, 0.19983163205593285],
              [100.05798366699793, 0.19761576605596085],
              [100.06062499499791, 0.19511960205598183],
              [100.0608316619979, 0.19321127005595384],
              [100.05952010699792, 0.18946688005594584],
              [100.06491046899794, 0.18723307305596384],
              [100.0642546929979, 0.18546941105593384],
              [100.0636169099979, 0.18331682505596783],
              [100.0619819089979, 0.17988899205597883],
              [100.06053558299794, 0.17818862905598085],
              [100.05997863299791, 0.17597274105595784],
              [100.05793285099793, 0.16435867305598584],
              [100.05943291199793, 0.15510478505593983],
              [100.06211313599795, 0.15138498405595185],
              [100.06335020399791, 0.14966809505598586],
              [100.06042978799792, 0.14505490405595384],
              [100.05840519499793, 0.14645207605595084],
              [100.05531735599794, 0.14858299405598485],
              [100.04779666499792, 0.14785969105595584],
              [100.04210019999795, 0.15203007805594385],
              [100.04202442899793, 0.14474849705597184],
              [100.04201896699794, 0.14422355105598683],
              [100.04073381999791, 0.13855188705595384],
              [100.03940370099792, 0.13157762405593584],
              [100.03220610199793, 0.12197124905595985],
              [100.0272100449979, 0.11582931005598585],
              [100.0220432039979, 0.10766108305598684],
              [100.01395628099795, 0.10388922105597985],
              [100.00639942499794, 0.09829909305598485],
              [99.9984292289979, 0.09250089305596984],
              [99.99527883999792, 0.08549834105595285],
              [99.99462818499791, 0.08405209205598384],
              [99.98987480699793, 0.07994535105593985],
              [99.98834682999791, 0.07812421905596484],
              [99.98215612899793, 0.07074578205596585],
              [99.98037701499794, 0.07074581905597184],
              [99.9845999999979, 0.06249580705595284],
              [99.9905122379979, 0.05325073205598584],
              [99.9947352409979, 0.04430422805593584],
              [99.99765539899795, 0.036886524055958846],
              [100.00350877399791, 0.030548714055967846],
              [100.0107922179979, 0.025470075055912842],
              [100.01695866699794, 0.019859076055936845],
              [100.02909766299786, 0.015025073055951844],
              [100.03384777299794, 0.012025634055944846],
              [100.03620888699794, 0.009497851055939843],
              [100.02782794799793, 0.005361400055974843],
              [100.02789077099794, 0.002604885055987844],
              [100.02804359199791, -0.0041004779440501566],
              [100.02790895199792, -0.006073078944027156],
              [100.0277491529979, -0.008414295944064155],
              [100.02716061799794, -0.014017901944029156],
              [100.02686651499795, -0.014905965944067156],
              [100.02434406999794, -0.020361503944045158],
              [100.02375552799793, -0.022391491944049158],
              [100.02369493099792, -0.023149377944023157],
              [100.02370710399794, -0.023750871944045158],
              [100.02512587499791, -0.024516660944059156],
              [100.02612994699791, -0.025379459944062155],
              [100.02696644599791, -0.026158073944018156],
              [100.02786587099791, -0.026978563944041155],
              [100.02870978099793, -0.028910430944037155],
              [100.03086031599793, -0.028976608944035157],
              [100.03101651099792, -0.029157878944019156],
              [100.03125379299792, -0.030145578944015157],
              [100.03117308999794, -0.030539489944019158],
              [100.03158905999794, -0.031063048944062158],
              [100.0323463939979, -0.031113911944018156],
              [100.03260474199794, -0.03148328494403116],
              [100.03267048999794, -0.03184962094404416],
              [100.03262034299792, -0.03231432194404216],
              [100.0328085259979, -0.03315469994406316],
              [100.0327634399979, -0.03395793894405616],
              [100.03281907299794, -0.034120453944055155],
              [100.0327215139979, -0.034597086944060156],
              [100.03325738799793, -0.03548045194405316],
              [100.0337060159979, -0.03567289994406016],
              [100.03401493499791, -0.035737497944055154],
              [100.03432406499792, -0.035911039944025155],
              [100.03543140899791, -0.036189464944058156],
              [100.03710495499791, -0.035985512944066156],
              [100.03774112499792, -0.03620575794404616],
              [100.0383718199979, -0.03678569794401216],
              [100.0384575899979, -0.037332442944020154],
              [100.0383615059979, -0.03775505294406416],
              [100.03824940699792, -0.03812937994403816],
              [100.03785494199792, -0.038537587944049156],
              [100.03757047599794, -0.039124065944051156],
              [100.03760967599794, -0.03964965394406716],
              [100.03736566599792, -0.040053132944067156],
              [100.03647684999794, -0.04056027394402416],
              [100.0367075939979, -0.040908374944067155],
              [100.03697837299791, -0.04102249294406616],
              [100.03722913899793, -0.04166298594405716],
              [100.0372630749979, -0.042420529944067156],
              [100.03776018399793, -0.043684296944022157],
              [100.03770287599792, -0.04426739694405016],
              [100.03738089699795, -0.044490578944064156],
              [100.03682248699795, -0.04459154094404016],
              [100.03623752999795, -0.04500087694405815],
              [100.03579945699789, -0.04617732294404716],
              [100.03553438199793, -0.04698551694404816],
              [100.03553849599791, -0.04740425494405515],
              [100.0355430339979, -0.04786618694406316],
              [100.03524211399792, -0.04836946994406316],
              [100.0351755459979, -0.04848080394405915],
              [100.03493301599792, -0.04921280494402016],
              [100.0351079229979, -0.04968943294402116],
              [100.03560438599794, -0.04996741294404216],
              [100.03613751399791, -0.05013138294405916],
              [100.03677410699794, -0.050352299944038156],
              [100.03680567399795, -0.050376223944042155],
              [100.03718543999793, -0.05066404494401416],
              [100.0371123249979, -0.05100404594405416],
              [100.03680235899793, -0.051332683944039156],
              [100.03489407299793, -0.051754423944018156],
              [100.0346060209979, -0.05201204594406716],
              [100.03414583099794, -0.053580939944012154],
              [100.03401625499794, -0.05459430394402916],
              [100.03309028499791, -0.05573092194406116],
              [100.0328953219979, -0.05597023694404916],
              [100.03228774499792, -0.05685143894406516],
              [100.03202561399792, -0.05722532094402816],
              [100.03112752999795, -0.057897234944036154],
              [100.03027348699794, -0.05853988694404716],
              [100.02998300999792, -0.05896875194405016],
              [100.0299646669979, -0.058995833944024155],
              [100.02987112599794, -0.05913393794405416],
              [100.02965631499791, -0.060312270944038154],
              [100.02954813399793, -0.06080648294401716],
              [100.02955053699793, -0.06113496694403816],
              [100.0296686569979, -0.061380435944031156],
              [100.02981827499792, -0.06161006894403415],
              [100.03007026099795, -0.061966394944065153],
              [100.0304518029979, -0.06233024494405015],
              [100.03084380199795, -0.06255425894401916],
              [100.03132038699795, -0.06269482894406016],
              [100.03187307499792, -0.06273963894402315],
              [100.03222730799791, -0.062390726944031166],
              [100.03263540799793, -0.06167952594402916],
              [100.03265649399793, -0.06164277794401616],
              [100.03294344399791, -0.061194384944016154],
              [100.03330544899791, -0.06094132794406416],
              [100.03372926399794, -0.060861408944035154],
              [100.03443973599792, -0.061096894944043155],
              [100.03468777799793, -0.06139547294405616],
              [100.03501155099792, -0.061785212944059156],
              [100.0351321529979, -0.06199976194402315],
              [100.03527229499792, -0.06224907394401716],
              [100.0357049249979, -0.06324295594406215],
              [100.03604293499791, -0.06386611394405815],
              [100.0361327309979, -0.06423676894404215],
              [100.03617675399789, -0.06441848594401715],
              [100.03614157799791, -0.06512662294402116],
              [100.03622501899792, -0.06533636394401315],
              [100.03636462699791, -0.06533172094405916],
              [100.03654980299791, -0.06529384794406215],
              [100.03660435099795, -0.06541713494401316],
              [100.0366801219979, -0.06552570294404315],
              [100.03685779599795, -0.06578028294403315],
              [100.0369110079979, -0.06590937594403115],
              [100.03709558399794, -0.06635716294401516],
              [100.03719083999795, -0.06657590094401615],
              [100.03727787899794, -0.06675090894405816],
              [100.03724622599793, -0.06692392794404615],
              [100.03717210799795, -0.06706675794406215],
              [100.03694840499793, -0.06722330994402616],
              [100.03688935599791, -0.06726463394402016],
              [100.03653707399792, -0.06727266794403916],
              [100.03652647699795, -0.06727360294404115],
              [100.0363427459979, -0.06728981594402215],
              [100.03623390299794, -0.06729592794401616],
              [100.03608416499793, -0.06732704194404016],
              [100.03599285999792, -0.06736686094403416],
              [100.03633906799791, -0.06810120494405715],
              [100.03594909899795, -0.06859693294403216],
              [100.0360108309979, -0.06884656294401716],
              [100.03572019799793, -0.06931603194401216],
              [100.03539420999795, -0.06897486694406016],
              [100.03528965399789, -0.06882445994402515],
              [100.03513429999794, -0.06888761194402115],
              [100.0349954649979, -0.06899866794405815],
              [100.03483951199792, -0.06908291894403315],
              [100.03467975499791, -0.06915759594402016],
              [100.03460181599792, -0.06916977994403316],
              [100.03426324499793, -0.06932226794405916],
              [100.03417538799795, -0.06936183794401515],
              [100.0343621489979, -0.06957692294405116],
              [100.0345406919979, -0.06972812094402016],
              [100.03448086499793, -0.06978692894402616],
              [100.0344262729979, -0.06981519194401616],
              [100.03424118699792, -0.06991101394406515],
              [100.03404535799791, -0.07012101394404616],
              [100.03407795599793, -0.07020755994402315],
              [100.03398409799792, -0.07028013894402815],
              [100.0338538829979, -0.07038083094401816],
              [100.03368884299795, -0.07045765294405716],
              [100.0336570969979, -0.07047142494404615],
              [100.03378347699794, -0.07073220694404415],
              [100.0336678469979, -0.07095998094403916],
              [100.03334365299793, -0.07107459294404316],
              [100.03300824199795, -0.07121195594406515],
              [100.03296180499791, -0.07123097394405416],
              [100.03284053699792, -0.07128063794401415],
              [100.03274333399793, -0.07105253694406616],
              [100.03268974799795, -0.07092678994403916],
              [100.03266617099791, -0.07086596594403716],
              [100.03272956699794, -0.07083416394401315],
              [100.0325883199979, -0.07047380794402616],
              [100.03254692399793, -0.07048847394405315],
              [100.03241757299793, -0.07015063594404615],
              [100.0324773469979, -0.07012945894403816],
              [100.03232371899793, -0.06972418994404016],
              [100.03260163199792, -0.06964010694405015],
              [100.03277919699792, -0.06960115894405315],
              [100.03295191499791, -0.06954955194406416],
              [100.03311985299791, -0.06948546194404015],
              [100.03307994199793, -0.06913834994405516],
              [100.03305489399793, -0.06894616794402016],
              [100.0331241169979, -0.06893521594405215],
              [100.0331151989979, -0.06888536994402715],
              [100.03311546999794, -0.06877141194404116],
              [100.03303287599795, -0.06858623094403515],
              [100.03297668199792, -0.06847084594402016],
              [100.03277250399793, -0.06853093594405416],
              [100.03256652799791, -0.06859155494406416],
              [100.03248283199792, -0.06859004394401316],
              [100.0324360389979, -0.06858919894402515],
              [100.03204413599792, -0.06858212594401916],
              [100.03158194499792, -0.06857420294402015],
              [100.03126027899793, -0.06856128794406416],
              [100.03118978199791, -0.06855845794403616],
              [100.03099612099794, -0.06858365894406415],
              [100.03088324999794, -0.06859834694402915],
              [100.0308117069979, -0.06860765594403516],
              [100.0307962799979, -0.06860966394405915],
              [100.03064032399794, -0.06859305694403915],
              [100.03016024099793, -0.06854193394404716],
              [100.02992785499794, -0.06857413194403215],
              [100.02974360599791, -0.06857007894403516],
              [100.02968965399793, -0.06856889194402516],
              [100.02967683499793, -0.06856968494405216],
              [100.0296020869979, -0.06857494594406416],
              [100.02957472399794, -0.06857687094405615],
              [100.0294997559979, -0.06858214694402416],
              [100.02944979399791, -0.06858566294401716],
              [100.02932544099792, -0.06857571594405015],
              [100.02926616299794, -0.06857097494405216],
              [100.0291533659979, -0.06856195194403415],
              [100.02910376699793, -0.06855023594401616],
              [100.02875893999794, -0.06846878394405516],
              [100.02837958599793, -0.06835541594402615],
              [100.02803220999795, -0.06819957194402115],
              [100.02789772799792, -0.06815531194403916],
              [100.02748908199794, -0.06802983794402416],
              [100.02719945799794, -0.06799005594403716],
              [100.0268529739979, -0.06794246394405015],
              [100.02664602499794, -0.06791403794402115],
              [100.02654022499792, -0.06790458994406416],
              [100.02642950799793, -0.06791403594404216],
              [100.02637111399793, -0.06795097294404716],
              [100.02632295899792, -0.06798143294405215],
              [100.0262844009979, -0.06800582394406215],
              [100.02619323599794, -0.06808783494402315],
              [100.02597296499795, -0.06828598794406515],
              [100.02594013099792, -0.06831901694401615],
              [100.02586689099792, -0.06839269194402715],
              [100.02585823499794, -0.06839271394402116],
              [100.02547519499791, -0.06883249294405415],
              [100.02511494199791, -0.06917028594402516],
              [100.0246282369979, -0.06958022094401915],
              [100.0241292589979, -0.06981188194406215],
              [100.02358369299793, -0.07005461894401316],
              [100.02324677899793, -0.07010710894404315],
              [100.02292337199793, -0.07018496694404015],
              [100.02286262299793, -0.07019959194404615],
              [100.02255517499793, -0.07032518494405315],
              [100.02250808499792, -0.07035421394401416],
              [100.02235746299795, -0.07044706494404816],
              [100.02220845599794, -0.07053891894405216],
              [100.02199812499794, -0.07086692194404516],
              [100.02190751699794, -0.07116123694406416],
              [100.02186540299795, -0.07129803294405716],
              [100.02181936099794, -0.07163865694404616],
              [100.02175577999793, -0.07175795194403616],
              [100.02125176099793, -0.07213730894402216],
              [100.0209356239979, -0.07230590294402316],
              [100.02078785599792, -0.07231797894404215],
              [100.0206601999979, -0.07225121794401415],
              [100.0205089569979, -0.07217212094404615],
              [100.02036011499791, -0.07206552594401215],
              [100.02013009799794, -0.07175688994401215],
              [100.01989648899792, -0.07124339294402615],
              [100.01983505499794, -0.07103957694401716],
              [100.01980119799794, -0.07037415994402316],
              [100.01982087499795, -0.07029483294404315],
              [100.02004069599792, -0.06952862594401615],
              [100.02008598399794, -0.06939472694402615],
              [100.02024608099794, -0.06892138494406215],
              [100.02025200899794, -0.06890385694406116],
              [100.0203229309979, -0.06867311994402316],
              [100.0204419619979, -0.06839021494401716],
              [100.02049316899792, -0.06826850994404715],
              [100.02063097899793, -0.06771158294405716],
              [100.0206493909979, -0.06728716394404416],
              [100.02056386699792, -0.06705130794402715],
              [100.02027457899794, -0.06652936494406016],
              [100.02013656999793, -0.06634659494402216],
              [100.01999192599794, -0.06618116894405515],
              [100.01978239099793, -0.06608415494405015],
              [100.0195532819979, -0.06614226194402316],
              [100.0193712659979, -0.06623611994403715],
              [100.01907823199792, -0.06629757894403115],
              [100.01882726399793, -0.06624620294404315],
              [100.01860301799792, -0.06619079394401715],
              [100.01856797099794, -0.06618213394402515],
              [100.0181671189979, -0.06589095494403815],
              [100.0179955949979, -0.06576396194405716],
              [100.01777966299787, -0.06560408994401716],
              [100.01777767199792, -0.06560099394401715],
              [100.0176847229979, -0.06545645794402316],
              [100.0176805839979, -0.06544844094405315],
              [100.0175909499979, -0.06527482794403716],
              [100.01743028599793, -0.06507158094403516],
              [100.01710108999794, -0.06490474294405116],
              [100.01660573999794, -0.06483843594405415],
              [100.01573471299793, -0.06485802294405116],
              [100.01551087499791, -0.06486228794402416],
              [100.0154165059979, -0.06486035094404516],
              [100.01538436599793, -0.06485969094403315],
              [100.01494383199793, -0.06494311494405716],
              [100.01484464699791, -0.06499809794404116],
              [100.0145893059979, -0.06513964794406515],
              [100.01457325999792, -0.06514854294401616],
              [100.0142230329979, -0.06546746794406015],
              [100.01416823199793, -0.06551506694403016],
              [100.01401368199794, -0.06564930494401716],
              [100.01394592899794, -0.06570815294405416],
              [100.01371822799791, -0.06588484194405415],
              [100.0135525269979, -0.06597315294406815],
              [100.01332105699794, -0.06608829994404215],
              [100.01311902899795, -0.06613749794404115],
              [100.01260998999794, -0.06622292894404315],
              [100.0123431109979, -0.06633356394404216],
              [100.01212626599795, -0.06644151394401415],
              [100.0119565259979, -0.06659047494405015],
              [100.01180224999791, -0.06673572294401715],
              [100.01153063099792, -0.06701482894406716],
              [100.01137286599794, -0.06719358294405715],
              [100.01123771099793, -0.06736062194401915],
              [100.0109856779979, -0.06763499094402915],
              [100.01077988699791, -0.06791687094401816],
              [100.01068039699794, -0.06811800694406116],
              [100.0106460379979, -0.06823490594403815],
              [100.01061998299792, -0.06832355094404316],
              [100.01060713699792, -0.06849009894402516],
              [100.01058036899792, -0.06869369694406616],
              [100.01055314199795, -0.06890078894404916],
              [100.01055173699791, -0.06891147494404516],
              [100.01047586299791, -0.06915003694403715],
              [100.01024994799792, -0.06947761094402016],
              [100.01007966699791, -0.06971478694406115],
              [100.0100393709979, -0.06982989794401816],
              [100.00999189199791, -0.06996553094403216],
              [100.00996997699792, -0.07002922694401516],
              [100.0099276829979, -0.07015215194404316],
              [100.00988511399794, -0.07037750994406615],
              [100.0099263769979, -0.07088846394405815],
              [100.00998084499793, -0.07108272994405215],
              [100.01004592699792, -0.07131484994401616],
              [100.01017874299794, -0.07170286594406115],
              [100.01020825699794, -0.07199312894401516],
              [100.01020311499792, -0.07204692894406116],
              [100.01018806799794, -0.07220435694402716],
              [100.0101830459979, -0.07225689794403016],
              [100.01016759499794, -0.07249556194402415],
              [100.01018236699792, -0.07266503094403716],
              [100.01024910499791, -0.07285448894406016],
              [100.0103893299979, -0.07305160894405516],
              [100.01048674399794, -0.07314507494406515],
              [100.01056199499794, -0.07321727694402115],
              [100.01072632799793, -0.07332163794403315],
              [100.01089190499795, -0.07343737394403116],
              [100.01103139899794, -0.07354234194404816],
              [100.01121796499791, -0.07362191394405215],
              [100.01142290399793, -0.07374879594401315],
              [100.01156327899793, -0.07383570394402715],
              [100.0117366589979, -0.07396893494403416],
              [100.01188582999794, -0.07410168394402215],
              [100.01204982199795, -0.07424594194405616],
              [100.01229958499795, -0.07451384594405415],
              [100.01259269899793, -0.07483581394403416],
              [100.0127298519979, -0.07500231894401516],
              [100.01281596399792, -0.07511105194406316],
              [100.01283916199793, -0.07531683594406516],
              [100.01295542299795, -0.07561724294406216],
              [100.01306892499792, -0.07580663894405816],
              [100.0134251169979, -0.07624577294403416],
              [100.01367795099793, -0.07664623594403916],
              [100.01382703499792, -0.07684295194404415],
              [100.01392166299786, -0.07701785594404915],
              [100.01392545799791, -0.07702486994405415],
              [100.01397783499795, -0.07732037994405516],
              [100.0139891429979, -0.07771340794401715],
              [100.01398318999793, -0.07807998794406516],
              [100.0139447229979, -0.07835402394401615],
              [100.01387744499795, -0.07853438394401716],
              [100.0137679859979, -0.07867822394403816],
              [100.01364673799793, -0.07885859294405816],
              [100.01355280399792, -0.07903789094403615],
              [100.01355279199794, -0.07903791394402016],
              [100.01347339799793, -0.07918178994405915],
              [100.0133506019979, -0.07940431894404315],
              [100.01327591199794, -0.07953614594406115],
              [100.0131909029979, -0.07968618494406615],
              [100.01304331899792, -0.07989330094402215],
              [100.01292147699792, -0.08005589494403816],
              [100.01281959899791, -0.08022310594405715],
              [100.0126824609979, -0.08060697594406416],
              [100.0126033339979, -0.08095871194403516],
              [100.0125964109979, -0.08101964694405715],
              [100.01259593199791, -0.08102385994401115],
              [100.01254287199794, -0.08149084894402815],
              [100.01256169999795, -0.08158662594404116],
              [100.01258785499795, -0.08171968094403316],
              [100.01261833399792, -0.08208127494405916],
              [100.0125827309979, -0.08241005894403515],
              [100.01256647999793, -0.08269023794405016],
              [100.01256169699792, -0.08277270094406215],
              [100.01263075599792, -0.08293153394406215],
              [100.01276036799794, -0.08314525794405415],
              [100.0127708209979, -0.08316294694405715],
              [100.0128748769979, -0.08333904694403316],
              [100.01298031599794, -0.08358064694401415],
              [100.01300026699795, -0.08361886494405715],
              [100.01303767599791, -0.08369052694403915],
              [100.01311930399794, -0.08396847894401516],
              [100.0131999819979, -0.08413246494403416],
              [100.01333451599794, -0.08430705294402716],
              [100.01350022099791, -0.08444593394402515],
              [100.0136773889979, -0.08463113594403615],
              [100.01389928399794, -0.08477486194401215],
              [100.01424556999791, -0.08491704494404916],
              [100.01433319299792, -0.08495302194403116],
              [100.01441442599793, -0.08498541994406116],
              [100.0145664189979, -0.08504603794402515],
              [100.0148508409979, -0.08507606494406116],
              [100.01512276899791, -0.08512075994404715],
              [100.01539307199795, -0.08510944094403816],
              [100.0156391789979, -0.08522289494406715],
              [100.01574672399789, -0.08529169794404416],
              [100.01581313599792, -0.08533418594406315],
              [100.0159611129979, -0.08547273094403315],
              [100.01616938299793, -0.08566094194405616],
              [100.01630313099793, -0.08580500894406416],
              [100.01633747199793, -0.08584773194404216],
              [100.0164312909979, -0.08596444694403216],
              [100.01650624399792, -0.08617371994402816],
              [100.01653544799791, -0.08628979994402616],
              [100.0165610019979, -0.08639136994405315],
              [100.01655391499793, -0.08663538794404216],
              [100.01657310899793, -0.08689168094404916],
              [100.01659879599794, -0.08710165994402516],
              [100.01664951199791, -0.08730450594406115],
              [100.01670885999795, -0.08742717994401515],
              [100.01671439699794, -0.08743862494405616],
              [100.01675101199794, -0.08751430794403316],
              [100.01689004499792, -0.08770141694405716],
              [100.01702569599792, -0.08790649894403615],
              [100.01712567999795, -0.08811542294402816],
              [100.01715899099793, -0.08823321894401216],
              [100.01720012799791, -0.08837869194404416],
              [100.0172259779979, -0.08859687894401716],
              [100.01725856999792, -0.08874775394404816],
              [100.0172720639979, -0.08881022194405816],
              [100.01727601299791, -0.08882309694404016],
              [100.0173285339979, -0.08899433794401515],
              [100.01734766199792, -0.08904696694405316],
              [100.01739731499794, -0.08918358194402716],
              [100.0174755419979, -0.08935704894405215],
              [100.01755319099794, -0.08956582394402815],
              [100.01762770199792, -0.08976058894403116],
              [100.01766022699792, -0.08987211694402215],
              [100.0176936939979, -0.08998687494401715],
              [100.01773761699792, -0.09024741194404816],
              [100.0177176939979, -0.09047290494406515],
              [100.0176353149979, -0.09082893794406716],
              [100.0174904419979, -0.09113694194404316],
              [100.01741668599794, -0.09131091094404516],
              [100.01732223299791, -0.09149217194401116],
              [100.01722652899792, -0.09168607994404016],
              [100.01708371199794, -0.09187450694405215],
              [100.01696107399795, -0.09200962594404416],
              [100.0168514169979, -0.09214659494402616],
              [100.0167209799979, -0.09227370494402015],
              [100.01661238599792, -0.09237431194405615],
              [100.01659044999792, -0.09239463394406716],
              [100.0163871399979, -0.09256224894402015],
              [100.01634668999793, -0.09259538694401216],
              [100.01623582899794, -0.09268620694403716],
              [100.01613436999793, -0.09276878194405916],
              [100.01596271599794, -0.09288471094406216],
              [100.01579422099792, -0.09304412894401516],
              [100.0156207209979, -0.09325460294404316],
              [100.0155764899979, -0.09330825894402016],
              [100.01544681299794, -0.09354005694403615],
              [100.0153902709979, -0.09370265294403216],
              [100.0153743869979, -0.09374832994403416],
              [100.01532497299792, -0.09389042994403915],
              [100.0153136759979, -0.09416130794402015],
              [100.01535242099794, -0.09441151094402715],
              [100.01535577199792, -0.09443694694401515],
              [100.01537737899793, -0.09460096694401415],
              [100.01538588899791, -0.09480208494402116],
              [100.01535498999795, -0.09500054394406715],
              [100.01531669599791, -0.09521471494404915],
              [100.01522162399795, -0.09534644094405516],
              [100.01514662099794, -0.09545036194406016],
              [100.01513323799793, -0.09545912994404615],
              [100.01488607299791, -0.09562105894404715],
              [100.01475441099791, -0.09572598194402816],
              [100.01468734099791, -0.09577943194402416],
              [100.01456432599792, -0.09587300794406416],
              [100.01557743299793, -0.09729769094404615],
              [100.01563610699793, -0.09738020294405215],
              [100.01551531499791, -0.09777928094403916],
              [100.01568246799792, -0.09818959194403516],
              [100.0158933179979, -0.09841022294402516],
              [100.01611696899795, -0.09864424794402316],
              [100.01664918599795, -0.09877219394404316],
              [100.01680729499793, -0.09881020294402315],
              [100.01709193699793, -0.09880408594402515],
              [100.01724602199795, -0.09880077494402416],
              [100.01748559099792, -0.09873598894402816],
              [100.01763762299794, -0.09869487494403016],
              [100.01770031999791, -0.09867791994405216],
              [100.01774754999792, -0.09861980794401816],
              [100.01783633899794, -0.09851055994401715],
              [100.0184437239979, -0.09776321994404216],
              [100.01851993399794, -0.09766944894401816],
              [100.0185563699979, -0.09758669894402816],
              [100.01890082399791, -0.09680441494406015],
              [100.01906056999792, -0.09654806694406616],
              [100.01918744599794, -0.09634446594405716],
              [100.01964461599795, -0.09607294394406515],
              [100.01986448799789, -0.09596894194406516],
              [100.02044761599791, -0.09569311594405816],
              [100.02092092999794, -0.09555418194405216],
              [100.0211671009979, -0.09548192194402816],
              [100.02162861599794, -0.09527549594405116],
              [100.02172766899793, -0.09523119194402316],
              [100.02197651799793, -0.09511988494402615],
              [100.0224405489979, -0.09479049694401416],
              [100.02254016099795, -0.09471978794401516],
              [100.0228159059979, -0.09452405194404916],
              [100.02322456599791, -0.09413950194401416],
              [100.0233929839979, -0.09398101894406316],
              [100.0237527149979, -0.09356620594404316],
              [100.0239400999979, -0.09342682294406715],
              [100.02409746399792, -0.09330976994401416],
              [100.02444221499792, -0.09315138194402516],
              [100.0248374509979, -0.09302155294402316],
              [100.02521738899793, -0.09298189394404216],
              [100.0253307899979, -0.09305949494402915],
              [100.02545024099794, -0.09306607694405515],
              [100.02561878199793, -0.09305454594401416],
              [100.02577259499793, -0.09302161394406015],
              [100.02597222399794, -0.09300020494406215],
              [100.02610148999793, -0.09296562394403915],
              [100.02619148599791, -0.09292281394401415],
              [100.0263272989979, -0.09289152494402216],
              [100.02643529699793, -0.09290963394401816],
              [100.02650075099791, -0.09296067294404516],
              [100.02696939199791, -0.09294136194402816],
              [100.02745437599793, -0.09297006794405116],
              [100.02758559299792, -0.09299377494402015],
              [100.0280106819979, -0.09307057394401816],
              [100.02838155399792, -0.09314236494405716],
              [100.02859551699794, -0.09317107894405316],
              [100.02888079999792, -0.09314234994404516],
              [100.02915181899795, -0.09311362194402716],
              [100.0293676809979, -0.09302745394403215],
              [100.02967754599791, -0.09288251094402215],
              [100.02987208999792, -0.09289761494402216],
              [100.03006188399792, -0.09291234994405816],
              [100.0305629319979, -0.09295124894406116],
              [100.03075719099792, -0.09296633094406516],
              [100.03099508999793, -0.09298479994406215],
              [100.0312433349979, -0.09300407394401615],
              [100.03147163299792, -0.09298183494404115],
              [100.03166678799795, -0.09292254394402716],
              [100.03188771699791, -0.09280025894405215],
              [100.0319542989979, -0.09274721294404716],
              [100.03206351399791, -0.09266020094405315],
              [100.03206445799793, -0.09265944894404715],
              [100.03207062799794, -0.09265022894406616],
              [100.0321859649979, -0.09247788194402015],
              [100.03228169599794, -0.09223332194402216],
              [100.03230338499793, -0.09201717694405416],
              [100.03231850599792, -0.09186648894403515],
              [100.03231856599791, -0.09164865494402316],
              [100.0323186529979, -0.09133464194404416],
              [100.03225235999793, -0.09092705194403515],
              [100.0322425589979, -0.09089413394404716],
              [100.0321513059979, -0.09058764894403716],
              [100.03203843799793, -0.09045077894403115],
              [100.03182427299794, -0.09016829994401115],
              [100.0317027199979, -0.08999648294404515],
              [100.03162457799795, -0.08985378494405416],
              [100.0315145979979, -0.08952470694406116],
              [100.03150007899791, -0.08923684594405716],
              [100.03149486399792, -0.08913345194405016],
              [100.0314943279979, -0.08912282194403115],
              [100.03152919299794, -0.08894426194403615],
              [100.03154770599792, -0.08890927194401815],
              [100.0315791689979, -0.08884980594403616],
              [100.03164784099795, -0.08872001694406616],
              [100.0318070059979, -0.08851033194405016],
              [100.03209640199793, -0.08831811794401316],
              [100.03253084099794, -0.08806964094405616],
              [100.03305753899792, -0.08773471994406616],
              [100.0336376559979, -0.08736363694406216],
              [100.03374716399793, -0.08729358694402815],
              [100.03403903999794, -0.08709023494405715],
              [100.03415127099794, -0.08701204394405716],
              [100.0341609979979, -0.08700526694404716],
              [100.03447353999792, -0.08667035294404016],
              [100.0347371509979, -0.08631415994402415],
              [100.03475612199793, -0.08628361294402916],
              [100.03511335399793, -0.08570840594403216],
              [100.03537710899792, -0.08523561394405016],
              [100.03571888299791, -0.08474551894401816],
              [100.03582099599794, -0.08459884294403215],
              [100.03605746899791, -0.08425916994404715],
              [100.03637356299794, -0.08379226294401616],
              [100.0365381289979, -0.08358340394401816],
              [100.03678591299791, -0.08326892994402615],
              [100.03686279099793, -0.08317135994404616],
              [100.03725092499792, -0.08275096894401215],
              [100.03756759399795, -0.08248503694402115],
              [100.0376705469979, -0.08239857794403316],
              [100.0378491009979, -0.08224787494405916],
              [100.03800976799795, -0.08211227094402315],
              [100.03803090799789, -0.08209673794401316],
              [100.03819208499795, -0.08197830394401216],
              [100.03844185099791, -0.08184685294405415],
              [100.0387399309979, -0.08177986594402815],
              [100.0389106759979, -0.08179442294401415],
              [100.03927242899795, -0.08193128694402715],
              [100.0394998629979, -0.08209669894402816],
              [100.03972387099793, -0.08225961894406415],
              [100.0398494359979, -0.08235094194405716],
              [100.0401185809979, -0.08255770294401515],
              [100.0402806489979, -0.08268583494405815],
              [100.04043692699793, -0.08277902194406316],
              [100.04056897699792, -0.08283006394405816],
              [100.04091154499793, -0.08296247794406515],
              [100.0413731739979, -0.08308289894402815],
              [100.04193171599792, -0.08317316394406715],
              [100.04254491099795, -0.08324256494402915],
              [100.04262627599792, -0.08325177394401316],
              [100.04314719499791, -0.08330126694401915],
              [100.04370485999794, -0.08336558694405516],
              [100.0441997349979, -0.08344420294405115],
              [100.0443973389979, -0.08344545594404415],
              [100.04440697499791, -0.08344551694402516],
              [100.04465698399792, -0.08344710294402116],
              [100.04490586499793, -0.08340341294403715],
              [100.04494747499791, -0.08338923694405716],
              [100.04521725699794, -0.08329732194401615],
              [100.04546150699792, -0.08321410494401915],
              [100.0462878279979, -0.08290484594401415],
              [100.0469563299979, -0.08260778294406616],
              [100.04732579199793, -0.08241346894401115],
              [100.04750414399791, -0.08231966694403116],
              [100.0475322239979, -0.08230489894405915],
              [100.04788019899792, -0.08209647894402415],
              [100.04817791299791, -0.08191816194401716],
              [100.04828489599794, -0.08185408594401615],
              [100.0483270019979, -0.08182886594401816],
              [100.04853228399793, -0.08172058594401216],
              [100.04874662499793, -0.08160752694401216],
              [100.04899414599794, -0.08148171994405115],
              [100.0490331239979, -0.08146190794404616],
              [100.0493283069979, -0.08132502694404316],
              [100.0495742959979, -0.08129298694403515],
              [100.04972994799795, -0.08130918594405015],
              [100.04977082199792, -0.08131343994402615],
              [100.04982607199793, -0.08131918994404015],
              [100.04997473599792, -0.08133010194403316],
              [100.04999539099794, -0.08133161794403015],
              [100.05041757999794, -0.08136260694401215],
              [100.05092868299795, -0.08146747394401616],
              [100.0511555469979, -0.08151402194401716],
              [100.05126382999794, -0.08154528894401415],
              [100.05205378599794, -0.08177338594406115],
              [100.05246762799794, -0.08186365294402216],
              [100.0525635009979, -0.08186168094401616],
              [100.05274679199795, -0.08185791094403816],
              [100.05275123699795, -0.08185782094402316],
              [100.05304166999792, -0.08181392894401515],
              [100.0532471399979, -0.08174403094402316],
              [100.05355968699791, -0.08163918294404515],
              [100.0538895989979, -0.08158384294402715],
              [100.05418073099793, -0.08158383594404515],
              [100.0542021479979, -0.08158383494405516],
              [100.05436245099793, -0.08156337994402915],
              [100.0546261749979, -0.08152972794401615],
              [100.0546608069979, -0.08152530894402316],
              [100.05510068899792, -0.08142336994403315],
              [100.05536114699794, -0.08142918794406716],
              [100.05555215099793, -0.08149033894402216],
              [100.0561685709979, -0.08161263494405116],
              [100.0562511579979, -0.08162490594405415],
              [100.05630165799795, -0.08163240994404916],
              [100.05666274399795, -0.08168606294405815],
              [100.05699494099792, -0.08174709194405215],
              [100.05721737199792, -0.08184591094401115],
              [100.0573844949979, -0.08202991594406216],
              [100.05743494799793, -0.08209622494403816],
              [100.05759846299793, -0.08231113094403515],
              [100.0579729039979, -0.08267610694404916],
              [100.05805517499795, -0.08277167094404116],
              [100.05820470199791, -0.08294535494404416],
              [100.0583300439979, -0.08306489294402315],
              [100.0585434819979, -0.08326844994404316],
              [100.0587574529979, -0.08365736594406316],
              [100.05888821799795, -0.08406423394403316],
              [100.05904869799792, -0.08442921694403116],
              [100.05920917599792, -0.08469846494402615],
              [100.05934587899793, -0.08491984794402216],
              [100.05952078999792, -0.08514721394401216],
              [100.05964280299793, -0.08527326194403916],
              [100.05973784599792, -0.08537144694405216],
              [100.0599693669979, -0.08555782194405015],
              [100.06004211499794, -0.08559915494406316],
              [100.0603655949979, -0.08578294794402516],
              [100.06042795399793, -0.08581837894404015],
              [100.06056855599792, -0.08589826494402115],
              [100.06064077899794, -0.08593929994405916],
              [100.0607057399979, -0.08595816294403816],
              [100.0614333299979, -0.08616945294402016],
              [100.06158544599793, -0.08621362694405815],
              [100.0616901289979, -0.08622431094401815],
              [100.0623182209979, -0.08628841294402916],
              [100.06238418399795, -0.08629514594404916],
              [100.06249832899795, -0.08627494194404016],
              [100.06289458699791, -0.08620480294403915],
              [100.06321292299793, -0.08618149794402516],
              [100.06321759499792, -0.08618049394401316],
              [100.0635109999979, -0.08611742094403516],
              [100.06369910499791, -0.08604169894401516],
              [100.06444400999794, -0.08577909194404716],
              [100.06500778899795, -0.08554232994406116],
              [100.06512298899793, -0.08549395094404115],
              [100.06521379599792, -0.08545581694401916],
              [100.06583749699791, -0.08514018094403715],
              [100.06662701599794, -0.08475141994402716],
              [100.06664779699793, -0.08474118794406116],
              [100.0666499329979, -0.08473993894402515],
              [100.06675367499793, -0.08467929794402115],
              [100.0668245529979, -0.08463786794406715],
              [100.06713108099791, -0.08445869094406115],
              [100.0673627249979, -0.08430746994405115],
              [100.06761845099794, -0.08414052794402915],
              [100.06786732799793, -0.08399491194403215],
              [100.06811002299793, -0.08387589094404316],
              [100.0681174489979, -0.08387224894401915],
              [100.06823389299791, -0.08384245494401915],
              [100.06826683899794, -0.08383402494403916],
              [100.06845893399793, -0.08378487394405415],
              [100.0687512269979, -0.08379069094404215],
              [100.0687594299979, -0.08379200494401616],
              [100.0688771709979, -0.08381086794405215],
              [100.06920557999791, -0.08386348294406816],
              [100.06960784699794, -0.08403529094401516],
              [100.06982406999794, -0.08416422194402215],
              [100.06999853799795, -0.08426825494403516],
              [100.07012285599791, -0.08434277694401215],
              [100.07027659199792, -0.08441112894404015],
              [100.07036776199794, -0.08444350494401916],
              [100.07063590399792, -0.08449026794401916],
              [100.07108025099791, -0.08449911094406516],
              [100.07126811299793, -0.08450284894404116],
              [100.07131947599794, -0.08450065894406615],
              [100.07146265899792, -0.08449455294406516],
              [100.07177645499792, -0.08448117194403415],
              [100.0718169089979, -0.08447944694403016],
              [100.07195463799792, -0.08445326394404115],
              [100.07198377499793, -0.08444772494401316],
              [100.07213867799794, -0.08441827694404916],
              [100.0722702359979, -0.08438221494405716],
              [100.0722996809979, -0.08437414394403216],
              [100.07239898799793, -0.08434692294405016],
              [100.07265800099793, -0.08427592394404816],
              [100.07286536199791, -0.08416079094404015],
              [100.07293425899792, -0.08411126394405216],
              [100.07300300499793, -0.08406184794402816],
              [100.0733125729979, -0.08382409894402115],
              [100.07362182399794, -0.08359923194403515],
              [100.0737637019979, -0.08352510594401916],
              [100.07411400699795, -0.08337558794401916],
              [100.07416048299791, -0.08336839194406316],
              [100.0742445009979, -0.08336479094406016],
              [100.07436427099793, -0.08337198294405816],
              [100.07455018499792, -0.08344033494402915],
              [100.07472894899792, -0.08356445094402416],
              [100.07483827299791, -0.08367528394403216],
              [100.07484502799792, -0.08368213194403015],
              [100.07487090299793, -0.08369186694402216],
              [100.07505889499794, -0.08376259594403716],
              [100.07532577799793, -0.08392304094404315],
              [100.07537950599794, -0.08395534194401916],
              [100.07548077899793, -0.08401622494402215],
              [100.07575525299791, -0.08418001894402516],
              [100.0759765989979, -0.08431210994403715],
              [100.07620541799793, -0.08449918494402216],
              [100.07621554599791, -0.08451036694405915],
              [100.0763341309979, -0.08464129194406715],
              [100.0765011129979, -0.08485362094403115],
              [100.07661182699792, -0.08499440094401216],
              [100.07689824499795, -0.08530668494402915],
              [100.07697872199793, -0.08539442994406016],
              [100.0771467599979, -0.08551854594405515],
              [100.07731658699794, -0.08561028394403515],
              [100.0776222699979, -0.08565164794406116],
              [100.0776729999979, -0.08565049194406515],
              [100.07790207699793, -0.08564526994403816],
              [100.07801733099791, -0.08564264294402316],
              [100.07809425699793, -0.08561234894402515],
              [100.07818178799795, -0.08557787994401216],
              [100.07831323499789, -0.08548397294406115],
              [100.0785027159979, -0.08525191394402015],
              [100.07867967999795, -0.08495509594403916],
              [100.07872161299792, -0.08485461994403916],
              [100.07875475499793, -0.08477520794404815],
              [100.0787587089979, -0.08474133994404516],
              [100.07877269599794, -0.08462154394406715],
              [100.07877268999795, -0.08438409394402416],
              [100.0787458679979, -0.08417542694404316],
              [100.07864038599791, -0.08366455094402216],
              [100.07861247099794, -0.08353090394403716],
              [100.07857150999791, -0.08333479994404015],
              [100.07854915199795, -0.08322776194403016],
              [100.07854638899789, -0.08321453194405115],
              [100.0784634509979, -0.08288936394403415],
              [100.07845200099791, -0.08253253894405116],
              [100.07853554599791, -0.08190495094406415],
              [100.07864792399795, -0.08146148594401816],
              [100.0786762389979, -0.08134974794403116],
              [100.07870935799792, -0.08121905494401416],
              [100.07884658199794, -0.08084618394404716],
              [100.07912557599792, -0.08068825294405715],
              [100.07913934499794, -0.08068045894405916],
              [100.07922330099791, -0.08065799794404416],
              [100.07931582099792, -0.08063324694403215],
              [100.07934488999791, -0.08062546994402416],
              [100.07950072799792, -0.08058377894404616],
              [100.07955628999792, -0.08058579794406716],
              [100.0796453569979, -0.08058903494405416],
              [100.08026009399794, -0.08061137594403116],
              [100.08101845999795, -0.08065146994401616],
              [100.08137423099794, -0.08067027794406516],
              [100.0817521659979, -0.08069619994402916],
              [100.08217934199791, -0.08072549794404416],
              [100.08290668899792, -0.08080373194404415],
              [100.08341784999794, -0.08092221394404915],
              [100.08363069799793, -0.08097154994406716],
              [100.08378042099793, -0.08100625294405016],
              [100.08392969699793, -0.08104546394405115],
              [100.08455145699793, -0.08120877994404915],
              [100.08456204399795, -0.08121130894402015],
              [100.08518731399795, -0.08136067094402216],
              [100.08543927299792, -0.08138042394402616],
              [100.08570399899793, -0.08140117794401616],
              [100.08610854599794, -0.08140795194405816],
              [100.08641195699795, -0.08144186694401916],
              [100.08665939499792, -0.08148814894404716],
              [100.08676256399792, -0.08150744594404116],
              [100.08680657799795, -0.08150699494403615],
              [100.0870106089979, -0.08150490094401115],
              [100.0871859109979, -0.08149132794402215],
              [100.08733185299792, -0.08149053294401616],
              [100.0873753069979, -0.08152514994405616],
              [100.0874302889979, -0.08153979194405316],
              [100.0874368679979, -0.08154154494404516],
              [100.08746674299795, -0.08154518794405916],
              [100.08751377199792, -0.08155430994405316],
              [100.08753572299793, -0.08155856794404316],
              [100.08759225099794, -0.08157084094402516],
              [100.08822549399792, -0.08140576194402616],
              [100.08940793099794, -0.08121669094406016],
              [100.09044454499792, -0.08103769094405816],
              [100.0917766799979, -0.08080766194403616],
              [100.09185801199794, -0.08137644594403115],
              [100.09199948299795, -0.08216504694404116],
              [100.0921631049979, -0.08323188794405216],
              [100.09235010599792, -0.08351441894403415],
              [100.0925687819979, -0.08378185694401416],
              [100.09290069599791, -0.08409153494402216],
              [100.09329745999793, -0.08432043794401516],
              [100.09369511399791, -0.08444125694403215],
              [100.09395435799792, -0.08443218394403115],
              [100.09464642699794, -0.08433923894402516],
              [100.09483171199793, -0.08430824594402915],
              [100.09500333099794, -0.08430568594404515],
              [100.09522425299792, -0.08432834394402315],
              [100.0956593389979, -0.08452778094401515],
              [100.0962801479979, -0.08487288294405415],
              [100.09660966199795, -0.08512218494404115],
              [100.0973835079979, -0.08525796594402416],
              [100.09803448099791, -0.08471874294404816],
              [100.0981969699979, -0.08484897394406216],
              [100.09869121399794, -0.08525412994406216],
              [100.09923614199795, -0.08532210894405516],
              [100.09975572399793, -0.08548381094401215],
              [100.10084278099794, -0.08571919394403016],
              [100.10174385799792, -0.08487471894402215],
              [100.10219216199795, -0.08444498394406716],
              [100.10287325399793, -0.08377704594401815],
              [100.10396056799794, -0.08442557994406716],
              [100.10463051299791, -0.08487109394404516],
              [100.10586596399793, -0.08569266994406616],
              [100.10783349799794, -0.08596122994406116],
              [100.10797693999791, -0.08600844694403516],
              [100.10819199399793, -0.08621420894404215],
              [100.10837814299794, -0.08659195394402315],
              [100.1084835779979, -0.08680099594401716],
              [100.10871991199792, -0.08726956594402716],
              [100.10897433099791, -0.08768185394403316],
              [100.10911322599793, -0.08783264994404716],
              [100.10955100799794, -0.08823811294404016],
              [100.11027208199795, -0.08894708494402416],
              [100.11028622199791, -0.08937824594401915],
              [100.10993580199795, -0.08999749994403315],
              [100.1102952049979, -0.09002462594405315],
              [100.11103793799793, -0.09035330794402816],
              [100.11161719299793, -0.09061496294405916],
              [100.11227670299792, -0.09091286894401615],
              [100.1124049209979, -0.09096040894404216],
              [100.1124207189979, -0.09096626594406115],
              [100.11295481599791, -0.09116428994404616],
              [100.11328050399794, -0.09185366194405716],
              [100.11393424599794, -0.09308192394404116],
              [100.11442984299794, -0.09349653694401616],
              [100.11550935099791, -0.09423028294405315],
              [100.11680054299791, -0.09520754494404615],
              [100.1167575269979, -0.09547044494404115],
              [100.11678264899791, -0.09609575394402715],
              [100.1167835849979, -0.09611903994401416],
              [100.11703781899791, -0.09680802294404615],
              [100.11735036199792, -0.09750798594403416],
              [100.11759130999792, -0.09779455494405916],
              [100.11825502699793, -0.09780360094406115],
              [100.11883983699789, -0.09765160594405116],
              [100.1194058839979, -0.09748547994404115],
              [100.11957302299794, -0.09743932394404416],
              [100.1200561849979, -0.09730589894404315],
              [100.1204316009979, -0.09682520094405316],
              [100.12063719999793, -0.09666375694403916],
              [100.12084959999794, -0.09599482894405716],
              [100.12113420599792, -0.09523393894402016],
              [100.12198486599794, -0.09395004194401216],
              [100.12220083799792, -0.09375108594404916],
              [100.12227734799791, -0.09380974194401416],
              [100.1223437569979, -0.09386065494406616],
              [100.1224432819979, -0.09393695594404515],
              [100.1225077449979, -0.09398637494403815],
              [100.12257435399795, -0.09400911494405716],
              [100.12284227699791, -0.09410058094401516],
              [100.1231199059979, -0.09423013594401615],
              [100.12325447099795, -0.09429292994404616],
              [100.12397828199789, -0.09459640294402015],
              [100.12425307499791, -0.09464448394406616],
              [100.1243490419979, -0.09467572394406415],
              [100.12464514499794, -0.09477211394401716],
              [100.12465929199794, -0.09477671894403315],
              [100.12470917499792, -0.09480286094405715],
              [100.1249460339979, -0.09492699294405316],
              [100.1250551749979, -0.09499705094405915],
              [100.12527311099791, -0.09513694394404115],
              [100.12529251699794, -0.09514940094406615],
              [100.12556326599793, -0.09535063194401516],
              [100.12581821699791, -0.09554012094405116],
              [100.12593986399793, -0.09562005794406016],
              [100.12640365499794, -0.09592482494404915],
              [100.12653923699793, -0.09597841994404616],
              [100.12654837999793, -0.09598203394402516],
              [100.12657092099795, -0.09599094394404516],
              [100.12660047499793, -0.09599156294403616],
              [100.12667840799793, -0.09599319394401115],
              [100.12681801099791, -0.09599611594403215],
              [100.1268576579979, -0.09599694694405515],
              [100.1268831949979, -0.09598341994403416],
              [100.12692076899793, -0.09596351794401416],
              [100.12697115699791, -0.09593682894403316],
              [100.1272543329979, -0.09576081194403216],
              [100.1273773619979, -0.09568433994404316],
              [100.12772383199791, -0.09551601194401416],
              [100.12779766299786, -0.09549261994406816],
              [100.12804640799794, -0.09541380794404115],
              [100.12815710299793, -0.09532762294405515],
              [100.12826319099793, -0.09524502694402816],
              [100.12831713899794, -0.09520302394405215],
              [100.12846050199795, -0.09502267894406216],
              [100.12863373599794, -0.09490244594404415],
              [100.12871736699793, -0.09486637594402215],
              [100.12875133899792, -0.09486250494403216],
              [100.12899482699794, -0.09483475894403216],
              [100.1290339719979, -0.09483029694403916],
              [100.12921915699792, -0.09484231494404616],
              [100.12956940499794, -0.09493448194403716],
              [100.12960745099792, -0.09494449394405516],
              [100.1296085499979, -0.09494494594405016],
              [100.1298702989979, -0.09505268994404016],
              [100.13016898799793, -0.09518492894402215],
              [100.1302884629979, -0.09520295894405716],
              [100.1305274109979, -0.09517890594405316],
              [100.13090408699793, -0.09500535594405315],
              [100.1309599319979, -0.09497962594404916],
              [100.13130042799793, -0.09480528694403716],
              [100.13145573999793, -0.09473314494401516],
              [100.13147911099793, -0.09472018394403416],
              [100.13165700899793, -0.09462153494403916],
              [100.1317484469979, -0.09457082994406116],
              [100.13193960499791, -0.09455279094406416],
              [100.13200238899793, -0.09455105794403115],
              [100.1320698109979, -0.09454919694404415],
              [100.13237568599794, -0.09454075294404116],
              [100.13243775499791, -0.09455283994405715],
              [100.1325608709979, -0.09457681494403415],
              [100.13258755199791, -0.09458897194404915],
              [100.13270531299793, -0.09464262894401515],
              [100.13287748199792, -0.09472107594403716],
              [100.13318214599792, -0.09487134994405716]
            ]
          ]
        ],
        "type": "MultiPolygon"
      },
      "id": 2
    },
    {
      "type": "Feature",
      "properties": {
        "tier": 3
      },
      "geometry": {
        "coordinates": [
          [
            [100.01251698322511, 0.6683064616987906],
            [100.014694925306, 0.6696092489634111],
            [100.01410052647753, 0.673082899399887],
            [100.01222259004493, 0.6762440467564232],
            [100.008640525109, 0.678893865021962],
            [100.00562640883555, 0.680352205780153],
            [100.00307500237255, 0.6844116504600208],
            [100.0017137885863, 0.6874449952546087],
            [99.99891818005972, 0.690069942989993],
            [99.99734306123418, 0.6933755070203347],
            [99.99535997118176, 0.6976690330633204],
            [99.9923847467312, 0.6998662576405508],
            [99.99090577252053, 0.703053846494555],
            [99.98720995050064, 0.7092260211652359],
            [99.98411805058146, 0.7123371275859967],
            [99.98005864943195, 0.7145606719984983],
            [99.97780292370538, 0.718041218130864],
            [99.97660057277494, 0.7216856646569454],
            [99.97483099483503, 0.7233384357104882],
            [99.9725102077806, 0.725858234183832],
            [99.97029337387687, 0.7274332263389596],
            [99.96879957832692, 0.7305536656175775],
            [99.96650496077746, 0.7324008766567687],
            [99.9639769921584, 0.7358425179015313],
            [99.95989263893568, 0.7397606207442635],
            [99.95839607282522, 0.7429183617521034],
            [99.95510002261233, 0.7431810183797296],
            [99.95257168136305, 0.7456260383672628],
            [99.9506909558861, 0.74786613825583],
            [99.95006868672021, 0.7502577809592168],
            [99.94670454404257, 0.7519299856502926],
            [99.94369307245614, 0.7540356409010229],
            [99.94153457628755, 0.7571856046117347],
            [99.93921763254775, 0.7600911951528531],
            [99.93676744770681, 0.7613550679889869],
            [99.93385976442892, 0.7649419070412193],
            [99.93162608714937, 0.767723445815804],
            [99.928222754638, 0.7709415092997034],
            [99.92691987857262, 0.7727498149701404],
            [99.92429468052791, 0.7753553293130864],
            [99.92229984505747, 0.7763420976065731],
            [99.91953852563353, 0.7809697971468097],
            [99.91614221412061, 0.7843566405888396],
            [99.9137216748585, 0.7845084108478488],
            [99.91099924725745, 0.787386134973687],
            [99.90773831467192, 0.7914502099533394],
            [99.90520703957537, 0.7936683455504578],
            [99.90320411069831, 0.7959432982841435],
            [99.90120118183313, 0.7983154698841304],
            [99.90019300040461, 0.7989163573162585],
            [99.89797091627582, 0.7947744359610738],
            [99.90213234132318, 0.7889606637374698],
            [99.90606629055719, 0.7840507915086476],
            [99.91039001434496, 0.7801757529629043],
            [99.9145903312151, 0.7781535651722038],
            [99.91977357964652, 0.7732093237415256],
            [99.92553056915295, 0.7664699638569346],
            [99.93147165051937, 0.7609340269674192],
            [99.93857923586165, 0.7534496864340241],
            [99.9454391206495, 0.7462228917421356],
            [99.94917273564522, 0.7420812619484565],
            [99.95419868933897, 0.7372462950835512],
            [99.95896230318868, 0.7327598389466345],
            [99.96460874008744, 0.7271034649885166],
            [99.96984693990652, 0.721234061063285],
            [99.97276382662193, 0.7193090679472363],
            [99.9749712023762, 0.7163542333168209],
            [99.97844188494014, 0.7102873680403547],
            [99.98395316201925, 0.7057894065920891],
            [99.98799259000128, 0.6985889121610285],
            [99.99062926683666, 0.6925070257702117],
            [99.99472529319968, 0.6875430391344679],
            [99.99778497351411, 0.6848242609807613],
            [100.00197544650865, 0.6780889767498621],
            [100.00603964199956, 0.6745695119931838],
            [100.00866484004257, 0.6717500494395097],
            [100.01251698322511, 0.6683064616987906]
          ]
        ],
        "type": "Polygon"
      }
    },
    {
      "type": "Feature",
      "properties": {
        "tier": 3
      },
      "geometry": {
        "coordinates": [
          [
            [100.18305071700894, 0.6969728331532821],
            [100.1845873593964, 0.6993241870869014],
            [100.18307399936674, 0.7011866447781472],
            [100.17857320830689, 0.7028829357519015],
            [100.17610526750275, 0.7027432514988448],
            [100.17389343376226, 0.7001823727865144],
            [100.17475488479863, 0.6965505787607356],
            [100.17838694862354, 0.6960849639393274],
            [100.18073847712469, 0.6966437017194664],
            [100.18305071700894, 0.6969728331532821]
          ]
        ],
        "type": "Polygon"
      }
    },
    {
      "type": "Feature",
      "properties": {
        "tier": 3
      },
      "geometry": {
        "coordinates": [
          [
            [100.14271184621629, 0.630090751847959],
            [100.14305252288273, 0.6321822205762402],
            [100.14186026101476, 0.6347156225524344],
            [100.14148804530959, 0.6367279685064346],
            [100.14033304150252, 0.6390005770922897],
            [100.13804166298132, 0.6403604161754117],
            [100.13681214279961, 0.6388888094803917],
            [100.13811617937472, 0.6345112425505732],
            [100.14009086330287, 0.6314190017064476],
            [100.14145078714097, 0.6302081840068183],
            [100.14271184621629, 0.630090751847959]
          ]
        ],
        "type": "Polygon"
      }
    },
    {
      "type": "Feature",
      "properties": {
        "tier": 3
      },
      "geometry": {
        "coordinates": [
          [
            [100.15053133814422, 0.612665390455021],
            [100.1527514257399, 0.6112065589562548],
            [100.15632470958656, 0.6131305250523269],
            [100.1593949391779, 0.6168708626229886],
            [100.15871834105315, 0.6188582540519008],
            [100.15493361995453, 0.618963966153359],
            [100.15106432442826, 0.6173782815940996],
            [100.15055687583475, 0.6153063197242972],
            [100.15057801952707, 0.6141011986746321],
            [100.15053133814422, 0.612665390455021]
          ]
        ],
        "type": "Polygon"
      }
    },
    {
      "type": "Feature",
      "properties": {
        "tier": 2
      },
      "geometry": {
        "coordinates": [
          [
            [100.15613614283569, 0.5663732122560816],
            [100.15850602763282, 0.5693184958495721],
            [100.15789662847794, 0.5720606551439005],
            [100.15383396882578, 0.5741595909570663],
            [100.14838975775507, 0.5792514942457956],
            [100.14524119652464, 0.5803348146845337],
            [100.14283745625886, 0.5776942207393745],
            [100.14547818505827, 0.5735027859484916],
            [100.1497233864676, 0.5696599963876281],
            [100.15381990161683, 0.5668501283307279],
            [100.15613614283569, 0.5663732122560816]
          ]
        ],
        "type": "Polygon"
      }
    },
    {
      "type": "Feature",
      "properties": {
        "tier": 1
      },
      "geometry": {
        "coordinates": [
          [
            [100.11396102619557, 0.3885033294600504],
            [100.11853858769899, 0.39138396955260646],
            [100.11617088347305, 0.39927612910059906],
            [100.11238255671162, 0.40507686154582245],
            [100.11296785867086, 0.4098687328150561],
            [100.11005255356883, 0.4169602106170913],
            [100.10740861718318, 0.42193225625382524],
            [100.10363747577821, 0.42248308794782474],
            [100.10509756005087, 0.4267448385197383],
            [100.10384330910608, 0.4319139782633812],
            [100.10072583187537, 0.4353865116647029],
            [100.09666127295412, 0.4336502451631645],
            [100.09638504095466, 0.42808629732931536],
            [100.09310971677542, 0.4243769966830797],
            [100.09030793344147, 0.4218909750406965],
            [100.08588821888634, 0.42090445829551015],
            [100.09074201254953, 0.4153010408236355],
            [100.09838325687247, 0.41572608425221347],
            [100.1027240479533, 0.41446334180436395],
            [100.10386849918495, 0.40784149326138674],
            [100.10517094923966, 0.3997354596320264],
            [100.1095117403205, 0.39334281132843785],
            [100.11396102619557, 0.3885033294600504]
          ]
        ],
        "type": "Polygon"
      }
    },
    {
      "type": "Feature",
      "properties": {
        "tier": 2
      },
      "geometry": {
        "coordinates": [
          [
            [100.09410039808171, 0.4318371684393014],
            [100.09158979592269, 0.4324648008494165],
            [100.08856069995647, 0.4324102240982626],
            [100.08703250739745, 0.4333380288149442],
            [100.08261166463745, 0.43363820090486627],
            [100.0832938934596, 0.42968138603986006],
            [100.0845491944902, 0.4260247415146665],
            [100.08746913394288, 0.4260520301652235],
            [100.09115316957502, 0.42872629274101826],
            [100.09410039808171, 0.4318371684393014]
          ]
        ],
        "type": "Polygon"
      }
    },
    {
      "type": "Feature",
      "properties": {
        "tier": 2
      },
      "geometry": {
        "coordinates": [
          [
            [100.07938662562356, 0.5000567529756381],
            [100.07801438402504, 0.4987901165442281],
            [100.07847883502728, 0.49651017035388634],
            [100.0792177343501, 0.492963585829699],
            [100.07993552226264, 0.4913380672907266],
            [100.08253222559273, 0.4908314120807944],
            [100.08259555982119, 0.4950113164113219],
            [100.08111776117761, 0.49864234227801774],
            [100.08046330749164, 0.49980342570889036],
            [100.07938662562356, 0.5000567529756381]
          ]
        ],
        "type": "Polygon"
      }
    },
    {
      "type": "Feature",
      "properties": {
        "tier": 2
      },
      "geometry": {
        "coordinates": [
          [
            [100.05099746046164, 0.5638432872959243],
            [100.05375812337388, 0.564836109359689],
            [100.05504114412105, 0.5684186168272589],
            [100.05402528154724, 0.5724696950551049],
            [100.05242700291859, 0.5769737082266744],
            [100.05063499354713, 0.5788140566701401],
            [100.049265790942, 0.5831928450755868],
            [100.04655405454145, 0.5845533351791374],
            [100.0461181549806, 0.5899309583872991],
            [100.04461388660098, 0.5939349806137812],
            [100.04216803597336, 0.5942255611074074],
            [100.03887461339394, 0.5926757981310118],
            [100.04020651228268, 0.5891378742386735],
            [100.04233408352724, 0.581403307989774],
            [100.04422116969681, 0.578032214846516],
            [100.04812000089595, 0.5746420983653309],
            [100.04956705081008, 0.5707895800001808],
            [100.04893742589576, 0.5661402710160814],
            [100.05099746046164, 0.5638432872959243]
          ]
        ],
        "type": "Polygon"
      }
    },
    {
      "type": "Feature",
      "properties": {
        "tier": 2
      },
      "geometry": {
        "coordinates": [
          [
            [100.03931222461136, 0.5749589236860118],
            [100.0383417131186, 0.5722901508363236],
            [100.04106453702985, 0.571912748514805],
            [100.04416478215825, 0.5736110586278755],
            [100.04335602258101, 0.5759563433839503],
            [100.04092974384923, 0.5758485142209224],
            [100.03931222461136, 0.5749589236860118]
          ]
        ],
        "type": "Polygon"
      }
    },
    {
      "type": "Feature",
      "properties": {
        "tier": 3
      },
      "geometry": {
        "coordinates": [
          [
            [100.17220538605847, 0.6857739468016035],
            [100.16987128350883, 0.6863868994836935],
            [100.16737214340617, 0.6847837923032074],
            [100.16649980219063, 0.681836902383381],
            [100.16489658034283, 0.6796208401145805],
            [100.16301043686917, 0.6772633260563339],
            [100.16468438920305, 0.6752594382050887],
            [100.16753718130144, 0.6761081438545347],
            [100.16954960532996, 0.680021131131312],
            [100.17063413782819, 0.683840301195147],
            [100.17220538605847, 0.6857739468016035]
          ]
        ],
        "type": "Polygon"
      }
    },
    {
      "type": "Feature",
      "properties": {
        "tier": 3
      },
      "geometry": {
        "coordinates": [
          [
            [100.17749171608205, 0.6706640632257432],
            [100.17508129636184, 0.6691797819237877],
            [100.17596647874461, 0.6663473906721293],
            [100.17953444483362, 0.6653669470243102],
            [100.1819243970238, 0.6657618478599119],
            [100.18301385263823, 0.6679678452623108],
            [100.18127376345865, 0.6700347489291403],
            [100.17749171608205, 0.6706640632257432]
          ]
        ],
        "type": "Polygon"
      }
    },
    {
      "type": "Feature",
      "properties": {
        "tier": 3
      },
      "geometry": {
        "coordinates": [
          [
            [100.16152251169348, 0.625420967862027],
            [100.16276515710553, 0.6284567947898836],
            [100.16325939107571, 0.63085721483246],
            [100.15933376125099, 0.6316761814173901],
            [100.15610005898594, 0.631732661866792],
            [100.15497038178393, 0.6303630104606412],
            [100.15832853408716, 0.6277110667590193],
            [100.16152251169348, 0.625420967862027]
          ]
        ],
        "type": "Polygon"
      }
    },
    {
      "type": "Feature",
      "properties": {
        "tier": 3
      },
      "geometry": {
        "coordinates": [
          [
            [100.04867331215041, 0.46216563753601747],
            [100.04992277074075, 0.4615554630058938],
            [100.0519952644243, 0.46162512439842374],
            [100.05483405829511, 0.46225207690075365],
            [100.05878747061655, 0.4633318283026995],
            [100.0618526713597, 0.46521268519036596],
            [100.06063671183392, 0.4664590304880676],
            [100.0585969159024, 0.46637195355823735],
            [100.05539585468728, 0.46535264482480443],
            [100.05283571542947, 0.46523073745223087],
            [100.05320144961195, 0.46791269962223225],
            [100.05062389444157, 0.46761663896332095],
            [100.04839465753747, 0.4638723413102639],
            [100.04867331215041, 0.46216563753601747]
          ]
        ],
        "type": "Polygon"
      }
    },
    {
      "type": "Feature",
      "properties": {
        "tier": 2
      },
      "geometry": {
        "coordinates": [
          [
            [100.1128744264575, 0.3878318099111482],
            [100.11076470107975, 0.38420594890925486],
            [100.11124351327197, 0.3788010366439494],
            [100.11240655037182, 0.36559704480283983],
            [100.11276075973969, 0.36281009600538283],
            [100.11385328850363, 0.36256835497266593],
            [100.11520811494857, 0.36288034223606047],
            [100.11615492277991, 0.3644357898245545],
            [100.11847915159638, 0.3671048204026164],
            [100.1186140604405, 0.37326114299811763],
            [100.11895999450331, 0.3785947118377777],
            [100.12687825619093, 0.37852723697081103],
            [100.14033309209884, 0.3794845231877275],
            [100.14178180734007, 0.3833052827868926],
            [100.13525332756274, 0.3859026482741257],
            [100.12878256717283, 0.3869317953842],
            [100.1199133381129, 0.3833141284399062],
            [100.11772931323446, 0.3872827355098991],
            [100.1128744264575, 0.3878318099111482]
          ]
        ],
        "type": "Polygon"
      }
    },
    {
      "type": "Feature",
      "properties": {
        "tier": 2
      },
      "geometry": {
        "coordinates": [
          [
            [100.22111205867833, 0.6584729017835116],
            [100.2234129341357, 0.6588707713400908],
            [100.2211807673761, 0.6648855117076664],
            [100.22085401063975, 0.6689791460040482],
            [100.22342526410142, 0.6723282507569479],
            [100.22370299843772, 0.677617516800467],
            [100.2202508893115, 0.682170211642088],
            [100.21630965354376, 0.6848552830927019],
            [100.21376658047166, 0.6852012546998765],
            [100.21122350740092, 0.6841460412206857],
            [100.2144585731441, 0.6806171288829148],
            [100.21770439683058, 0.6776213411388596],
            [100.21925580860676, 0.6754248865470345],
            [100.21736429376068, 0.6723857804261115],
            [100.21546131391136, 0.6702061531176753],
            [100.21623886884032, 0.6669210073060867],
            [100.2142085828234, 0.6653304913737941],
            [100.21235750242374, 0.6640330924167017],
            [100.21507357366397, 0.661888058733382],
            [100.21893143281238, 0.6594835440671147],
            [100.22111205867833, 0.6584729017835116]
          ]
        ],
        "type": "Polygon"
      }
    },
    {
      "type": "Feature",
      "properties": {
        "tier": 3
      },
      "geometry": {
        "coordinates": [
          [
            [100.15522094936381, 0.5147449120391485],
            [100.15495766731021, 0.5162935673100435],
            [100.15158146215975, 0.5158444573209522],
            [100.14910351342553, 0.5164794059172806],
            [100.14808710345568, 0.5182538346066963],
            [100.14686361626877, 0.5210104392012482],
            [100.14486577010109, 0.5217847661178325],
            [100.14342546241937, 0.5201122198592998],
            [100.14548525731448, 0.5157356937752837],
            [100.14873756497093, 0.5136140355959355],
            [100.15167010106035, 0.5134915098836217],
            [100.15314138312198, 0.5136773485710222],
            [100.15522094936381, 0.5147449120391485]
          ]
        ],
        "type": "Polygon"
      }
    },
    {
      "type": "Feature",
      "properties": {
        "tier": 2
      },
      "geometry": {
        "coordinates": [
          [
            [100.13950992379762, 0.5273112124394288],
            [100.14071792380554, 0.5301297591142884],
            [100.13868910328, 0.532545655243311],
            [100.13526643659014, 0.5335213053343608],
            [100.13233870655017, 0.533708253795794],
            [100.13142496295507, 0.5313543041766025],
            [100.13537419374961, 0.5293100840427059],
            [100.13817737325593, 0.5276994858866999],
            [100.13950992379762, 0.5273112124394288]
          ]
        ],
        "type": "Polygon"
      }
    },
    {
      "type": "Feature",
      "properties": {
        "tier": 3
      },
      "geometry": {
        "coordinates": [
          [
            [100.13572073204949, 0.5883365255056958],
            [100.13836862137993, 0.5870015254804031],
            [100.13997070568013, 0.5901387750330542],
            [100.13892490064984, 0.5928087732589944],
            [100.13621025780787, 0.593921272140193],
            [100.13532021097444, 0.5909842746102214],
            [100.13572073204949, 0.5883365255056958]
          ]
        ],
        "type": "Polygon"
      }
    },
    {
      "type": "Feature",
      "properties": {
        "tier": 3
      },
      "geometry": {
        "coordinates": [
          [
            [100.13420851310457, 0.5848195822319298],
            [100.13319781838942, 0.5854328778122095],
            [100.13152196561254, 0.5838089400741922],
            [100.12941419201775, 0.5832388341619748],
            [100.12823072897515, 0.581744465357616],
            [100.13003615799653, 0.5810015997943765],
            [100.13387161486571, 0.5830919886891195],
            [100.13395799903014, 0.584163096748199],
            [100.13420851310457, 0.5848195822319298]
          ]
        ],
        "type": "Polygon"
      }
    },
    {
      "type": "Feature",
      "properties": {
        "tier": 3
      },
      "geometry": {
        "coordinates": [
          [
            [100.23649542895765, 0.38095000866366036],
            [100.2363850156845, 0.3783967577797114],
            [100.23855187617039, 0.37689240961043424],
            [100.24273377889347, 0.37621614291757055],
            [100.24563212731607, 0.3760091224904585],
            [100.2463222102723, 0.3777342925626783],
            [100.24295955001494, 0.37991779023065675],
            [100.23929325325508, 0.38138361738650417],
            [100.23759564917901, 0.38192187016393575],
            [100.23649542895765, 0.38095000866366036]
          ]
        ],
        "type": "Polygon"
      }
    },
    {
      "type": "Feature",
      "properties": {
        "tier": 2
      },
      "geometry": {
        "coordinates": [
          [
            [100.19612164643524, 0.4726956162812286],
            [100.20025067409591, 0.4743762183813658],
            [100.19991869200732, 0.47719796919298574],
            [100.19817578576493, 0.47921054076888936],
            [100.19872437520854, 0.48116015943537604],
            [100.20308164057815, 0.48003975918547326],
            [100.20725216600425, 0.4791683366418482],
            [100.20914031433023, 0.48055846302771954],
            [100.20828961018151, 0.48315198167810536],
            [100.2038223874028, 0.48498629006472527],
            [100.2002328306927, 0.4856087342179052],
            [100.19833396328039, 0.48803009162296007],
            [100.19549136634794, 0.4891919868043857],
            [100.19323384897535, 0.4913976563362752],
            [100.19232089813602, 0.49430239244887275],
            [100.18909154951967, 0.49596225924335613],
            [100.18655649851507, 0.4956277776197595],
            [100.18601702756456, 0.49174788058664376],
            [100.18964315641784, 0.4868164684329912],
            [100.19299379779187, 0.4825386372517073],
            [100.1944647168358, 0.47828114469298555],
            [100.19612164643524, 0.4726956162812286]
          ]
        ],
        "type": "Polygon"
      }
    },
    {
      "type": "Feature",
      "properties": {
        "tier": 3
      },
      "geometry": {
        "coordinates": [
          [
            [100.16635895902101, 0.5103134629883499],
            [100.1669717492889, 0.5119665058382168],
            [100.16692899648007, 0.5154150938585076],
            [100.16560365977091, 0.5166406247730606],
            [100.15968952113354, 0.5165836233443031],
            [100.15624079450612, 0.5166691254872546],
            [100.1563548019979, 0.5145173212065259],
            [100.16330925899871, 0.5129070301119611],
            [100.16635895902101, 0.5103134629883499]
          ]
        ],
        "type": "Polygon"
      }
    },
    {
      "type": "Feature",
      "properties": {
        "tier": 2
      },
      "geometry": {
        "coordinates": [
          [
            [100.30175438082188, 0.3583568815114404],
            [100.30238818111718, 0.35820087217982177],
            [100.30337300926601, 0.3585128908369626],
            [100.30287571980409, 0.3602484944229474],
            [100.3030334800435, 0.36234732981856155],
            [100.30248743671319, 0.36411218440322557],
            [100.3019566911168, 0.36771175814322987],
            [100.30000653636591, 0.3678775178950673],
            [100.29894370202697, 0.36826754079871193],
            [100.29800275235903, 0.36800915062073614],
            [100.29739332899959, 0.3670974720396316],
            [100.29937273615218, 0.3643868120993119],
            [100.29937869515885, 0.36088361279605863],
            [100.30078280657949, 0.358806738947294],
            [100.30175438082188, 0.3583568815114404]
          ]
        ],
        "type": "Polygon"
      }
    },
    {
      "type": "Feature",
      "properties": {
        "tier": 3
      },
      "geometry": {
        "coordinates": [
          [
            [100.26433886467385, 0.40003284810289585],
            [100.26492430613513, 0.4012555757909695],
            [100.26447225631938, 0.4027852351867409],
            [100.26298143545745, 0.4034315004502673],
            [100.26193653354062, 0.4045356601353234],
            [100.26113618313599, 0.40507662422133706],
            [100.26016394427592, 0.40327996334832505],
            [100.25887756912215, 0.40177819181904795],
            [100.25829953827377, 0.4008222411731168],
            [100.26066353622838, 0.39993298465782345],
            [100.26204932813289, 0.39997003701424205],
            [100.26433886467385, 0.40003284810289585]
          ]
        ],
        "type": "Polygon"
      }
    },
    {
      "type": "Feature",
      "properties": {
        "tier": 3
      },
      "geometry": {
        "coordinates": [
          [
            [100.2531681188641, 0.403236772077463],
            [100.25456685174879, 0.4033432719421626],
            [100.254980131261, 0.4059931041792595],
            [100.25417104344757, 0.40803237433387096],
            [100.25316281974392, 0.40924647199858555],
            [100.25161748305061, 0.41029095559693474],
            [100.25055245801167, 0.4090484581463585],
            [100.25135477834579, 0.4055313149807631],
            [100.25239494910562, 0.40316273602158503],
            [100.2531681188641, 0.403236772077463]
          ]
        ],
        "type": "Polygon"
      }
    },
    {
      "type": "Feature",
      "properties": {
        "tier": 2
      },
      "geometry": {
        "coordinates": [
          [
            [100.30056467904393, 0.34354509184585424],
            [100.30288632266019, 0.3448978361535353],
            [100.30188280488267, 0.34815983624783087],
            [100.29971898286357, 0.34954784880982004],
            [100.29591660591853, 0.3501145386566975],
            [100.29282717464997, 0.3504618646749975],
            [100.29136472197882, 0.3482682264491501],
            [100.29312706783665, 0.34637149543034695],
            [100.29509630954317, 0.3449261652827005],
            [100.29900837043851, 0.3430432914039159],
            [100.30056467904393, 0.34354509184585424]
          ]
        ],
        "type": "Polygon"
      }
    },
    {
      "type": "Feature",
      "properties": {
        "tier": 3
      },
      "geometry": {
        "coordinates": [
          [
            [100.15315504038404, 0.14665137710967713],
            [100.15403964120298, 0.14547191316405872],
            [100.15535425642776, 0.14420644647813674],
            [100.15912609636865, 0.1435552839804899],
            [100.15953153844868, 0.14638108336103528],
            [100.15685316350482, 0.14784312724954418],
            [100.15378163260806, 0.14796598807609485],
            [100.15315504038404, 0.14665137710967713]
          ]
        ],
        "type": "Polygon"
      }
    },
    {
      "type": "Feature",
      "properties": {
        "tier": 2
      },
      "geometry": {
        "coordinates": [
          [
            [100.21561063646533, -0.015219649481608144],
            [100.21574114692504, -0.01165236368221656],
            [100.2158499056423, -0.00765004297616656],
            [100.21541487077673, -0.005801144810163805],
            [100.21317444121792, -0.007606539490012665],
            [100.21084700468776, -0.009585948106163755],
            [100.20764949842459, -0.009085658017340847],
            [100.20503928923091, -0.011260832310981073],
            [100.21036846633552, -0.012848709535248304],
            [100.21365297957004, -0.014175565838499438],
            [100.21561063646533, -0.015219649481608144]
          ]
        ],
        "type": "Polygon"
      }
    },
    {
      "type": "Feature",
      "properties": {
        "tier": 2
      },
      "geometry": {
        "coordinates": [
          [
            [100.16954765777706, -0.012272125960308244],
            [100.17111203420393, -0.012738430460373706],
            [100.172856915603, -0.010316655464791324],
            [100.17467700737672, -0.008135553695069575],
            [100.17472264749205, -0.006405331792066704],
            [100.17275213487693, -0.005126754911913167],
            [100.17201102931608, -0.002542720441525148],
            [100.17052186329505, -0.0015649851760599631],
            [100.1674683208459, -0.001384480203739713],
            [100.16527217701605, -0.0019861634445987875],
            [100.16862656108566, -0.006333324848299071],
            [100.16933666988507, -0.009417891176596527],
            [100.16954765777706, -0.012272125960308244]
          ]
        ],
        "type": "Polygon"
      }
    },
    {
      "type": "Feature",
      "properties": {
        "tier": 1
      },
      "geometry": {
        "coordinates": [
          [
            [100.19069048023954, 0.09977840293385043],
            [100.19300851094096, 0.10173336559731183],
            [100.19303643905221, 0.10403742855457665],
            [100.1919304585544, 0.10761247020118958],
            [100.1917349619888, 0.11060076942791852],
            [100.18941567782178, 0.11235017641183731],
            [100.18617602044935, 0.1138443258229529],
            [100.18393995156151, 0.11675298859729821],
            [100.18519985778386, 0.11966903642861837],
            [100.18828591071133, 0.12004606469498924],
            [100.18483679273356, 0.12142850162442187],
            [100.18374301065836, 0.12410810287775575],
            [100.18041956904347, 0.12563017966580503],
            [100.17891850400184, 0.12715498563844108],
            [100.17929553309324, 0.13021310277162002],
            [100.17991377519695, 0.1324493720244817],
            [100.18083540186592, 0.13398541232649563],
            [100.1788365297524, 0.1354633157391305],
            [100.1763648946025, 0.13613358779559803],
            [100.17536796772896, 0.138906674726897],
            [100.17409035529664, 0.1421669762571014],
            [100.17417413942411, 0.14382513543991138],
            [100.1759336085143, 0.1455985629133636],
            [100.17337818912085, 0.14597559078420375],
            [100.17210701167267, 0.14916883988144036],
            [100.16962678058064, 0.151161484955324],
            [100.16657633852304, 0.15343863271169766],
            [100.16501826898894, 0.15641880907297434],
            [100.16441781525242, 0.15866701107755432],
            [100.16389556360775, 0.16124706563597613],
            [100.16310150689907, 0.16384103512056925],
            [100.16539160952436, 0.16472076604894426],
            [100.16464565925304, 0.16666783675711372],
            [100.16451690788045, 0.16909449442331947],
            [100.16507939254484, 0.17181180017156805],
            [100.16385055698976, 0.17426946007303457],
            [100.16108567699087, 0.174297388024641],
            [100.15910391501643, 0.1739696306195384],
            [100.15653453158308, 0.17482143313743848],
            [100.15341360119965, 0.1752772099356008],
            [100.15196791246996, 0.17737662427087741],
            [100.14816969348169, 0.17968067975203894],
            [100.14433944739744, 0.181428562764836],
            [100.14237051770067, 0.18074432820334607],
            [100.14402725954494, 0.17765225688702913],
            [100.1394073112325, 0.17530958126344842],
            [100.13636315042567, 0.17459741852263733],
            [100.13549009539923, 0.17188419289136903],
            [100.13702613984304, 0.17012473163772768],
            [100.13772230273196, 0.16606430558501017],
            [100.1373015216331, 0.16300013794966617],
            [100.1389632424399, 0.16094743221306373],
            [100.14010685145007, 0.15878542216587732],
            [100.14360713807753, 0.15770420178381528],
            [100.14399813120878, 0.1542969885564247],
            [100.14543105651666, 0.15026569151964964],
            [100.14802524945088, 0.14764423193254572],
            [100.1513766191465, 0.1456473806955927],
            [100.15316040841958, 0.14739244284392328],
            [100.15204774027035, 0.15156769647278168],
            [100.14783693149593, 0.15610107207893975],
            [100.1451242129479, 0.15938520757686092],
            [100.14247178458379, 0.1631519180630363],
            [100.14090682932834, 0.16697444515382642],
            [100.14018351840599, 0.1707360502129518],
            [100.14074208002188, 0.1730819984401819],
            [100.1428087580008, 0.17404551280627345],
            [100.14493129214941, 0.1751626308414842],
            [100.1457830986131, 0.1736405574886959],
            [100.14934392891524, 0.17295632263964933],
            [100.15129072667486, 0.1711409738558558],
            [100.15344092089259, 0.16910771879622644],
            [100.1553782006456, 0.16577615915102228],
            [100.15707000103163, 0.16231465729849504],
            [100.15751685032444, 0.16044348330740377],
            [100.15939446216527, 0.15788122126507176],
            [100.16023270737873, 0.1549744429811426],
            [100.16090298131775, 0.15264245663793474],
            [100.16215172784894, 0.14931682920996536],
            [100.16054586320263, 0.14673349035847139],
            [100.1595758622168, 0.1452931948880689],
            [100.15935243757042, 0.14298913551421322],
            [100.16016906156437, 0.13937616067630643],
            [100.16185527687412, 0.13697270526448335],
            [100.16449448050884, 0.1361069372181305],
            [100.16571219576178, 0.13332027817675396],
            [100.16504192182265, 0.1305972975216747],
            [100.16468120197328, 0.1273924321655926],
            [100.16475102217476, 0.12452981080136283],
            [100.16206236050914, 0.12459135612935768],
            [100.15986927173981, 0.12533658947651816],
            [100.1575799035171, 0.12491252835953048],
            [100.15521099990173, 0.12358774183871901],
            [100.15403050862096, 0.12089685322912658],
            [100.15276037036392, 0.1175961173950526],
            [100.15414762603666, 0.11363565655044283],
            [100.15871557758669, 0.11436880414983364],
            [100.16135788655492, 0.11702702356899408],
            [100.16373339994658, 0.11972747002772621],
            [100.16627616647702, 0.12156051119677613],
            [100.1693082551567, 0.12204013833839156],
            [100.17112080027596, 0.11854679308069649],
            [100.17093926775021, 0.1152373223935399],
            [100.1732877966719, 0.1125334071756896],
            [100.17665313040851, 0.11055051719672804],
            [100.17907724478181, 0.10798744190338994],
            [100.17977544680173, 0.10520860267430976],
            [100.18618656529088, 0.10391715053791017],
            [100.19069048023954, 0.09977840293385043]
          ]
        ],
        "type": "Polygon"
      }
    },
    {
      "type": "Feature",
      "properties": {
        "tier": 2
      },
      "geometry": {
        "coordinates": [
          [
            [100.10903266948293, 0.6142892825263715],
            [100.11060095508662, 0.6142453144295388],
            [100.11151700976308, 0.6152199405047298],
            [100.11226184010883, 0.616397740953488],
            [100.11296568839964, 0.6181974834221791],
            [100.11300233058631, 0.619128140715901],
            [100.11262318395131, 0.6205190991024239],
            [100.11129673678283, 0.6209661075472468],
            [100.1102487702338, 0.6195224899700378],
            [100.10941355927304, 0.6179214990898743],
            [100.1088639264675, 0.6163826165119559],
            [100.10903266948293, 0.6142892825263715]
          ]
        ],
        "type": "Polygon"
      }
    },
    {
      "type": "Feature",
      "properties": {
        "tier": 2
      },
      "geometry": {
        "coordinates": [
          [
            [100.1253980951505, 0.687131901025694],
            [100.12671462611286, 0.688155795806793],
            [100.12726318068047, 0.6892711095147206],
            [100.12724694229962, 0.6906359870640273],
            [100.12816119991231, 0.6921169765684283],
            [100.12941783229365, 0.6930542781196607],
            [100.12907041440161, 0.6942518678223735],
            [100.12731503978512, 0.6945078411546746],
            [100.12573337411402, 0.6943524287763978],
            [100.12407856783534, 0.6939776106652005],
            [100.12291746066683, 0.6933285353303376],
            [100.1219483475981, 0.6924600541083805],
            [100.12154649539195, 0.691244372549221],
            [100.12232361436241, 0.6893245708986768],
            [100.12392644625203, 0.6883327046269869],
            [100.1253980951505, 0.687131901025694]
          ]
        ],
        "type": "Polygon"
      }
    },
    {
      "type": "Feature",
      "properties": {
        "tier": 2
      },
      "geometry": {
        "coordinates": [
          [
            [100.13634633642624, 0.7163561803368736],
            [100.13736116237669, 0.7174714873108741],
            [100.13745816380242, 0.7191732269412654],
            [100.13678161316983, 0.7207547677416812],
            [100.13464225035528, 0.7216049599687295],
            [100.13289232857284, 0.722533581407447],
            [100.1310272429829, 0.7234477663343029],
            [100.12845802380411, 0.7249667055415614],
            [100.12728777405977, 0.7254877906355688],
            [100.12513926866944, 0.7252226771739316],
            [100.12353017527107, 0.7244456203882947],
            [100.12427986651431, 0.7226081091050531],
            [100.12789118408494, 0.7216573567066291],
            [100.131028357876, 0.7191615087812409],
            [100.13421911694405, 0.7176439604417197],
            [100.13634633642624, 0.7163561803368736]
          ]
        ],
        "type": "Polygon"
      }
    },
    {
      "type": "Feature",
      "properties": {
        "tier": 2
      },
      "geometry": {
        "coordinates": [
          [
            [100.20117714931547, 0.09055141057686455],
            [100.2024155620295, 0.09007963489132464],
            [100.20544279320046, 0.09121975961188866],
            [100.20710662913814, 0.09368954350590286],
            [100.20797155230292, 0.09620568016647724],
            [100.20757840542484, 0.09805346793292813],
            [100.20529815344514, 0.09801415330122154],
            [100.20372556587284, 0.09479035334166497],
            [100.20162222999579, 0.0923725031745164],
            [100.20117714931547, 0.09055141057686455]
          ]
        ],
        "type": "Polygon"
      }
    },
    {
      "type": "Feature",
      "properties": {
        "tier": 3
      },
      "geometry": {
        "coordinates": [
          [
            [100.17051634157525, 0.028046777803425016],
            [100.17195107286449, 0.027150070851718056],
            [100.17530731927201, 0.029302167524235756],
            [100.1769982525771, 0.03253031245446891],
            [100.18079824009544, 0.035665871762773804],
            [100.1838470440839, 0.037331184528326844],
            [100.18793553690722, 0.03986881174596135],
            [100.19031821565426, 0.040970480140273935],
            [100.19034383585694, 0.044531687169723],
            [100.18709007025359, 0.043686220767767736],
            [100.1828371167893, 0.04176470618261874],
            [100.17612077347457, 0.03715905906577177],
            [100.17215312343944, 0.03312379869865367],
            [100.17041094973115, 0.029921273984683694],
            [100.17051634157525, 0.028046777803425016]
          ]
        ],
        "type": "Polygon"
      }
    },
    {
      "type": "Feature",
      "properties": {
        "tier": 2
      },
      "geometry": {
        "coordinates": [
          [
            [100.18725205743738, 0.04615900673159956],
            [100.18864400346354, 0.04802625077005018],
            [100.18883072792983, 0.049910469701913485],
            [100.1901435973881, 0.05214982196282847],
            [100.18934577466507, 0.05422076515827712],
            [100.19250311565133, 0.05554481077082585],
            [100.1937458254348, 0.057750740949799706],
            [100.19499535846154, 0.06012612471494094],
            [100.19601385555393, 0.062400766920674755],
            [100.19548763205552, 0.06392851163079172],
            [100.19233029093624, 0.0622140424148796],
            [100.18949547402991, 0.05943015193129497],
            [100.18542229345599, 0.05708983506062282],
            [100.18301185033744, 0.0561392382385435],
            [100.18315777050043, 0.052411727352236426],
            [100.18466471030547, 0.04827921091553833],
            [100.18725205743738, 0.04615900673159956]
          ]
        ],
        "type": "Polygon"
      }
    },
    {
      "type": "Feature",
      "properties": {
        "tier": 3
      },
      "geometry": {
        "coordinates": [
          [
            [100.19111704728965, 0.06194924957911496],
            [100.19258644763931, 0.06361199108256699],
            [100.19254777920906, 0.06628011105568987],
            [100.19057568921653, 0.06848421002020189],
            [100.18783023066851, 0.0699536092974995],
            [100.18696328417388, 0.07166208734307133],
            [100.18570533314744, 0.07364093499901969],
            [100.18545451662482, 0.07578107748219054],
            [100.18419370423027, 0.07998512546835457],
            [100.18503249053435, 0.08173163767838787],
            [100.1854303548422, 0.08402479904469828],
            [100.18597152525274, 0.08658274848775704],
            [100.18367348058263, 0.08630698344117604],
            [100.1828230393836, 0.08257522388531413],
            [100.18181817991365, 0.07983970629719295],
            [100.18254206398524, 0.07705907485303953],
            [100.1837457917967, 0.07274571895835891],
            [100.1828437770925, 0.06990871815635558],
            [100.18346424915251, 0.06808177396874271],
            [100.18754327844238, 0.06705914480126296],
            [100.18911917342609, 0.06475194010616292],
            [100.1902337250906, 0.06236197511982766],
            [100.19111704728965, 0.06194924957911496]
          ]
        ],
        "type": "Polygon"
      }
    },
    {
      "type": "Feature",
      "properties": {
        "tier": 2
      },
      "geometry": {
        "coordinates": [
          [
            [100.18402774443501, 0.0864858241835691],
            [100.18711427007861, 0.08677632038262573],
            [100.18996476729001, 0.08773858902624454],
            [100.18823994413691, 0.09031674262782019],
            [100.18489923402848, 0.09147872729019468],
            [100.1839958609192, 0.09446762703787215],
            [100.18414110918485, 0.0972091842151599],
            [100.18196238520107, 0.09735443227135931],
            [100.17945685261975, 0.09595641970442159],
            [100.17730419931331, 0.09053703463816021],
            [100.18086278182011, 0.08763207283809038],
            [100.18402774443501, 0.0864858241835691]
          ]
        ],
        "type": "Polygon"
      }
    },
    {
      "type": "Feature",
      "properties": {
        "tier": 2
      },
      "geometry": {
        "coordinates": [
          [
            [100.12066267822155, 0.5814303331153923],
            [100.12168232022111, 0.5816011487473958],
            [100.12295078519463, 0.5826704426288529],
            [100.12281979001273, 0.5841616578740769],
            [100.1216080761447, 0.5856217189913053],
            [100.11999142792467, 0.5856513903137426],
            [100.11933830742561, 0.5852336545523116],
            [100.11896934840485, 0.5837266291684955],
            [100.11802108166376, 0.5825180396255973],
            [100.11776468641176, 0.5815425372925773],
            [100.11920925478455, 0.5815237776304087],
            [100.11975331300096, 0.5814862583055316],
            [100.12066267822155, 0.5814303331153923]
          ]
        ],
        "type": "Polygon"
      }
    },
    {
      "type": "Feature",
      "properties": {
        "tier": 3
      },
      "geometry": {
        "coordinates": [
          [
            [100.03583261263242, 0.614044091569184],
            [100.0369077420849, 0.6136443284511159],
            [100.03828362320883, 0.6157546253188997],
            [100.0389078333672, 0.6173125932408539],
            [100.04094930654884, 0.6181017503388802],
            [100.04352665546804, 0.6184828142933441],
            [100.04476563830099, 0.6199475537024028],
            [100.04625719877043, 0.6221641214628022],
            [100.04668326731098, 0.6234951193816727],
            [100.04657514833644, 0.6250107935230602],
            [100.04745666068197, 0.6251444092257685],
            [100.04949249146603, 0.6257091544491828],
            [100.0530591645499, 0.6279912379812771],
            [100.0533218523932, 0.6296066709290926],
            [100.05313493911365, 0.6327279049821612],
            [100.05232060680044, 0.6340937982965045],
            [100.05275585670717, 0.6361146110421458],
            [100.05320242604188, 0.636784423716648],
            [100.05198092756888, 0.6378613772452297],
            [100.05022091901981, 0.6377563086182221],
            [100.04822786300969, 0.6362946001991219],
            [100.04992219959848, 0.6324201919868244],
            [100.04870069013089, 0.6290204904406522],
            [100.04552216722794, 0.6291912272468778],
            [100.04372026957208, 0.6249800138752875],
            [100.0411921235006, 0.6210335190688596],
            [100.03872285777345, 0.6202455017728568],
            [100.03597461511998, 0.618858405678381],
            [100.03523908915867, 0.6156406663305631],
            [100.03583261263242, 0.614044091569184]
          ]
        ],
        "type": "Polygon"
      }
    },
    {
      "type": "Feature",
      "properties": {
        "tier": 2
      },
      "geometry": {
        "coordinates": [
          [
            [100.05205497317348, 0.6382140043702123],
            [100.05321204031628, 0.6373269745163128],
            [100.05701750558961, 0.637095575398746],
            [100.05835456095588, 0.6396152541188798],
            [100.05603703095136, 0.6443022374282208],
            [100.0550342394256, 0.6458448958432541],
            [100.05375141541555, 0.6464051975846559],
            [100.05256753921594, 0.6466036001313569],
            [100.05186647277549, 0.6444476269757331],
            [100.05221864541983, 0.6419613860229845],
            [100.05180858769188, 0.6403146443733334],
            [100.05205497317348, 0.6382140043702123]
          ]
        ],
        "type": "Polygon"
      }
    },
    {
      "type": "Feature",
      "properties": {
        "tier": 2
      },
      "geometry": {
        "coordinates": [
          [
            [100.01347322454359, 0.5674470827614329],
            [100.01448227810789, 0.5680621975140951],
            [100.01513519512031, 0.5693949459214309],
            [100.01428369672152, 0.5705121174640908],
            [100.01360379966656, 0.5712243552147385],
            [100.01285075864786, 0.5715711810217954],
            [100.01123195613809, 0.5715765767614016],
            [100.0100764761583, 0.5716137302751889],
            [100.00905663057779, 0.5726065463189656],
            [100.00663530737972, 0.5736083218112071],
            [100.00549135360637, 0.5742450188543557],
            [100.00458082734173, 0.5755227213867613],
            [100.00381459415468, 0.5765479111634733],
            [100.00258936467509, 0.5771819891742354],
            [100.00124576573916, 0.5778942189822232],
            [100.00017266790019, 0.5785170667394652],
            [99.99942801874579, 0.579725710872026],
            [99.99895818984305, 0.5811372007604803],
            [99.99800075224272, 0.5823067804831368],
            [99.996866775701, 0.5832728822745707],
            [99.99510413042145, 0.5839730822962252],
            [99.99305938064617, 0.5848660959237861],
            [99.99144902882415, 0.5866466625163014],
            [99.99042522963646, 0.5896405273120706],
            [99.98896246606273, 0.5921417760373515],
            [99.98774891731455, 0.5943969955234394],
            [99.98628747140202, 0.5957394748075444],
            [99.98511436624165, 0.5969125164310896],
            [99.98319599427214, 0.5960154846239476],
            [99.98287856581624, 0.5926895654168618],
            [99.98542630534735, 0.5905227461442735],
            [99.98762032771361, 0.5882762548367566],
            [99.98945083067167, 0.5860841236859073],
            [99.99229662449062, 0.5828720367793068],
            [99.99505201545412, 0.58086407640522],
            [99.99731541835285, 0.5767101159682255],
            [100.00049599491126, 0.5742355613715517],
            [100.00506529747332, 0.5706611931681209],
            [100.00934159023114, 0.5684533821286237],
            [100.01206043395871, 0.5670181239247967],
            [100.01347322454359, 0.5674470827614329]
          ]
        ],
        "type": "Polygon"
      }
    },
    {
      "type": "Feature",
      "properties": {
        "tier": 2
      },
      "geometry": {
        "coordinates": [
          [
            [100.01726876273983, 0.5662366996241559],
            [100.01848265923996, 0.5659824499300043],
            [100.0195407176754, 0.5661587843957392],
            [100.01992606244409, 0.5675258304028858],
            [100.02116574897013, 0.5700802631532298],
            [100.02176131632382, 0.5714274364651288],
            [100.02338434906119, 0.5740647837534567],
            [100.02547873082386, 0.5783748692915509],
            [100.0269324337284, 0.581426866950224],
            [100.02677807441631, 0.584676091682411],
            [100.02612941627024, 0.5878778110867557],
            [100.02677498596404, 0.5908253752977402],
            [100.02884517154092, 0.5935026723154948],
            [100.0308477878117, 0.5962990322848327],
            [100.03066943361961, 0.5997091484471184],
            [100.0301063410302, 0.602963321754487],
            [100.0283113513936, 0.6027528863422305],
            [100.02446412497778, 0.597756315943812],
            [100.02053170559407, 0.5925545821087894],
            [100.01957272745221, 0.5856576253491994],
            [100.019458422257, 0.5792268601747992],
            [100.01648749407178, 0.5709239997823801],
            [100.01526891552265, 0.5676268323464768],
            [100.01726876273983, 0.5662366996241559]
          ]
        ],
        "type": "Polygon"
      }
    },
    {
      "type": "Feature",
      "properties": {
        "tier": 2
      },
      "geometry": {
        "coordinates": [
          [
            [100.03117750860378, 0.6061948427236814],
            [100.03682205057879, 0.6048525194554628],
            [100.03800271408727, 0.606518294064017],
            [100.03655369223435, 0.6116150281969084],
            [100.03488782451723, 0.6164506188121095],
            [100.03278940849162, 0.6180136263186142],
            [100.03106429982961, 0.623808293761968],
            [100.02841185030525, 0.625862202656478],
            [100.02683543579082, 0.6270418605974726],
            [100.02583621017442, 0.6326215545076224],
            [100.02567396504253, 0.6363986898678888],
            [100.02530174780469, 0.6384982469015767],
            [100.02534215841933, 0.6414993977004144],
            [100.02400224619697, 0.64478961444091],
            [100.02424284749105, 0.6484304074643603],
            [100.0225366902198, 0.651383069326755],
            [100.0215724757071, 0.6541187265126496],
            [100.02243655385502, 0.6555520045981922],
            [100.02157759100021, 0.6574320554308599],
            [100.01883158916445, 0.6585781936602757],
            [100.0172940099327, 0.6599489284866848],
            [100.01728641596532, 0.6624255499149143],
            [100.01754618482386, 0.664952844365402],
            [100.01661625071301, 0.6674476105434763],
            [100.01487923693873, 0.6689936386042632],
            [100.01267511943217, 0.6679496866592558],
            [100.0128608311357, 0.6633363092722817],
            [100.01343891459379, 0.6587875989933707],
            [100.01498425446295, 0.6538128958764133],
            [100.01804036727964, 0.6505297665016485],
            [100.01965530268723, 0.64441443939279],
            [100.02008490890182, 0.6405151819776052],
            [100.0205320038416, 0.63658191869429],
            [100.02064766705246, 0.6330296238074595],
            [100.02171180767084, 0.6303005774492476],
            [100.02327603726911, 0.6257976811530881],
            [100.02543053248905, 0.6203562366443691],
            [100.02819483386736, 0.6150667704222741],
            [100.02914991937854, 0.6084481830116886],
            [100.03117750860378, 0.6061948427236814]
          ]
        ],
        "type": "Polygon"
      }
    },
    {
      "type": "Feature",
      "properties": {
        "tier": 3
      },
      "geometry": {
        "coordinates": [
          [
            [99.88080153282073, 0.36263051678510294],
            [99.87980598509597, 0.3589695429015194],
            [99.88144382167542, 0.3564967790096034],
            [99.88494429594766, 0.3552443399050844],
            [99.88577531210478, 0.35724300401970766],
            [99.88269063115388, 0.3616100956354842],
            [99.8815573585116, 0.3648339638000948],
            [99.88079394066949, 0.3668760648957914],
            [99.87919253803847, 0.3665519258051688],
            [99.87912573897688, 0.36423309126367087],
            [99.88034716888927, 0.3628033770704917],
            [99.88080153282073, 0.36263051678510294]
          ]
        ],
        "type": "Polygon"
      }
    },
    {
      "type": "Feature",
      "properties": {
        "tier": 3
      },
      "geometry": {
        "coordinates": [
          [
            [100.00173489191445, 0.2933275625953513],
            [100.00033129108078, 0.2969033553803513],
            [99.99823636525934, 0.30111369624320616],
            [99.99694722416064, 0.30532962856888446],
            [99.9957426352093, 0.30884178997249023],
            [99.99681643855081, 0.3144947404212388],
            [99.9968585752548, 0.3199695879590365],
            [99.99264777275374, 0.32169064295226235],
            [99.98910495864288, 0.32489863716648415],
            [99.98638130464491, 0.325901193021906],
            [99.98159750608289, 0.3294827218069969],
            [99.97989313364201, 0.33142099548250314],
            [99.97731986544693, 0.32959968660917127],
            [99.97967256334857, 0.3251592757297317],
            [99.97642107432551, 0.3246469464732087],
            [99.97027546651594, 0.32896168580323604],
            [99.96698868562606, 0.3322724699908264],
            [99.96241386864381, 0.336266911946268],
            [99.96137787755225, 0.33830543973982685],
            [99.95720049411864, 0.3391743203086861],
            [99.9543444746995, 0.3393876966127465],
            [99.95202184951307, 0.34007277545569536],
            [99.95299100246967, 0.33666409001692443],
            [99.95486121378457, 0.3328625387880919],
            [99.95400581797878, 0.3301787483187866],
            [99.95114723486836, 0.32563084418750066],
            [99.9498438912371, 0.32409359179399644],
            [99.9479724234588, 0.32297407088168484],
            [99.94890815734794, 0.3195319610394165],
            [99.95472214892294, 0.32406574805958144],
            [99.9584987447551, 0.33071745032717104],
            [99.96138105945198, 0.33003867227475325],
            [99.96687482949164, 0.32578762674916106],
            [99.97214892127374, 0.32184515396509994],
            [99.97985234954899, 0.31943110320636947],
            [99.98207338928563, 0.3176095699926975],
            [99.98337673291695, 0.31435126046555695],
            [99.98663240813528, 0.3134501520691799],
            [99.98792977953491, 0.31671337561019186],
            [99.98964470249632, 0.31341473070794734],
            [99.99057270770311, 0.3105025963160557],
            [99.98819087465012, 0.30806461740519353],
            [99.9872223683351, 0.3035276482671918],
            [99.99078149901982, 0.3032602994756246],
            [99.99293702887229, 0.3043464039008654],
            [99.99455460509432, 0.29986866198825624],
            [99.99239907524327, 0.2969111146261554],
            [99.99692611152335, 0.29505605780967414],
            [100.00173489191445, 0.2933275625953513]
          ]
        ],
        "type": "Polygon"
      }
    },
    {
      "type": "Feature",
      "properties": {
        "tier": 3
      },
      "geometry": {
        "coordinates": [
          [
            [99.94878492042432, 0.3408968712214602],
            [99.95073408244616, 0.34232440113066787],
            [99.94966574527132, 0.34564644835352],
            [99.94796366012656, 0.34712888251719676],
            [99.94751161940457, 0.3491124921193176],
            [99.94950196090383, 0.352502872364326],
            [99.9503255504901, 0.3544931759833503],
            [99.94777242256731, 0.3539715791838631],
            [99.9448935155927, 0.3513983166473764],
            [99.94360322527643, 0.3543357304922097],
            [99.94094832327085, 0.35686595214903605],
            [99.93878648093255, 0.3561056585400024],
            [99.9352535200021, 0.3535715592639974],
            [99.93242357775978, 0.3512196841273152],
            [99.93037833028575, 0.34972352436932397],
            [99.92280313101764, 0.3534352405796426],
            [99.91958917436688, 0.35317829479595275],
            [99.91703604664866, 0.3515585992407182],
            [99.91764001237914, 0.3496369260666654],
            [99.92464020373842, 0.34854136526678303],
            [99.92720705791311, 0.3485413652277174],
            [99.93090910479299, 0.3458207109907363],
            [99.93778067603478, 0.3500104163066027],
            [99.94123308720839, 0.35191902913865647],
            [99.94130391972499, 0.34891722032638484],
            [99.94428859519792, 0.34589309371668264],
            [99.9436983489714, 0.3418164110178168],
            [99.94589458786788, 0.3403065235276159],
            [99.94878492042432, 0.3408968712214602]
          ]
        ],
        "type": "Polygon"
      }
    },
    {
      "type": "Feature",
      "properties": {
        "tier": 2
      },
      "geometry": {
        "coordinates": [
          [
            [99.93860506332885, 0.35645450258608946],
            [99.94120366021838, 0.35723788790670596],
            [99.94296153458487, 0.3607153536429877],
            [99.94672458635984, 0.36442928257773133],
            [99.95010722932216, 0.36762631602671547],
            [99.94957222408021, 0.37100824310849134],
            [99.95256047410544, 0.37411031951806706],
            [99.95571318415773, 0.378352055230323],
            [99.95576288645566, 0.3818709236923752],
            [99.95238088903244, 0.38380072090141937],
            [99.94683976330361, 0.3833421552650549],
            [99.94122198668367, 0.38195958932043084],
            [99.93906285838494, 0.3832397518607422],
            [99.94192895789547, 0.3861822142863076],
            [99.93951275290112, 0.38870680479958253],
            [99.93561485756686, 0.3890698356993312],
            [99.93397323182853, 0.3931942319075432],
            [99.9320641012136, 0.3968988611825921],
            [99.92934605961449, 0.4018213075036243],
            [99.92516256540677, 0.4056596643556105],
            [99.92204807060608, 0.40736017388519485],
            [99.91828392658147, 0.4084110503813747],
            [99.91492004338397, 0.4092947197458727],
            [99.91270359309584, 0.4072120736942111],
            [99.91346788629863, 0.4039639090538856],
            [99.91942721544189, 0.4023557310447927],
            [99.92368815017119, 0.4009418234184636],
            [99.924133899808, 0.39735594077369285],
            [99.92892983965481, 0.3931333214114119],
            [99.92977278592889, 0.3873369251916756],
            [99.92820723743, 0.38305001051763554],
            [99.933633719167, 0.38368053826394544],
            [99.93817885831362, 0.37883863454480604],
            [99.93757742294451, 0.37465404847064576],
            [99.93666027110118, 0.37090909113558723],
            [99.93787666205901, 0.3701796863891218],
            [99.93885927881018, 0.37162613443783243],
            [99.94138197388492, 0.37500455093496043],
            [99.94373217488254, 0.37380081492709394],
            [99.9456226877353, 0.3695341929975342],
            [99.94164681775248, 0.3644829165845067],
            [99.9394086608699, 0.3605680433757499],
            [99.939179372909, 0.3585235993613054],
            [99.93860506332885, 0.35645450258608946]
          ]
        ],
        "type": "Polygon"
      }
    },
    {
      "type": "Feature",
      "properties": {
        "tier": 3
      },
      "geometry": {
        "coordinates": [
          [
            [100.01001329177052, 0.3340706277389245],
            [100.0098118151314, 0.3367401474664291],
            [100.00744446462153, 0.3390570885243278],
            [100.00281050101285, 0.33905708922704036],
            [99.99862985957003, 0.3410718211635668],
            [99.99480180338622, 0.34187771347968976],
            [99.98850091589719, 0.34217755177230913],
            [99.986687626145, 0.34756695423602935],
            [99.98477359807316, 0.3534096674501228],
            [99.98109664940893, 0.35733838634173765],
            [99.98119166660786, 0.3424591117357494],
            [99.98300495636016, 0.3366667600877804],
            [99.99363284907457, 0.3364652869247635],
            [100.01001329177052, 0.3340706277389245]
          ]
        ],
        "type": "Polygon"
      }
    },
    {
      "type": "Feature",
      "properties": {
        "tier": 1
      },
      "geometry": {
        "coordinates": [
          [
            [100.03214663070582, 0.5232990493525591],
            [100.03571865681505, 0.5235738091254944],
            [100.03642084998177, 0.5255276560520628],
            [100.03620713901796, 0.5290079443747118],
            [100.03342586647085, 0.5320119093110378],
            [100.03156352807201, 0.5348510890629257],
            [100.03064762394143, 0.5398578114425021],
            [100.03553244597111, 0.5401325704785336],
            [100.0375474350584, 0.542941217688508],
            [100.04454298707367, 0.5456671880240123],
            [100.04611409397927, 0.5473084471415888],
            [100.04416016516745, 0.5494759876304016],
            [100.04110715139893, 0.5486517117623606],
            [100.03686760305504, 0.5464134037971178],
            [100.03357034813797, 0.5448869660891376],
            [100.0283029146492, 0.548456949541432],
            [100.02686799800978, 0.5528836156883727],
            [100.02704633365147, 0.5554961645313625],
            [100.03130908962925, 0.5547731885482676],
            [100.03490388407624, 0.5531891559300419],
            [100.03842987408609, 0.5540099883315577],
            [100.0384651431088, 0.5505361509785018],
            [100.04211548695929, 0.5514354694721533],
            [100.04651785193062, 0.5535524739649702],
            [100.04989552114358, 0.5526904689262153],
            [100.05330131727942, 0.5503998751468231],
            [100.05666950894965, 0.5502059044682284],
            [100.05984638704928, 0.5485932676773757],
            [100.06285088399841, 0.5478339099480962],
            [100.06269510211507, 0.5446949360466959],
            [100.05911215032415, 0.5435864991959392],
            [100.06025737272614, 0.5410060936920331],
            [100.06188521989105, 0.5373828677103489],
            [100.06235911718113, 0.5331362042373513],
            [100.06429653573247, 0.5285064060586961],
            [100.06429385188574, 0.5249117148524647],
            [100.0608220429994, 0.5215373224862816],
            [100.05572406995805, 0.5187986026149218],
            [100.05172670465856, 0.52141406029493],
            [100.04649882722026, 0.5233071470590147],
            [100.04323622664702, 0.5237081203358258],
            [100.04296282436354, 0.5214663148689169],
            [100.04781077547847, 0.5191130357991653],
            [100.04915042322204, 0.5182546206652603],
            [100.04749638299063, 0.5162661063894376],
            [100.04647568113512, 0.51407897654137],
            [100.04950133306397, 0.5133681591792794],
            [100.05272747999953, 0.5157010979172867],
            [100.05619125686951, 0.5140259869624089],
            [100.06012824974096, 0.513333395681741],
            [100.06396585432839, 0.5171324313036791],
            [100.06587967030822, 0.5193377861707518],
            [100.07109398507038, 0.5238206113938446],
            [100.07408318367771, 0.5254062780233966],
            [100.07515856650627, 0.5229639861503301],
            [100.07794726999839, 0.5248495939360964],
            [100.08007980780451, 0.5270367200486987],
            [100.07944186853183, 0.5286223860789931],
            [100.07444970236213, 0.528545516232569],
            [100.06905456398289, 0.5281992213998024],
            [100.06830109958173, 0.5353853830512492],
            [100.06577646502274, 0.5407584010369249],
            [100.06550306273925, 0.5438203694506285],
            [100.0675900228336, 0.5466092733160082],
            [100.07036049929866, 0.5486870357484577],
            [100.0698319215528, 0.55071011952883],
            [100.06567620685524, 0.5509470572240218],
            [100.06359022910635, 0.5519042919332549],
            [100.06479592412126, 0.5538209487166625],
            [100.06343032592429, 0.5550532202468901],
            [100.06158571554238, 0.554455553278089],
            [100.06130747820464, 0.5524461552659403],
            [100.0581434710989, 0.5526832280602889],
            [100.05597940305375, 0.5529820616415151],
            [100.05385960666973, 0.5545758592679135],
            [100.05172645388274, 0.5545964684743581],
            [100.04909051339371, 0.555822364024209],
            [100.05036071789999, 0.558095014802916],
            [100.0503916331582, 0.5592491295603566],
            [100.04934329759016, 0.5606622839598145],
            [100.04902191564133, 0.5621545255073102],
            [100.04769255955728, 0.5628964559345349],
            [100.04578611866157, 0.5631231568796267],
            [100.04673418656665, 0.5603512219931446],
            [100.04628187138053, 0.5580496337758234],
            [100.04388078636032, 0.556256633600583],
            [100.04123884546772, 0.5580996125265045],
            [100.03784847219697, 0.5576874286299613],
            [100.03401045690481, 0.5588856032392613],
            [100.0321967617819, 0.5597614938058086],
            [100.02931803947769, 0.5604654078175031],
            [100.02704061548854, 0.5609291144799897],
            [100.02305664164544, 0.5603253856580892],
            [100.02183033642154, 0.5601811213522723],
            [100.02042531802311, 0.5635651179720043],
            [100.01936895757859, 0.5657481568721892],
            [100.0168806418672, 0.5662645745565271],
            [100.01404020600899, 0.5678138273333104],
            [100.01504961688318, 0.5639641680332801],
            [100.01485043611024, 0.559008964495348],
            [100.01409318557211, 0.557321824290824],
            [100.01181614195042, 0.5577678220276994],
            [100.00590052346666, 0.5576035070759531],
            [100.00446856819781, 0.5541763656104877],
            [100.00617707272954, 0.5518232679262667],
            [100.00636487014168, 0.5493115935032762],
            [100.00183360999863, 0.5492786430173524],
            [99.99870965148389, 0.5471824670919467],
            [99.99642139431299, 0.544747911208562],
            [99.9984134658088, 0.5431344990406766],
            [100.00641383640723, 0.5470009364357509],
            [100.01076297438881, 0.5447562424964687],
            [100.01332002132975, 0.5453458630607934],
            [100.01587706827067, 0.5473404496325032],
            [100.01717751000047, 0.5499246567685376],
            [100.01942713602267, 0.5511792392256654],
            [100.02041381371629, 0.5498247501305276],
            [100.0226380672737, 0.5480189624309836],
            [100.02201843139463, 0.5455614644582736],
            [100.01947448916744, 0.5435567540427039],
            [100.02166265158019, 0.5385939619350697],
            [100.02102101304766, 0.5369476480543843],
            [100.02033989158562, 0.5335044892508047],
            [100.01526435577634, 0.5331914169295663],
            [100.01334274406528, 0.5316620794776579],
            [100.0134135320626, 0.5286535846324347],
            [100.01756947874404, 0.5294607320830407],
            [100.02116448654999, 0.5279138461785191],
            [100.02449067037801, 0.5259239817287984],
            [100.03214663070582, 0.5232990493525591]
          ]
        ],
        "type": "Polygon"
      }
    },
    {
      "type": "Feature",
      "properties": {
        "tier": 3
      },
      "geometry": {
        "coordinates": [
          [
            [100.00964144801105, 0.29561447288308784],
            [100.01062731050212, 0.2969177990903944],
            [100.00905661433103, 0.299023171869635],
            [100.00653347473644, 0.2984884740590559],
            [100.00731882282264, 0.2963329732463933],
            [100.00964144801105, 0.29561447288308784]
          ]
        ],
        "type": "Polygon"
      }
    },
    {
      "type": "Feature",
      "properties": {
        "tier": 1
      },
      "geometry": {
        "coordinates": [
          [
            [100.03929420480432, 0.47534851118128074],
            [100.03988281251168, 0.47534364544941354],
            [100.04034071082447, 0.47541972191463344],
            [100.04056725792009, 0.476612616899061],
            [100.04191919730022, 0.48176629586258457],
            [100.04187487322508, 0.485085888155254],
            [100.04265975282755, 0.4890439519873837],
            [100.04617487424741, 0.48986212333595347],
            [100.05034613904962, 0.4901609880775908],
            [100.0519498915404, 0.4908577441278794],
            [100.05341828070937, 0.4922741027896791],
            [100.04904817625953, 0.49306052493514585],
            [100.04373537847022, 0.491965036810214],
            [100.0417961865341, 0.49320022482032755],
            [100.03996701653608, 0.4959189959199648],
            [100.0396421516744, 0.4979070940910617],
            [100.0382777192628, 0.4975302650723563],
            [100.03803543656295, 0.494729067577623],
            [100.03703403504261, 0.49237810186308195],
            [100.03618938641881, 0.49079281969382293],
            [100.0370210404605, 0.4891945430301661],
            [100.0369671457263, 0.48580235817732387],
            [100.0375540892868, 0.48338702043403714],
            [100.03372725232484, 0.4835090735837895],
            [100.03232772164534, 0.48031589913418316],
            [100.03505690720476, 0.4792519517007321],
            [100.03548917418306, 0.4774186073767055],
            [100.03712113177107, 0.4759584755746289],
            [100.03929420480432, 0.47534851118128074]
          ]
        ],
        "type": "Polygon"
      }
    },
    {
      "type": "Feature",
      "properties": {
        "tier": 1
      },
      "geometry": {
        "coordinates": [
          [
            [100.0529967457066, 0.39578510690591884],
            [100.05655729760912, 0.39743716340748847],
            [100.0563009378721, 0.3995164754310281],
            [100.05752576772659, 0.40173820550475625],
            [100.0530537144582, 0.40535563651025086],
            [100.05068867888878, 0.40917425059716095],
            [100.0485585165249, 0.4159372075843635],
            [100.0464791542139, 0.41961159946761484],
            [100.04496178452052, 0.4247184400599764],
            [100.0434957107824, 0.4291634602085139],
            [100.04339872971673, 0.4366008045033425],
            [100.04328479205589, 0.4392497777414093],
            [100.04938559833386, 0.43887753067338053],
            [100.05513945020823, 0.442779780055659],
            [100.0569909371975, 0.4414125688260526],
            [100.05989634754997, 0.4426088786657232],
            [100.06126359948053, 0.43665581113637586],
            [100.06326319131318, 0.43440503780301754],
            [100.0623516900261, 0.4309870054484861],
            [100.0660588274456, 0.4287061845716522],
            [100.06941998844161, 0.43032975061782963],
            [100.07095814686352, 0.43252298841206027],
            [100.0688787845524, 0.43577011852708836],
            [100.06486248200639, 0.4378779039935523],
            [100.06178616516263, 0.4415807689168929],
            [100.06883942859281, 0.43964419196559845],
            [100.07422298306938, 0.43921693830344566],
            [100.07698597134578, 0.4412107885175516],
            [100.0772992999132, 0.4434040231357983],
            [100.07302663763022, 0.44252103265317544],
            [100.06886791234865, 0.4426919339440616],
            [100.06399707734602, 0.4446857832253812],
            [100.0634060214951, 0.4463876808584786],
            [100.06163998775003, 0.449093617675814],
            [100.05853518649104, 0.4487233316434782],
            [100.0575952007888, 0.44490653606665376],
            [100.05265306209185, 0.4452198541025183],
            [100.04957674524906, 0.4424854322897289],
            [100.04539855091502, 0.4422091861575126],
            [100.042550109393, 0.4424655382547513],
            [100.04203738991902, 0.4440321342117812],
            [100.04389376586687, 0.44646035056265987],
            [100.04645736323664, 0.44831178110911196],
            [100.04309620224069, 0.44967899105846243],
            [100.04530720820281, 0.4544704194202609],
            [100.04750346168794, 0.4591376188739815],
            [100.04539561496159, 0.4624132206969165],
            [100.04379472498749, 0.46721384598234295],
            [100.0426378923454, 0.4715210539445991],
            [100.04152700015186, 0.47530935184823875],
            [100.03873552746023, 0.4747966499975007],
            [100.0355167885404, 0.4741700143505767],
            [100.03565921061647, 0.47126470288395694],
            [100.03856462096894, 0.46989749706820305],
            [100.03772231729675, 0.4652882743404376],
            [100.03518280711302, 0.46239377933902404],
            [100.0319976714427, 0.46155854363867377],
            [100.03069466139584, 0.4605339877128216],
            [100.032721565913, 0.45981011658990667],
            [100.03559487012086, 0.4602444392722589],
            [100.03727653265923, 0.4595762505185377],
            [100.04094056948071, 0.4593504816058811],
            [100.04234912378195, 0.45644494400060864],
            [100.04165158981851, 0.45430715718562453],
            [100.0394687695682, 0.45352760298931116],
            [100.03858895936366, 0.4521355417133037],
            [100.0394476034424, 0.45002737231287426],
            [100.03754237104778, 0.44602795521784344],
            [100.03680733973812, 0.4428540518744626],
            [100.03602677573753, 0.4404915442815849],
            [100.0357260811108, 0.43778537213118796],
            [100.0381680006617, 0.43622255043410973],
            [100.03596290667377, 0.4341511582990307],
            [100.03337170370662, 0.43503591404768827],
            [100.03294850386317, 0.4326749720772227],
            [100.03656824455823, 0.43168399109434574],
            [100.03846284052099, 0.42730993624023483],
            [100.03597845538297, 0.42354233019000276],
            [100.03984000549912, 0.4211320197559161],
            [100.0416546559909, 0.4164519187293081],
            [100.04321071772983, 0.41268519912746626],
            [100.04394575310829, 0.4086257036876617],
            [100.04643151498107, 0.4051914402290322],
            [100.04798773009429, 0.401697951947952],
            [100.04841550503056, 0.3998881792038844],
            [100.05238969586179, 0.3988760783604164],
            [100.0529967457066, 0.39578510690591884]
          ]
        ],
        "type": "Polygon"
      }
    },
    {
      "type": "Feature",
      "properties": {
        "tier": 1
      },
      "geometry": {
        "coordinates": [
          [
            [100.03829042929249, 0.4977205867165111],
            [100.03966202457877, 0.49800384026724487],
            [100.0406459951102, 0.49924121089530615],
            [100.04083609786511, 0.5010869102518285],
            [100.0443843552361, 0.5006247599325633],
            [100.04478731705888, 0.5021147684334863],
            [100.04566207181904, 0.5039796481148784],
            [100.05083537143179, 0.5055002708392493],
            [100.0540477049488, 0.5087757157824484],
            [100.05486768039219, 0.5111013721982971],
            [100.05410733912373, 0.5119660390182617],
            [100.05118976214385, 0.5091701011152878],
            [100.04636529362227, 0.5068473869847168],
            [100.04274715217423, 0.5041027238669926],
            [100.04013813940202, 0.5032827801098421],
            [100.04065114602179, 0.5060889980649819],
            [100.03966288595808, 0.5081134893638222],
            [100.03988651562497, 0.5108118473282843],
            [100.03759092839948, 0.5144413859787704],
            [100.03608515531408, 0.5167521322989614],
            [100.03468374922738, 0.5206362141936722],
            [100.03401286022932, 0.5225444416056604],
            [100.03255181307657, 0.5231705785990783],
            [100.03128457830064, 0.5221717409841204],
            [100.03195546730001, 0.5186385380030458],
            [100.0322562446338, 0.516123134763987],
            [100.03354142613665, 0.5132755252209478],
            [100.0344806707343, 0.5101150186482215],
            [100.03637219711749, 0.5080530781474124],
            [100.03621066896687, 0.5044998614461207],
            [100.03650238381101, 0.5017288071446018],
            [100.03423626985983, 0.5005659773623279],
            [100.0334013857726, 0.49876209998393506],
            [100.03829042929249, 0.4977205867165111]
          ]
        ],
        "type": "Polygon"
      }
    },
    {
      "type": "Feature",
      "properties": {
        "tier": 2
      },
      "geometry": {
        "coordinates": [
          [
            [100.20668643466291, -0.08733784504893549],
            [100.20900382823794, -0.0857221992575461],
            [100.2090527872578, -0.0825398664419481],
            [100.20796978909522, -0.07856734546817279],
            [100.20782401605913, -0.07780371851382029],
            [100.20786851653986, -0.07690258460027621],
            [100.20739498561636, -0.07385870492882418],
            [100.20684011673222, -0.0715086738988191],
            [100.20995717428798, -0.07521323664627744],
            [100.2118828957095, -0.07673096490756848],
            [100.21255200230439, -0.07411981948015978],
            [100.2110505923826, -0.07088852680124091],
            [100.21032801801027, -0.06887782941461751],
            [100.21331451818156, -0.06656043745837792],
            [100.21484311551535, -0.06335601973178484],
            [100.21360280826127, -0.061332369588313895],
            [100.21097534089739, -0.06045110774057605],
            [100.21158227901594, -0.05750289847736667],
            [100.21122324620865, -0.05412472775728361],
            [100.2106329007766, -0.05028597955902114],
            [100.2124523315261, -0.04510247835122527],
            [100.21765590189216, -0.04059028792413244],
            [100.22098807015169, -0.03951531233666117],
            [100.22278599493194, -0.03566615937866402],
            [100.22499225493567, -0.03672843250187441],
            [100.22716333128636, -0.03916038225085572],
            [100.22772427514377, -0.04112897719329567],
            [100.23215890677528, -0.04208152311592528],
            [100.23434263045766, -0.04299172091299397],
            [100.23738019436769, -0.04221910034087273],
            [100.24096803596893, -0.0417824930030406],
            [100.24330637258225, -0.038850305155960996],
            [100.2412579021775, -0.03611070942017136],
            [100.23811630963598, -0.034976823183157535],
            [100.23058717351171, -0.03752639844397265],
            [100.22719921835369, -0.034085507187000985],
            [100.22233825586613, -0.031230627231764174],
            [100.2214004764424, -0.02842915996161821],
            [100.22147358466708, -0.02432606889027511],
            [100.2233803919101, -0.019916800357250963],
            [100.22542127514794, -0.016749808527393384],
            [100.22873020242861, -0.01635843004812898],
            [100.23292862629017, -0.01874228077276996],
            [100.23718220637619, -0.022652048682502368],
            [100.23887159256998, -0.021301075529464697],
            [100.23955511253797, -0.01632423058266852],
            [100.23780232444494, -0.014432332391720593],
            [100.23396763580388, -0.009626559248786748],
            [100.23089330113214, -0.008722343181190695],
            [100.23124107654803, -0.006148805129370771],
            [100.2277909296264, -0.0032261440443903666],
            [100.22492946279118, 0.003330484995643701],
            [100.22427497205086, 0.006584238953323052],
            [100.22231149982662, 0.009501397656293875],
            [100.22444105089716, 0.014058592930382474],
            [100.22634683559232, 0.01713206236055953],
            [100.22658200520436, 0.02280688919600493],
            [100.22588357630809, 0.027214215954401766],
            [100.22588357630809, 0.029189083631493418],
            [100.22451080226762, 0.03024876871235449],
            [100.225153285043, 0.03634644288396771],
            [100.22096328206288, 0.034611665194063335],
            [100.21926425407617, 0.027606085076442355],
            [100.21959009506014, 0.0202979379374284],
            [100.21657768458402, 0.011513421819557834],
            [100.21636562865478, -0.0013164650083297147],
            [100.21581443203581, -0.014984430154186157],
            [100.21768876705414, -0.02461379817336251],
            [100.21709301816662, -0.029833424834095013],
            [100.21721447477853, -0.03301558761393153],
            [100.21587330674652, -0.038435314096119555],
            [100.20999480668047, -0.039989958377546486],
            [100.20594500691493, -0.0466113278742597],
            [100.20161647512384, -0.04463113456314716],
            [100.19877046846466, -0.04448885939956426],
            [100.19769889003567, -0.045862899053730644],
            [100.19492090344391, -0.04737983754513664],
            [100.19397895143811, -0.048244013396725904],
            [100.19227652441816, -0.04651566168288923],
            [100.19217049711335, -0.0442296519033647],
            [100.19147235190155, -0.04228340960450794],
            [100.19171189431063, -0.03937339961946407],
            [100.19222175824098, -0.037091975085118634],
            [100.19098994945188, -0.03377710652992505],
            [100.18809373889968, -0.031043842773556207],
            [100.18783448605325, -0.028555015791368987],
            [100.18628761074001, -0.028174778330921413],
            [100.18467160133605, -0.02919450606368912],
            [100.18181019931018, -0.026707228678318984],
            [100.18086533549734, -0.02545602157739779],
            [100.18478474576489, -0.024868748454480283],
            [100.1844685868536, -0.02284271411338068],
            [100.18395791450683, -0.02132346399507412],
            [100.18140455277296, -0.020710657220220696],
            [100.18016617233258, -0.019944648748221994],
            [100.17876182337784, -0.02000848278714784],
            [100.17768294001314, -0.018661324791963807],
            [100.17615092297274, -0.01875069244842109],
            [100.17694604280831, -0.020973668779745935],
            [100.17547785981077, -0.02085876750884097],
            [100.17407351085518, -0.01972252160470589],
            [100.17209465551088, -0.018713943777100894],
            [100.17056736163522, -0.019380918974661654],
            [100.16989072077632, -0.018308507104478622],
            [100.16837147054417, -0.016125382921202913],
            [100.167169705925, -0.015455468370348058],
            [100.16638407621355, -0.013397103869209559],
            [100.16602660557078, -0.012184257075318783],
            [100.16749478856616, -0.011558683464485853],
            [100.16702241664598, -0.010077733685264434],
            [100.16529889747505, -0.010116034110183136],
            [100.16450735530827, -0.010984177128889883],
            [100.16274542435491, -0.008878147513158297],
            [100.16182621413071, -0.007167395168210078],
            [100.16046016559807, -0.005839647027983119],
            [100.1597196906963, -0.004218262333779421],
            [100.15891135163122, -0.002891238796109974],
            [100.15980502823697, -0.0015762575047091332],
            [100.16000929717575, 0.00021109570883481865],
            [100.15851372082523, 0.0007588944042424828],
            [100.15779877953969, 0.002559014426353201],
            [100.15773544183065, 0.0051282989566345805],
            [100.16123899448434, 0.007502493928910781],
            [100.16397694833483, 0.007558143396494188],
            [100.16934650503612, 0.008977474169654442],
            [100.17043723462012, 0.010123853205826094],
            [100.1677758413611, 0.01387462737116607],
            [100.16261817541579, 0.013020649890322034],
            [100.16069270380524, 0.011696192570724406],
            [100.15925694751593, 0.01039399503100924],
            [100.15746503462998, 0.010483034179188166],
            [100.15539487440168, 0.01030495588278768],
            [100.1523829301857, 0.011548019931183262],
            [100.15119518764459, 0.013221841029050552],
            [100.15068321252232, 0.01510279300232753],
            [100.14980395092107, 0.016193522544696748],
            [100.15159711673579, 0.017939782385994363],
            [100.15455766846225, 0.017739444309015084],
            [100.1546467076119, 0.019909773464675595],
            [100.15438297375891, 0.02202360417597049],
            [100.16140712046223, 0.023456894075835066],
            [100.16357744973516, 0.021175266039975327],
            [100.16661591072699, 0.02264441188742694],
            [100.17103239002216, 0.02349431964994153],
            [100.17204521034978, 0.02454052956628061],
            [100.17256831535445, 0.025508830226669943],
            [100.17016083595678, 0.0277902442997231],
            [100.16860265083812, 0.027434087742506108],
            [100.16655475039641, 0.026599345807014174],
            [100.16416703269925, 0.026625932261609364],
            [100.1590876365949, 0.027208936078949364],
            [100.15688391764229, 0.02678600016510302],
            [100.15422387304636, 0.026285155001602334],
            [100.15251305220721, 0.026063570601408514],
            [100.15054306102184, 0.026063570601408514],
            [100.1494734226111, 0.023545942381261398],
            [100.14915065569414, 0.021264314346794322],
            [100.1475746329562, 0.017930047756067324],
            [100.14689570944063, 0.016338473027971645],
            [100.14598305815593, 0.014090234578929994],
            [100.1453652450246, 0.010705503297728569],
            [100.14434129480276, 0.009648163409963217],
            [100.14376197976247, 0.008550000613155362],
            [100.14936438401747, 0.007622984091014473],
            [100.15222604374486, 0.006333221969939018],
            [100.15300830009801, 0.003092340579016195],
            [100.15458019769477, -0.002066707941679624],
            [100.15677782914639, -0.005602737455120632],
            [100.15964357853409, -0.00930309306646393],
            [100.16175521443085, -0.012959059623980806],
            [100.16333180014863, -0.015314526298055853],
            [100.16431314577835, -0.01846123225600138],
            [100.16520968150098, -0.019499940944825767],
            [100.16481500988937, -0.021249296087205494],
            [100.16384433105958, -0.021931971259405714],
            [100.1647298615107, -0.023485260936311647],
            [100.16652188396512, -0.024519940476409374],
            [100.16790118187168, -0.025636840306333397],
            [100.16767717906532, -0.027386195372031352],
            [100.16726117385235, -0.02871954525220133],
            [100.1680253806503, -0.030803119935242762],
            [100.16953725450867, -0.03337291864053782],
            [100.17056126733974, -0.03501560559772088],
            [100.17124738236282, -0.03678530807194136],
            [100.17360474523389, -0.0379906562523189],
            [100.17585488082949, -0.03934341908281169],
            [100.1774762344786, -0.038916747169395194],
            [100.17945272532455, -0.035787303987319774],
            [100.18122333170822, -0.03368728284851841],
            [100.18410571456934, -0.03117549209888182],
            [100.18768810366095, -0.03319316012206741],
            [100.18809144449807, -0.04104481141253302],
            [100.18907272636079, -0.0452379908325895],
            [100.19020957291787, -0.04840993201716515],
            [100.18867974236593, -0.04950467274606751],
            [100.18973237806699, -0.05193275147651377],
            [100.19140096491645, -0.051928544081604855],
            [100.19207465176481, -0.051591700794901385],
            [100.19356237689027, -0.054412763248450347],
            [100.19487671368267, -0.05743708524454405],
            [100.19381004283946, -0.060861658231488036],
            [100.1945619274004, -0.06380896712482809],
            [100.19523385919842, -0.06668677742537454],
            [100.19780229030829, -0.06779555293356054],
            [100.19951457771452, -0.06771134213637708],
            [100.20141987932851, -0.06371663257679927],
            [100.19860913146954, -0.06122407375647754],
            [100.20064810609853, -0.05830290581528175],
            [100.20584534739595, -0.058568076020449666],
            [100.20632263328804, -0.0628107281852408],
            [100.20489071469922, -0.06880346396134485],
            [100.20489676684025, -0.07003332464594791],
            [100.20326419180492, -0.0725644346946126],
            [100.20342715749905, -0.0745898637818243],
            [100.20200702788662, -0.07626608088700948],
            [100.20044721339633, -0.07654545039824256],
            [100.19849162507887, -0.07847775613407748],
            [100.19811913206604, -0.08031693861903477],
            [100.20365970225225, -0.07757013439302796],
            [100.20449781153116, -0.07964212482691835],
            [100.2054290440633, -0.08350673591756674],
            [100.20638355740778, -0.0860210610025689],
            [100.20668643466291, -0.08733784504893549]
          ]
        ],
        "type": "Polygon"
      }
    },
    {
      "type": "Feature",
      "properties": {
        "tier": 2
      },
      "geometry": {
        "coordinates": [
          [
            [100.05617503245293, -0.08151813565892496],
            [100.05509779978144, -0.07920094499489494],
            [100.05233302983402, -0.07577910818669409],
            [100.05178596589536, -0.06954638342973851],
            [100.05257261199534, -0.06489439948207121],
            [100.05158184310994, -0.06330267341532192],
            [100.04893437870874, -0.06437465220044203],
            [100.04300447529073, -0.06383061136455126],
            [100.0398372632771, -0.06465895860036142],
            [100.04129905343694, -0.06743635805901249],
            [100.03871655751584, -0.068902079454503],
            [100.0352569874716, -0.0693731003845528],
            [100.03639393537367, -0.07096482625370015],
            [100.03959363161175, -0.07104603675645649],
            [100.04160765360973, -0.07343362545225318],
            [100.04206079037874, -0.07612593440003934],
            [100.04326270673238, -0.0779288073018023],
            [100.04534169718187, -0.07721415498978956],
            [100.04599138058148, -0.07893581038753439],
            [100.04714441768795, -0.082427693049695],
            [100.0490447448949, -0.08163183033454402],
            [100.05123743013536, -0.08163183033454402],
            [100.05375495763212, -0.08166431452731615],
            [100.05617503245293, -0.08151813565892496]
          ]
        ],
        "type": "Polygon"
      }
    },
    {
      "type": "Feature",
      "properties": {
        "tier": 2
      },
      "geometry": {
        "coordinates": [
          [
            [100.05041236768994, -0.06222913092673821],
            [100.05205767835037, -0.06179615469164901],
            [100.0523867404396, -0.058748001851427034],
            [100.05655935693414, -0.054252185524418906],
            [100.06206660511333, -0.056966062896322],
            [100.06762329478772, -0.05694485465407695],
            [100.07111417691192, -0.05437039440894864],
            [100.07576570398027, -0.054011172854728784],
            [100.07778137721323, -0.05660268455869755],
            [100.0819725896306, -0.05662000361054709],
            [100.0868020268718, -0.05750549550296569],
            [100.08955575734512, -0.058198257532822595],
            [100.09142732117715, -0.0618188328155469],
            [100.0849499928957, -0.06147245182445715],
            [100.08301872561469, -0.06328981889829777],
            [100.08270698254239, -0.06593963332888109],
            [100.08954801107552, -0.06443287612023596],
            [100.09148957676894, -0.06595144192731084],
            [100.09039945776351, -0.06900377302936533],
            [100.08761104806786, -0.07141350798178792],
            [100.08909131492936, -0.07259542555107146],
            [100.09319934234554, -0.07030043995278845],
            [100.09664393454551, -0.06997518317658091],
            [100.09694228290437, -0.07389960850723298],
            [100.09685338061706, -0.0758670131452277],
            [100.10035789723241, -0.07621363061640807],
            [100.10110376813134, -0.07412519389546901],
            [100.10408725172903, -0.07395306998495244],
            [100.10398224393987, -0.07139803973993253],
            [100.10656410474508, -0.06992924893204133],
            [100.10804437160652, -0.07103084204229049],
            [100.10916891542507, -0.07318812847350387],
            [100.11318478981389, -0.07371299072546833],
            [100.11491537742404, -0.07146613842935778],
            [100.1136990341102, -0.0698940732687987],
            [100.11128637743656, -0.06847688533230212],
            [100.10877336625191, -0.06718021837014021],
            [100.10393806283611, -0.0669265808360251],
            [100.10153346293782, -0.06524284240531131],
            [100.0980497826805, -0.06365277001931702],
            [100.09743013608806, -0.06204627981786359],
            [100.0957916110973, -0.0601532540480747],
            [100.09354244149097, -0.057116422186695104],
            [100.09229167336781, -0.05553288165769743],
            [100.09097061260883, -0.05359551470989743],
            [100.08985692519974, -0.05175672038561174],
            [100.08789471098885, -0.05035677863796195],
            [100.0858941307186, -0.05220580255299012],
            [100.08581380617994, -0.053410670366176305],
            [100.08086737031033, -0.05302617656441555],
            [100.0778509463637, -0.05121932298241916],
            [100.07483303795482, -0.04985380602039413],
            [100.06964669116405, -0.0504471783328313],
            [100.06545833918904, -0.051732370756283785],
            [100.0613420211223, -0.05073404643336232],
            [100.05880605976233, -0.05064224508261361],
            [100.06077799338743, -0.04658929304116555],
            [100.0616160092967, -0.04356942484950821],
            [100.06391142371763, -0.04052441574285126],
            [100.06567117266536, -0.03824241239449577],
            [100.06417943086751, -0.0364752724854327],
            [100.06193034323229, -0.03702606934399455],
            [100.05901923507093, -0.040769558917517656],
            [100.05579585807124, -0.04290599783676896],
            [100.05500164938968, -0.04713501296576794],
            [100.05381973088896, -0.04903985182254189],
            [100.05132232686185, -0.05300314764781433],
            [100.04957813645092, -0.054414564268554955],
            [100.04863267938026, -0.05822411195218535],
            [100.05041236768994, -0.06222913092673821]
          ]
        ],
        "type": "Polygon"
      }
    },
    {
      "type": "Feature",
      "properties": {
        "tier": 2
      },
      "geometry": {
        "coordinates": [
          [
            [100.0867816832037, -0.05103952706649295],
            [100.0874964133377, -0.05051722448119733],
            [100.08703825299568, -0.04923437600739078],
            [100.08645879942503, -0.04733208527829902],
            [100.08575323249744, -0.04582931985059702],
            [100.0852027735171, -0.0443333460950015],
            [100.08633586959229, -0.041290466272258186],
            [100.08749043365685, -0.041290466272258186],
            [100.08877841817304, -0.04142573097398383],
            [100.09023536806353, -0.04250698909294215],
            [100.09182060284922, -0.04258029472754288],
            [100.09222378395089, -0.041324935724503575],
            [100.09636586887586, -0.040353918920814635],
            [100.0988005711041, -0.03969416820477534],
            [100.10277228071305, -0.04066914923740228],
            [100.10515471449554, -0.03958789109357497],
            [100.10837100010235, -0.03868073382686532],
            [100.11003472348591, -0.03732478608371537],
            [100.11229577239254, -0.03632119330335115],
            [100.11690921705627, -0.03575363503998119],
            [100.12080455218472, -0.03370738764859027],
            [100.12101548075418, -0.03194964986623461],
            [100.12237479819572, -0.029770054974591176],
            [100.12481219498733, -0.02897321382049256],
            [100.12417827595965, -0.027612809963116547],
            [100.12216018817986, -0.027707407817146645],
            [100.1200054592112, -0.029546810755817887],
            [100.11828913848842, -0.03162312640795051],
            [100.11696476838381, -0.032947496303151524],
            [100.11177217632587, -0.03448906127118789],
            [100.1090288382494, -0.03520380056063743],
            [100.10554540627965, -0.03712158261416221],
            [100.1040003078229, -0.03720566958726579],
            [100.09665768758566, -0.03785802002656169],
            [100.09403231785689, -0.039076492772323945],
            [100.09115233842039, -0.0398122537675647],
            [100.08744200181445, -0.03915006908464136],
            [100.08498576705983, -0.0375465434423603],
            [100.0839241688011, -0.03736785862551528],
            [100.08357730996443, -0.036001445304705726],
            [100.08269439656084, -0.03486627114571661],
            [100.08144360257188, -0.03621166274007237],
            [100.08086550450952, -0.03710508683424507],
            [100.07813971769383, -0.03633178448944818],
            [100.07678381497465, -0.0356380669447276],
            [100.07935001687048, -0.03391776030154858],
            [100.08003121940521, -0.03272216773258663],
            [100.07963180619794, -0.031629037024231366],
            [100.0781602838585, -0.03234377633486929],
            [100.07493088504975, -0.03412508813082127],
            [100.07361702581858, -0.03436683818574693],
            [100.07249236231593, -0.03358903365743515],
            [100.07040069841878, -0.03274816389014745],
            [100.06993821996923, -0.03203342458238012],
            [100.07270072899041, -0.031786315996313874],
            [100.07884505449687, -0.02976733319216862],
            [100.08117267750174, -0.03014264083439855],
            [100.08376886334378, -0.03064716270839085],
            [100.08542958149167, -0.030216216947778207],
            [100.08503377054228, -0.02866692454821873],
            [100.08255320406755, -0.02766839172568325],
            [100.07863220337248, -0.02753565438933947],
            [100.07672973520556, -0.028281926344774888],
            [100.07381822314875, -0.029669361515942683],
            [100.07181064624251, -0.02959578540833263],
            [100.07215784414404, -0.026192641328748323],
            [100.0730255522285, -0.023316051366535362],
            [100.07333036741221, -0.021156229193053377],
            [100.07417123732051, -0.020525576803635204],
            [100.07430787868014, -0.019421935115758515],
            [100.0731306608086, -0.018518000013941105],
            [100.07328832385917, -0.016694333139412265],
            [100.07371803750016, -0.014636596210522157],
            [100.07833231112193, -0.014699661451558654],
            [100.07969872472194, -0.013984922051946569],
            [100.07858457209443, -0.012818215086667806],
            [100.07435729237636, -0.012617723643018053],
            [100.07477727104566, -0.010013987105992328],
            [100.07590193454837, -0.00827969294198283],
            [100.07768954449699, -0.006547284451286828],
            [100.07777363148779, -0.00490758813850789],
            [100.07797333809145, -0.003530663667106637],
            [100.07797545630274, -0.002053968166151776],
            [100.07798596717788, -0.0006244893226323711],
            [100.07731327125128, 0.0004476198103589013],
            [100.07746807918846, 0.0027848611311185323],
            [100.07653854718535, 0.004374850080679948],
            [100.0748751741271, 0.004692847870202854],
            [100.07306503285793, 0.0015373313383548748],
            [100.07395951412832, -0.003807426636356581],
            [100.07240264036153, -0.00722990794628231],
            [100.071644337939, -0.009260201510883803],
            [100.0705099638426, -0.013360901266807446],
            [100.06946469954772, -0.016997233954242574],
            [100.06978588371686, -0.021440507471737646],
            [100.06929525100117, -0.025464149669701897],
            [100.06688162835621, -0.024137234124566476],
            [100.06584531244926, -0.024800476244593028],
            [100.06580385981295, -0.028199592055457856],
            [100.06286394419914, -0.029264075994973382],
            [100.05855287002595, -0.030010223348156728],
            [100.0558584480957, -0.02992731805291271],
            [100.05198707385097, -0.0285949315844789],
            [100.04972662188783, -0.029831782497851123],
            [100.04565776793072, -0.029622758299453267],
            [100.0435369365972, -0.02939985399675038],
            [100.04311043622675, -0.031191155301968365],
            [100.0421379011351, -0.03466847898670267],
            [100.04461160328333, -0.034796429074305024],
            [100.04714928048634, -0.034817754088876995],
            [100.05034803363304, -0.0329624777201758],
            [100.05250186050444, -0.03166165179735003],
            [100.05431125282678, -0.03299994127661421],
            [100.05456715304899, -0.03555894304084006],
            [100.0581924061974, -0.033383791545617214],
            [100.06267144064435, -0.03257159858398495],
            [100.06587019342226, -0.030375122007910704],
            [100.06751221984746, -0.0308442723484319],
            [100.06670186914363, -0.03316869900422148],
            [100.06418551695833, -0.0339577245540994],
            [100.06390829171846, -0.03536517551884799],
            [100.06514514289228, -0.03698587666337971],
            [100.06700041931873, -0.03728442674272969],
            [100.06862111252138, -0.034337650452556545],
            [100.07147150103441, -0.03641512721506501],
            [100.07471868670365, -0.03830629292556864],
            [100.07981959416009, -0.040120404753324124],
            [100.08208004612317, -0.040163054779938534],
            [100.08323159712324, -0.04046160496528728],
            [100.083132587845, -0.044313849509805436],
            [100.08404956364046, -0.04800307651592561],
            [100.0867816832037, -0.05103952706649295]
          ]
        ],
        "type": "Polygon"
      }
    },
    {
      "type": "Feature",
      "properties": {
        "tier": 2
      },
      "geometry": {
        "coordinates": [
          [
            [100.06513173965237, -0.02511606208473438],
            [100.06677347094302, -0.02306389815286991],
            [100.06349000836167, -0.0213475428415677],
            [100.06087816318984, -0.019146130468840283],
            [100.05919553262925, -0.01690416880786927],
            [100.05835312357368, -0.013710869663128733],
            [100.05721523797945, -0.012441689617006091],
            [100.05678901622167, -0.009585854841063224],
            [100.05579255833834, -0.006684520169272901],
            [100.05585091144542, -0.0046129848784772776],
            [100.05679914941527, -0.002658155698838982],
            [100.0579169921923, -0.002221394987074632],
            [100.05864640602192, -0.0036802226740064725],
            [100.06108264824144, -0.005182815175871269],
            [100.0635846229527, -0.00833983283578732],
            [100.0662251013909, -0.008164773548472226],
            [100.06800480408697, -0.007136401260098069],
            [100.06696903643592, -0.004816865267457615],
            [100.06478462714722, -0.0025639577849858597],
            [100.06304862211397, -0.0013093659511014266],
            [100.05999967227018, -0.00015689208595404125],
            [100.05779684247773, 0.0010831114385894125],
            [100.05557942440907, 0.0007184045200432365],
            [100.05409431749638, -0.001940763085741537],
            [100.05238748911512, -0.0013718202926469303],
            [100.0523583125617, -0.0033850024847339455],
            [100.05371296583752, -0.005558020413658937],
            [100.05321389554206, -0.007966948780321559],
            [100.05371296386903, -0.011095723247464662],
            [100.05385142778397, -0.01308325309456393],
            [100.05519015098196, -0.01592274934246518],
            [100.05524809260487, -0.017516143905893955],
            [100.05313322336701, -0.018385268207566696],
            [100.0509414955821, -0.019744089728078507],
            [100.04781264794246, -0.019512323249841756],
            [100.04537909977824, -0.019946885396251446],
            [100.04256893106492, -0.020584243208901398],
            [100.03571165942748, -0.021483953763706154],
            [100.03307531558306, -0.01841304793349252],
            [100.02907734359906, -0.017601865252203197],
            [100.02661482462344, -0.015921558258455093],
            [100.02452892619692, -0.020498946239541738],
            [100.02754189059073, -0.020759683525952255],
            [100.03125015445994, -0.02180263266721738],
            [100.03275663665676, -0.024120297399235824],
            [100.03507430174142, -0.027886502359535825],
            [100.04092640570786, -0.02461280087159423],
            [100.04833326570304, -0.023720582716620697],
            [100.05577876425286, -0.02157674283486699],
            [100.06513173965237, -0.02511606208473438]
          ]
        ],
        "type": "Polygon"
      }
    },
    {
      "type": "Feature",
      "properties": {
        "tier": 2
      },
      "geometry": {
        "coordinates": [
          [
            [100.04028654232991, -0.018843092089014135],
            [100.04151045681272, -0.017890264666007738],
            [100.04555400573372, -0.01570889383128815],
            [100.04580458691731, -0.013556169825704956],
            [100.04945049931172, -0.012448786865604689],
            [100.05170795896333, -0.014716645054420496],
            [100.05428211551049, -0.016402375791059853],
            [100.05471493828225, -0.015582290572965007],
            [100.05367325549236, -0.012640213473218864],
            [100.05206056047308, -0.00987789051140453],
            [100.04914470180626, -0.010948557347930432],
            [100.04995290769216, -0.008360869195115583],
            [100.04933506495075, -0.005808450267096532],
            [100.05042851195077, -0.0037012867853007947],
            [100.04801313272714, -0.0011744665382877884],
            [100.04539399958821, 0.0008328557289587479],
            [100.04208561354608, 0.0047731830318582524],
            [100.03923528376396, 0.004296465032126662],
            [100.0438788070698, -0.0035646308826926543],
            [100.04546121857209, -0.005298260223014495],
            [100.04688285506273, -0.008532921289287287],
            [100.04408031154378, -0.011026755013702427],
            [100.04199447189671, -0.007733563281860256],
            [100.03690788640728, -0.003521279481532247],
            [100.03311711656721, 0.0002735907914939162],
            [100.0334286583248, 0.006030859005633715],
            [100.03092284228302, 0.0044248587306015],
            [100.02890449123561, 0.004971582310773215],
            [100.02803429660344, 0.0017986501192126525],
            [100.02781788521753, -0.000638825484728045],
            [100.03027148132458, -0.0020364740839937667],
            [100.03311900000051, -0.003505793354435127],
            [100.03627731890589, -0.007085006159130103],
            [100.03804395835084, -0.011920809739535798],
            [100.03922940041787, -0.014839780471888275],
            [100.04028654232991, -0.018843092089014135]
          ]
        ],
        "type": "Polygon"
      }
    },
    {
      "type": "Feature",
      "properties": {
        "tier": 2
      },
      "geometry": {
        "coordinates": [
          [
            [100.03349775249467, 0.012454772011281534],
            [100.0342273406406, 0.011902651264009023],
            [100.03523298916815, 0.010897002757232599],
            [100.03984714123192, 0.011389967711991744],
            [100.04582667961898, 0.012029161433758873],
            [100.04697035833567, 0.01285734255385762],
            [100.04943518315685, 0.011102387320207185],
            [100.05101267104186, 0.010333361989665946],
            [100.05257044032754, 0.011457322087451871],
            [100.05120985702752, 0.014119332826894038],
            [100.05105210823899, 0.01591372523442658],
            [100.05255072172974, 0.016919373719829878],
            [100.05365496324924, 0.015578509071488611],
            [100.05540068487835, 0.013322563023919543],
            [100.05614710152958, 0.010970219694087291],
            [100.05630495696971, 0.009136773414539334],
            [100.05559748056424, 0.007995967723729791],
            [100.05416484084225, 0.007023187673695475],
            [100.0525818623845, 0.0055905479619582366],
            [100.04869884106233, 0.006297901726100008],
            [100.04747187652595, 0.008637771173454212],
            [100.0458269938838, 0.009398308300731628],
            [100.04410252014497, 0.008858857547252796],
            [100.04515280920657, 0.0075059038240681275],
            [100.04644691622156, 0.005059830310031543],
            [100.04822230010416, 0.003770637761036255],
            [100.05312041710374, 0.003684295154542383],
            [100.05682781958114, 0.006158926793389696],
            [100.05842848494837, 0.006857559738307373],
            [100.05947201272585, 0.00519499019348757],
            [100.06356242601959, 0.004000598358103957],
            [100.06295839614228, 0.006588521532080449],
            [100.0612756833184, 0.008415458345140792],
            [100.05700240284847, 0.013873501702818203],
            [100.05524760841587, 0.01760296111260118],
            [100.0543896191715, 0.019157679978448527],
            [100.05424812389037, 0.020537258886434984],
            [100.05674881023242, 0.021339549079542053],
            [100.05822566722935, 0.022002808161147414],
            [100.06054265245677, 0.02248919815370698],
            [100.05895769666995, 0.02468008550337686],
            [100.05803797727395, 0.02613925548226348],
            [100.05707009222021, 0.026460752441565205],
            [100.05400254961984, 0.02312898468774449],
            [100.05063969637843, 0.02030337278304728],
            [100.04984378542139, 0.017791831682316683],
            [100.0471377067102, 0.016887231676506076],
            [100.04513908586381, 0.016984509678394488],
            [100.04255087689847, 0.014639025880725853],
            [100.03890737340993, 0.014276444234766927],
            [100.03642983891444, 0.013710987698900112],
            [100.03349775249467, 0.012454772011281534]
          ]
        ],
        "type": "Polygon"
      }
    },
    {
      "type": "Feature",
      "properties": {
        "tier": 2
      },
      "geometry": {
        "coordinates": [
          [
            [100.07702638970511, 0.004481170451455796],
            [100.07881553979576, 0.010284998701365566],
            [100.0823560106, 0.01896513058143512],
            [100.08239964840669, 0.023110721937300127],
            [100.08526433826461, 0.028421220345393294],
            [100.09032632398385, 0.026021141108444112],
            [100.09645263310239, 0.027261480115782888],
            [100.09466348302783, 0.030796142004049898],
            [100.0906488045722, 0.03323985886027003],
            [100.08528458657821, 0.033414410115113924],
            [100.08083353029514, 0.03162526032878077],
            [100.08132942315831, 0.03670605827969098],
            [100.07770080348837, 0.035678567128172745],
            [100.07562471591763, 0.039926474814180324],
            [100.07313693415495, 0.044995584368138],
            [100.07097990868743, 0.04403868089620744],
            [100.06685145800725, 0.04384764185628853],
            [100.0663159959816, 0.041928903469255374],
            [100.0679153170828, 0.03899506819175258],
            [100.07046124668784, 0.03406467113443057],
            [100.06846813803679, 0.03413904084769115],
            [100.06442035332475, 0.03410189599087232],
            [100.06259085807085, 0.03294172846717913],
            [100.06129682484158, 0.03404240022074134],
            [100.05964581692973, 0.03265912355486478],
            [100.05769108867389, 0.03104421472872332],
            [100.05705150903145, 0.029541946478502723],
            [100.05743823160566, 0.02751909018795118],
            [100.0596990712695, 0.02792068665958425],
            [100.06234663351086, 0.03012203023706661],
            [100.06667418471699, 0.031320778923145554],
            [100.07021300015231, 0.03031827033176171],
            [100.07301703365056, 0.028922210858837616],
            [100.07615543607818, 0.02890733691494063],
            [100.07613757187494, 0.024791009550469312],
            [100.07604832820402, 0.02162285949167142],
            [100.07565947827885, 0.019161437792377],
            [100.07351763017613, 0.018640849739611554],
            [100.0728929244795, 0.016677489072193907],
            [100.07549586492695, 0.01700471583261276],
            [100.0770873770582, 0.017926900389511502],
            [100.07809880532898, 0.01658824538610304],
            [100.07632293387763, 0.012192344518254572],
            [100.07521849740755, 0.005309294267007658],
            [100.07702638970511, 0.004481170451455796]
          ]
        ],
        "type": "Polygon"
      }
    },
    {
      "type": "Feature",
      "properties": {
        "tier": 2
      },
      "geometry": {
        "coordinates": [
          [
            [100.06702657119956, 0.010643795756465124],
            [100.06819225815184, 0.012088233908059465],
            [100.065932944395, 0.014963252924232506],
            [100.0641717434662, 0.01654706669481243],
            [100.06295537445067, 0.01801427930411137],
            [100.06126352620026, 0.02061504890895094],
            [100.05897016382517, 0.02061504890895094],
            [100.05827328575742, 0.019525385085685798],
            [100.06009439155099, 0.01597264712302149],
            [100.0637784530793, 0.01280583144827574],
            [100.06702657119956, 0.010643795756465124]
          ]
        ],
        "type": "Polygon"
      }
    },
    {
      "type": "Feature",
      "properties": {
        "tier": 3
      },
      "geometry": {
        "coordinates": [
          [
            [100.08541986561232, 0.038749639268630176],
            [100.07781450050845, 0.0471114089223903],
            [100.07282999827777, 0.05483769032694852],
            [100.06995706509076, 0.05883669251595336],
            [100.0714538759209, 0.06311341715671404],
            [100.07001041277971, 0.06750785293944261],
            [100.06590222554149, 0.07110385883537162],
            [100.06393145737047, 0.07588692974933053],
            [100.06106805550786, 0.08043761970409946],
            [100.05778715244486, 0.08026762490760575],
            [100.05574868893694, 0.07943982327162757],
            [100.05375304985785, 0.0756176970312481],
            [100.05173528140989, 0.07518310112656934],
            [100.04838937176703, 0.0765763883802606],
            [100.04564105643158, 0.07261317707701664],
            [100.0475243069834, 0.07122660908244427],
            [100.04944389686273, 0.06786359905041195],
            [100.05442105903273, 0.06613556263803844],
            [100.0587818483666, 0.06016752014517124],
            [100.05246362971303, 0.057434342508301484],
            [100.05114164705549, 0.04805660325557426],
            [100.03778860444226, 0.04632961033087213],
            [100.03230375918463, 0.03473117284565319],
            [100.04188471951926, 0.02706474689509264],
            [100.04938921763829, 0.020853693200535872],
            [100.05391144806998, 0.0244679164505186],
            [100.05458377565623, 0.031053948612225213],
            [100.06627498594895, 0.036326671987595205],
            [100.06486643513148, 0.04063801410083556],
            [100.0677508728524, 0.046139424484096025],
            [100.0751482764515, 0.044931417926392214],
            [100.07936555909941, 0.03822157951317706],
            [100.08541986561232, 0.038749639268630176]
          ]
        ],
        "type": "Polygon"
      }
    },
    {
      "type": "Feature",
      "properties": {
        "tier": 2
      },
      "geometry": {
        "coordinates": [
          [
            [100.20691654251698, 0.05969511989198395],
            [100.2068682801297, 0.06252367142369053],
            [100.20596581196548, 0.06737261295742769],
            [100.20660188724247, 0.07173724460723463],
            [100.20707613157151, 0.07532635073596339],
            [100.20554714621215, 0.07826917433156666],
            [100.20624059018144, 0.08069184385435335],
            [100.2043796498806, 0.08334745323638515],
            [100.20398207798223, 0.08789234443308658],
            [100.20174894962355, 0.0899343467358591],
            [100.19660292862397, 0.09000862130849896],
            [100.19494317105983, 0.09218139210123866],
            [100.19304199421367, 0.09185950014021671],
            [100.19254909651312, 0.09044116365305399],
            [100.19358518759759, 0.08863052124812043],
            [100.19572740928089, 0.08698163412245208],
            [100.19871922278077, 0.08602736944719425],
            [100.20098328725265, 0.08533271407908671],
            [100.2015865325626, 0.07990714857447756],
            [100.2018653734201, 0.07810314992282485],
            [100.19925284251673, 0.07759064419531114],
            [100.19617404586785, 0.07665519245757935],
            [100.19629475550892, 0.07501555460321185],
            [100.19884748613606, 0.07547917284050243],
            [100.20208428830426, 0.07524333756576596],
            [100.2023171182525, 0.07322055982334064],
            [100.20318220401253, 0.07049453590734345],
            [100.20294752407267, 0.06483542932934938],
            [100.20309841112277, 0.06269283452793672],
            [100.20006860607566, 0.0620076182776188],
            [100.2005413850971, 0.06058928070805791],
            [100.20482286560485, 0.060857837450868146],
            [100.20691654251698, 0.05969511989198395]
          ]
        ],
        "type": "Polygon"
      }
    },
    {
      "type": "Feature",
      "properties": {
        "tier": 2
      },
      "geometry": {
        "coordinates": [
          [
            [100.19285889327381, 0.09205804785408134],
            [100.1941194166372, 0.09313136357607732],
            [100.1939431075192, 0.09600470399288952],
            [100.19324420341417, 0.09745243186175401],
            [100.19807348035528, 0.09812699486887766],
            [100.20252899402692, 0.0984639659945401],
            [100.20689714462168, 0.09822683818154587],
            [100.20778205623611, 0.10056955922385669],
            [100.20593354364144, 0.1029442663753315],
            [100.20215628774702, 0.10374845592031079],
            [100.20057266620239, 0.10608830777314893],
            [100.19699078266319, 0.1054642873141205],
            [100.19420764667268, 0.10551420895131969],
            [100.19492276127988, 0.10207442967130476],
            [100.19243915559849, 0.10040205460583707],
            [100.18984322606656, 0.09907332954441017],
            [100.19002341175343, 0.09499098037001374],
            [100.19285889327381, 0.09205804785408134]
          ]
        ],
        "type": "Polygon"
      }
    },
    {
      "type": "Feature",
      "properties": {
        "tier": 1
      },
      "geometry": {
        "coordinates": [
          [
            [100.1396788673747, 0.1836005974490007],
            [100.14248720370614, 0.18700014470256576],
            [100.13839787185503, 0.19212409873554748],
            [100.14175656218163, 0.19613823879467418],
            [100.13877000566822, 0.1974528263213955],
            [100.13608845497623, 0.19847238754712748],
            [100.13319124004079, 0.1988425141030774],
            [100.12997276784256, 0.20159909176824442],
            [100.12841571340829, 0.20557752875480162],
            [100.12822706578851, 0.209520211685998],
            [100.12689053292019, 0.21235491530963202],
            [100.12481015391563, 0.21278885641024203],
            [100.12409916647573, 0.20959930185736653],
            [100.12601072271798, 0.20643584296949768],
            [100.12329219064088, 0.20652518381851337],
            [100.12100929231434, 0.20408585778065458],
            [100.11901825466458, 0.20275850774471849],
            [100.1188880682941, 0.20112738611472025],
            [100.1239832110212, 0.20087791544005995],
            [100.1255403045094, 0.19842742253136691],
            [100.12500461718582, 0.1945351861950826],
            [100.1285166961386, 0.19366613420750411],
            [100.13053325983668, 0.19115182529230879],
            [100.13285905907725, 0.18943883399637684],
            [100.13587405029767, 0.18871973486338334],
            [100.13901376336366, 0.1851971486175472],
            [100.1396788673747, 0.1836005974490007]
          ]
        ],
        "type": "Polygon"
      }
    },
    {
      "type": "Feature",
      "properties": {
        "tier": 2
      },
      "geometry": {
        "coordinates": [
          [
            [100.12133367616838, 0.21359923377852397],
            [100.12191338176541, 0.2155315734690646],
            [100.11983610218306, 0.21830931114224938],
            [100.11954624911283, 0.22176336682983333],
            [100.11826553218287, 0.22558374016219318],
            [100.1190626278376, 0.22995565450412414],
            [100.11790007025627, 0.23566392710719697],
            [100.11855223959708, 0.2385624320029649],
            [100.12192177382741, 0.24166435187861168],
            [100.1254000094072, 0.24190589386536487],
            [100.12457875933973, 0.24560148572450657],
            [100.12827438464427, 0.24613287793434324],
            [100.12706666395678, 0.24871737610654066],
            [100.12380581809981, 0.2496110809644989],
            [100.1216560752772, 0.25205065337510746],
            [100.11825030293772, 0.25253373696671133],
            [100.1174048984575, 0.2499492395435965],
            [100.11979618541756, 0.24579471925781604],
            [100.11870923679987, 0.24277544498218617],
            [100.11542423653015, 0.24340345408731423],
            [100.11354019225769, 0.24620534050677634],
            [100.11213923626036, 0.24804105887652383],
            [100.1116543656039, 0.2522190844933192],
            [100.11080896112446, 0.2549107593313522],
            [100.10856260064685, 0.25507983855315786],
            [100.10795874030214, 0.25186733296176556],
            [100.10542252685957, 0.24940360633213743],
            [100.10933745240953, 0.24332139511213313],
            [100.11138923863012, 0.24156382983194646],
            [100.11408625326595, 0.24055858022279608],
            [100.1142902119185, 0.23789891185067802],
            [100.11408662254433, 0.23470183102620013],
            [100.11487599558512, 0.23147093554541698],
            [100.11342071622533, 0.226753721879831],
            [100.11248323070032, 0.22204573996815213],
            [100.11345617886707, 0.2185945531166027],
            [100.11635369447157, 0.21700371282506126],
            [100.11929089648663, 0.21436024974141787],
            [100.12133367616838, 0.21359923377852397]
          ]
        ],
        "type": "Polygon"
      }
    },
    {
      "type": "Feature",
      "properties": {
        "tier": 2
      },
      "geometry": {
        "coordinates": [
          [
            [100.10826769608991, 0.2555130148178506],
            [100.10902959219499, 0.25766193099921963],
            [100.10928792509247, 0.261811020458282],
            [100.11138851484128, 0.2659781995554198],
            [100.11135235350656, 0.2698539972028584],
            [100.11251512857405, 0.26856566743919075],
            [100.11333923302544, 0.2708068047155763],
            [100.11216802954823, 0.2734574000816252],
            [100.11071077167873, 0.27474379230834245],
            [100.11025655438505, 0.2767157724354661],
            [100.11196272702244, 0.2789923670849248],
            [100.11158206572946, 0.2815321872825791],
            [100.10890875129303, 0.28205478378433213],
            [100.10736221353267, 0.2799370207964387],
            [100.10729085577572, 0.27573294265694415],
            [100.10763712547964, 0.2733591122521375],
            [100.10556681429813, 0.2728264654264052],
            [100.10379800474567, 0.27374100996205186],
            [100.09910206437411, 0.2729502228695537],
            [100.09793625808317, 0.2714125819141202],
            [100.09564041367776, 0.26998109297754525],
            [100.09637406769019, 0.26769975569665405],
            [100.09950968462414, 0.26633296315776533],
            [100.1009127223212, 0.2678472775149743],
            [100.10045398086561, 0.2706589649971676],
            [100.10556357553452, 0.27023707346810966],
            [100.10803588888717, 0.2715435659214904],
            [100.10888679504984, 0.26922938946121633],
            [100.10844459266173, 0.26639530511596377],
            [100.10689502020216, 0.265329064076127],
            [100.10645281781404, 0.26345977388363906],
            [100.10602493299336, 0.2604987023011489],
            [100.10553747754875, 0.2572975491380589],
            [100.10734648731835, 0.2557096564750623],
            [100.10826769608991, 0.2555130148178506]
          ]
        ],
        "type": "Polygon"
      }
    },
    {
      "type": "Feature",
      "properties": {
        "tier": 1
      },
      "geometry": {
        "coordinates": [
          [
            [100.1047030355258, 0.28117845212678105],
            [100.1058396381037, 0.28355133119139],
            [100.10356917398587, 0.28768517456423126],
            [100.10240017670367, 0.29390888600453025],
            [100.09895048738838, 0.29821595504523657],
            [100.09541669399795, 0.3030012641364266],
            [100.10344897882305, 0.30497485456417905],
            [100.10692143388087, 0.31012655111317144],
            [100.10704107628487, 0.3146130745836615],
            [100.10961012015571, 0.31844501830906324],
            [100.11098623199041, 0.32351438529013876],
            [100.11106599359306, 0.32642563695944204],
            [100.11220259643159, 0.3300148501854494],
            [100.11252125138236, 0.33248615160769646],
            [100.11105040015713, 0.3341118017704332],
            [100.10860414233088, 0.33274935212789103],
            [100.1055768005761, 0.3290944486785463],
            [100.1060350650298, 0.32462618255263465],
            [100.10627615723308, 0.3204816815344742],
            [100.10433183699382, 0.3152416883397393],
            [100.10142134898342, 0.3091069118247418],
            [100.09607983664063, 0.30995844484485247],
            [100.09219387416158, 0.30967039352587733],
            [100.08856376044633, 0.31266439058278195],
            [100.09035981957686, 0.3164572521538247],
            [100.08897478993975, 0.3209980424103662],
            [100.08454967287435, 0.3246598976192985],
            [100.08158542390186, 0.32831072781515047],
            [100.07918903929874, 0.3304919182151025],
            [100.0773466046075, 0.32815407751766656],
            [100.0798499284594, 0.3232693278440024],
            [100.08022513838665, 0.3186921235760991],
            [100.08276909027308, 0.31433991705635833],
            [100.07973449195703, 0.3123891330301092],
            [100.08335743066056, 0.30988098148488064],
            [100.08564454804349, 0.31016719780234325],
            [100.08760733437038, 0.30550512136878183],
            [100.09099604675026, 0.2999823683018974],
            [100.09336071691422, 0.29674994300084734],
            [100.0910228375987, 0.29484560311013297],
            [100.09264851526859, 0.2907892032340129],
            [100.09650248488282, 0.2909007609294463],
            [100.09783399230719, 0.28763396458160173],
            [100.10172787303446, 0.2817237440417699],
            [100.10248652261419, 0.2796645770375932],
            [100.1047030355258, 0.28117845212678105]
          ]
        ],
        "type": "Polygon"
      },
      "id": 73
    },
    {
      "type": "Feature",
      "properties": {
        "tier": 3
      },
      "geometry": {
        "coordinates": [
          [
            [100.07769987538205, 0.3293053227814795],
            [100.07933159153748, 0.3313894049905173],
            [100.07819582404323, 0.33371768913497135],
            [100.07578482145504, 0.33608778361301006],
            [100.07470584233641, 0.33413808276368684],
            [100.076579858701, 0.3297654512999628],
            [100.07769987538205, 0.3293053227814795]
          ]
        ],
        "type": "Polygon"
      }
    },
    {
      "type": "Feature",
      "properties": {
        "tier": 1
      },
      "geometry": {
        "coordinates": [
          [
            [100.06208588183068, 0.3554862738197784],
            [100.06348500007266, 0.3612955427449407],
            [100.0688743523886, 0.36563357415560915],
            [100.0705167956126, 0.3696483527192811],
            [100.06352120426851, 0.3691312980533894],
            [100.06205091667096, 0.3714044691575964],
            [100.06143863965411, 0.3770024628818902],
            [100.06007428118909, 0.37914454197871805],
            [100.05904015026113, 0.38553167901528695],
            [100.05660690104042, 0.3861095626030391],
            [100.05621149826953, 0.38115192817012655],
            [100.05681288579655, 0.3750053911892337],
            [100.05588005482036, 0.36999465184116787],
            [100.05524132689993, 0.3636379185308698],
            [100.05369013052166, 0.361052642933231],
            [100.05061815338041, 0.3584977816204429],
            [100.05791790104269, 0.35907566697996174],
            [100.06208588183068, 0.3554862738197784]
          ]
        ],
        "type": "Polygon"
      }
    },
    {
      "type": "Feature",
      "properties": {
        "tier": 1
      },
      "geometry": {
        "coordinates": [
          [
            [100.05781570715226, 0.38686837383474426],
            [100.05986472255029, 0.38874659545233214],
            [100.05884021468916, 0.3947831804110393],
            [100.05668874832156, 0.3971736415073508],
            [100.05300052024938, 0.3954661693656618],
            [100.0547080332127, 0.3886362772820462],
            [100.05781570715226, 0.38686837383474426]
          ]
        ],
        "type": "Polygon"
      }
    },
    {
      "type": "Feature",
      "properties": {
        "tier": 3
      },
      "geometry": {
        "coordinates": [
          [
            [100.07881086722307, 0.4407974688266876],
            [100.08057027444772, 0.43896844791896683],
            [100.08386448394424, 0.4441342139524096],
            [100.08846889039967, 0.44705399315958516],
            [100.09307329685504, 0.4415513313843462],
            [100.09797717764434, 0.44544437105128054],
            [100.08956463040687, 0.4543232142374478],
            [100.07561760921845, 0.45967000538345815],
            [100.07138754474363, 0.4543919512713046],
            [100.0747937845099, 0.44679141079068074],
            [100.07917358577231, 0.4428609383720499],
            [100.07881086722307, 0.4407974688266876]
          ]
        ],
        "type": "Polygon"
      }
    },
    {
      "type": "Feature",
      "properties": {
        "tier": 2
      },
      "geometry": {
        "coordinates": [
          [
            [100.06212301748559, 0.4992465040162415],
            [100.0619655372326, 0.49638947014445023],
            [100.06522762816894, 0.49580456541983153],
            [100.0679722839904, 0.4961645067949405],
            [100.06860220499863, 0.49497220091491556],
            [100.07310095791968, 0.49579695943118907],
            [100.07562064195258, 0.49584195210420035],
            [100.07613807706741, 0.4974166954667396],
            [100.07535067580619, 0.4996663281897611],
            [100.07114370335938, 0.501241070637704],
            [100.07411358002355, 0.5053863559304403],
            [100.07417936751403, 0.5111196421116091],
            [100.07273954806664, 0.5137067142170366],
            [100.07010737814034, 0.5142466247854145],
            [100.0706183185651, 0.5081506739365409],
            [100.06686644909149, 0.5008675331795587],
            [100.06212301748559, 0.4992465040162415]
          ]
        ],
        "type": "Polygon"
      }
    },
    {
      "type": "Feature",
      "properties": {
        "tier": 2
      },
      "geometry": {
        "coordinates": [
          [
            [100.04209027162256, 0.47544129287645376],
            [100.04259349351031, 0.47316207115792963],
            [100.04635285811861, 0.4744644836526959],
            [100.04960900069278, 0.4720076598785852],
            [100.054730024923, 0.4707940478142518],
            [100.05908141545393, 0.47055724543557176],
            [100.06236715932425, 0.47393167857077856],
            [100.06830652803319, 0.47698247357318735],
            [100.0704378213544, 0.47508805600801907],
            [100.07400189749131, 0.4705235639623311],
            [100.07912292172159, 0.4705235639623311],
            [100.07888611135252, 0.4741643996612481],
            [100.07435711304481, 0.4778348337122509],
            [100.07350649811315, 0.48277101713222237],
            [100.07658503315332, 0.48368862464434415],
            [100.08158765219906, 0.4813502051761418],
            [100.08300851441322, 0.48395502681120206],
            [100.08188366516038, 0.4870926515429801],
            [100.07800589536748, 0.48747745447579405],
            [100.07167893421985, 0.48541453422978975],
            [100.0690660424982, 0.4840720409732313],
            [100.06850361787173, 0.48078641357581375],
            [100.06306911907518, 0.4787167204470819],
            [100.06058261020036, 0.47927912541941],
            [100.0588065324327, 0.4761118968167466],
            [100.05537278208175, 0.47460228267112825],
            [100.04956228004755, 0.47717581619377825],
            [100.04458926229802, 0.47738301807753203],
            [100.04209027162256, 0.47544129287645376]
          ]
        ],
        "type": "Polygon"
      }
    },
    {
      "type": "Feature",
      "properties": {
        "tier": 3
      },
      "geometry": {
        "coordinates": [
          [
            [100.16324303291157, 0.42617296986755093],
            [100.16083362801135, 0.42464509668046446],
            [100.16052020948786, 0.42102129368493024],
            [100.16531943062978, 0.4202573566217893],
            [100.1678071901593, 0.4217068781650539],
            [100.16637721813316, 0.4249389184832495],
            [100.16324303291157, 0.42617296986755093]
          ]
        ],
        "type": "Polygon"
      },
      "id": 80
    },
    {
      "type": "Feature",
      "properties": {
        "tier": 3
      },
      "geometry": {
        "coordinates": [
          [
            [100.15515543143243, 0.4697076999535881],
            [100.15374606736515, 0.4689580633664008],
            [100.15385851662614, 0.4671739279655611],
            [100.15523789421889, 0.46555471225336476],
            [100.15768928812184, 0.4648575497837584],
            [100.1598264198916, 0.46578230067568427],
            [100.16048612246198, 0.4674015162484295],
            [100.15749497212761, 0.46911818429579455],
            [100.15611559452987, 0.4696954044615609],
            [100.15515543143243, 0.4697076999535881]
          ]
        ],
        "type": "Polygon"
      },
      "id": 81
    },
    {
      "type": "Feature",
      "properties": {
        "tier": 3
      },
      "geometry": {
        "coordinates": [
          [
            [100.20088424678084, 0.47033456419737263],
            [100.19857615405397, 0.46954803391460587],
            [100.19683541372899, 0.46722712436988445],
            [100.1975703929852, 0.46343630376067324],
            [100.200252422522, 0.46359103117069367],
            [100.20185132484369, 0.4671626546452927],
            [100.20088424678084, 0.47033456419737263]
          ]
        ],
        "type": "Polygon"
      },
      "id": 82
    },
    {
      "type": "Feature",
      "properties": {
        "tier": 3
      },
      "geometry": {
        "coordinates": [
          [
            [100.15828141511798, 0.5503569293314428],
            [100.15664063780179, 0.5489434015990042],
            [100.15854646377488, 0.5454967355627502],
            [100.16077909981198, 0.5435319250431689],
            [100.16176356620798, 0.545854151089145],
            [100.16190240120687, 0.5485045167386176],
            [100.16043832297669, 0.5501669615418479],
            [100.15828141511798, 0.5503569293314428]
          ]
        ],
        "type": "Polygon"
      },
      "id": 83
    },
    {
      "type": "Feature",
      "properties": {
        "tier": 2
      },
      "geometry": {
        "coordinates": [
          [
            [100.00493416981533, 0.30062339837262186],
            [100.0091694331503, 0.3044181414241649],
            [100.00913555101118, 0.3103474247649416],
            [100.00462923082267, 0.31193986029803966],
            [100.00029232116765, 0.31031354315526016],
            [99.99995350011784, 0.30570564310590953],
            [100.00286736129226, 0.30218195359258004],
            [100.00493416981533, 0.30062339837262186]
          ]
        ],
        "type": "Polygon"
      },
      "id": 84
    },
    {
      "type": "Feature",
      "properties": {
        "tier": 3
      },
      "geometry": {
        "coordinates": [
          [
            [100.1114535734223, 0.3373711211880277],
            [100.11290488132869, 0.33808593206661897],
            [100.11351139807567, 0.3417899512263034],
            [100.11257996166552, 0.3449307850714547],
            [100.11257996166552, 0.34841819246874195],
            [100.11067376620753, 0.34960954252667875],
            [100.10969900716748, 0.3486564624923574],
            [100.10976399110262, 0.34558061263405193],
            [100.11006724947089, 0.34224483067627887],
            [100.11058712095951, 0.33962385832363395],
            [100.1114535734223, 0.3373711211880277]
          ]
        ],
        "type": "Polygon"
      }
    },
    {
      "type": "Feature",
      "properties": {
        "tier": 2
      },
      "geometry": {
        "coordinates": [
          [
            [100.10918929931461, 0.29904411113177787],
            [100.11201480783791, 0.297913923455269],
            [100.11560102867259, 0.2985876891500254],
            [100.11870908672762, 0.2972401577193011],
            [100.12327336778878, 0.29478417259255707],
            [100.12414275438016, 0.29619690754044825],
            [100.12216489833219, 0.2993483923870883],
            [100.1186438815136, 0.3008045954205585],
            [100.11555755812759, 0.3018261108672391],
            [100.11255817343203, 0.3010871422553265],
            [100.10925450333059, 0.3011958141129156],
            [100.10918929931461, 0.29904411113177787]
          ]
        ],
        "type": "Polygon"
      }
    },
    {
      "type": "Feature",
      "properties": {
        "tier": 0
      },
      "geometry": {
        "coordinates": [
          [
            [
              [100.13318214599792, -0.09487134994405716],
              [100.13324959599794, -0.09486757594406516],
              [100.13328967199794, -0.09486533394401415],
              [100.13342706599792, -0.09484128394403515],
              [100.13355251299794, -0.09477515594402015],
              [100.13364808399791, -0.09458278994405615],
              [100.13365668699794, -0.09456606494403316],
              [100.13371047599793, -0.09446149394402416],
              [100.13372303599795, -0.09443707694406116],
              [100.13376359299792, -0.09435823094405316],
              [100.13389029199794, -0.09411191794406215],
              [100.1339619719979, -0.09397365394401916],
              [100.13404559899794, -0.09384741394403316],
              [100.1341083779979, -0.09377778794406316],
              [100.13412939899791, -0.09375447594406716],
              [100.13418851799793, -0.09373560794402616],
              [100.13429522399792, -0.09373125394402816],
              [100.13434857699792, -0.09374431094401815],
              [100.13445960799794, -0.09379219294406516],
              [100.13454506199793, -0.09386147994403915],
              [100.1346214069979, -0.09392338294405515],
              [100.13464060899793, -0.09393895294401515],
              [100.13480439199793, -0.09417803294404316],
              [100.13484171199792, -0.09429915994404316],
              [100.1349186579979, -0.09454889894401215],
              [100.13501922199794, -0.09487529494406016],
              [100.1350911389979, -0.09508882394406716],
              [100.1350998239979, -0.09511461094403716],
              [100.1351599439979, -0.09529310994405216],
              [100.13523264099791, -0.09569124894402116],
              [100.13534319899793, -0.09629673794403015],
              [100.13542429199794, -0.09660218594403616],
              [100.13557343799795, -0.09716396794401316],
              [100.13563661399792, -0.09735234394405316],
              [100.13568824199791, -0.09750628594405016],
              [100.13577086199791, -0.09775263994406215],
              [100.13582601999792, -0.09784514094404516],
              [100.1360014149979, -0.09813928494405416],
              [100.13600671199794, -0.09814816794401815],
              [100.13601070599793, -0.09815401994403315],
              [100.1362190359979, -0.09845926594401516],
              [100.13622784799793, -0.09847217694401415],
              [100.13624256099791, -0.09849373294405016],
              [100.13628676999792, -0.09853919594404216],
              [100.1366190849979, -0.09888092794402316],
              [100.13711655599792, -0.09924396894403716],
              [100.13728267099793, -0.09936519494401316],
              [100.13729565299792, -0.09937848894405515],
              [100.13743326399793, -0.09951940694405416],
              [100.1377502239979, -0.09984398494405916],
              [100.1381482949979, -0.10024467094403616],
              [100.13816067299791, -0.10025183194402115],
              [100.13831379799791, -0.10034042594405415],
              [100.1385413629979, -0.10045699794402216],
              [100.13871514099793, -0.10056108094401815],
              [100.1388227199979, -0.10069430994404616],
              [100.13888892599795, -0.10086917694404415],
              [100.13888969699792, -0.10087193994404216],
              [100.1390300959979, -0.10137470294402816],
              [100.13924112299793, -0.10176606794401316],
              [100.13928206299789, -0.10181814694401216],
              [100.13937303699794, -0.10193387394404815],
              [100.1396512109979, -0.10228773194403115],
              [100.13994911899795, -0.10253336794401915],
              [100.1403318599979, -0.10277228794403516],
              [100.14039597599793, -0.10281231094403116],
              [100.14044277899791, -0.10282972894405916],
              [100.14062330899793, -0.10289691294404715],
              [100.14069801699793, -0.10292471594401316],
              [100.14106625299792, -0.10294968294401516],
              [100.14119562299794, -0.10294267894401815],
              [100.1414510389979, -0.10292885194404315],
              [100.14179030999793, -0.10286222294404015],
              [100.14188926299789, -0.10283347494406316],
              [100.14194760699792, -0.10281652494403215],
              [100.14196508999794, -0.10281144594402715],
              [100.14219164099791, -0.10274562994406716],
              [100.14264400299794, -0.10252613294402116],
              [100.1426550309979, -0.10252078194405116],
              [100.14269391599794, -0.10249235794405816],
              [100.14304808099791, -0.10223348394406216],
              [100.14336665999792, -0.10207109394404816],
              [100.1435226469979, -0.10201636594403815],
              [100.14355759099794, -0.10200410594403315],
              [100.1438176409979, -0.10191286594401516],
              [100.1439908739979, -0.10185160494403116],
              [100.14416285099793, -0.10175942494406316],
              [100.14417788599792, -0.10175136594402516],
              [100.1443441219979, -0.10155786994401715],
              [100.14434660099795, -0.10155498294402315],
              [100.14442993899792, -0.10137087794406316],
              [100.14446245799792, -0.10120109494401716],
              [100.14460921799792, -0.10084624394401916],
              [100.14464783799792, -0.10079714894406816],
              [100.1447108519979, -0.10073373194403215],
              [100.14479012999794, -0.10071941194404116],
              [100.14492429299793, -0.10070508794403515],
              [100.1450909809979, -0.10071326394403016],
              [100.14520278499793, -0.10076848894401316],
              [100.14538980599792, -0.10085235394403516],
              [100.14560763999793, -0.10094124794402115],
              [100.1459774049979, -0.10109214094403315],
              [100.1460546329979, -0.10112365594402216],
              [100.14608224399791, -0.10113492394405915],
              [100.14625909899792, -0.10123310594404715],
              [100.1464827089979, -0.10134560394401115],
              [100.1465918059979, -0.10142558394402115],
              [100.14662500699791, -0.10144992394405916],
              [100.1469949839979, -0.10175470194404615],
              [100.1473862609979, -0.10202971794403516],
              [100.14739197199793, -0.10203338894403616],
              [100.14761890599794, -0.10217922194401316],
              [100.14762816799794, -0.10218517294406115],
              [100.14765473099794, -0.10219684394404316],
              [100.1479168279979, -0.10231198894403816],
              [100.1481430859979, -0.10240572294405616],
              [100.14860469799794, -0.10259695994402315],
              [100.1489857499979, -0.10282232594401816],
              [100.14915742299792, -0.10290326994406515],
              [100.14940654099792, -0.10302073194405616],
              [100.14953052799791, -0.10305331594405216],
              [100.14967893599794, -0.10309231694405716],
              [100.1499005109979, -0.10314344894406716],
              [100.15008549499794, -0.10315366994403516],
              [100.15060181799794, -0.10309842094402216],
              [100.15110094799792, -0.10296741294403916],
              [100.15134081399793, -0.10289580994405916],
              [100.15149173099792, -0.10283998794402316],
              [100.15157864299795, -0.10280784094406716],
              [100.15180128999793, -0.10271003294404615],
              [100.15183477099794, -0.10269532494406515],
              [100.15188940999792, -0.10264728394405116],
              [100.15202787699792, -0.10252553594402515],
              [100.1522352109979, -0.10227187694401615],
              [100.15225912799792, -0.10225127394402016],
              [100.15231542099792, -0.10220278394403716],
              [100.15235209299794, -0.10217119494403415],
              [100.15249031899793, -0.10210982194404015],
              [100.15259805599794, -0.10211186294405615],
              [100.15277490899791, -0.10216504194401915],
              [100.15307779799792, -0.10228776494402315],
              [100.15334899099793, -0.10245263094405715],
              [100.15337052199794, -0.10246571994405015],
              [100.1535479889979, -0.10257010994404016],
              [100.15362726699794, -0.10263351994403516],
              [100.15367402499794, -0.10272965994401816],
              [100.15365979899792, -0.10281762094403715],
              [100.15361304799791, -0.10291171794402515],
              [100.1534480079979, -0.10305632694404215],
              [100.1533201349979, -0.10316836994404316],
              [100.15324576999791, -0.10323021294401216],
              [100.15298228899792, -0.10344932594402716],
              [100.15298067099792, -0.10345067094401415],
              [100.1527364889979, -0.10370301694403816],
              [100.15269565199793, -0.10376979994406116],
              [100.15266131799791, -0.10382594994403815],
              [100.15265518399792, -0.10383598194401615],
              [100.15265488399791, -0.10383889994402315],
              [100.1526429899979, -0.10395462494402316],
              [100.15267348599792, -0.10405076694404115],
              [100.15275480399794, -0.10427168594405616],
              [100.1534749689979, -0.10505211594401916],
              [100.15367858899793, -0.10528008094404116],
              [100.15383941699793, -0.10546013594402816],
              [100.15388806599793, -0.10552575494402516],
              [100.15395339599792, -0.10561387194404416],
              [100.15419734699793, -0.10607411694404316],
              [100.15443788299791, -0.10645983894401916],
              [100.15451919599792, -0.10654574894401515],
              [100.15462286999792, -0.10661529594402416],
              [100.15473060799792, -0.10663370094401615],
              [100.15481486099793, -0.10663369794404816],
              [100.15487086999792, -0.10663369594401216],
              [100.1549542129979, -0.10661732894401116],
              [100.1550558489979, -0.10656004894404715],
              [100.1551412219979, -0.10647208594404815],
              [100.15516724099791, -0.10641077394403416],
              [100.15520550899794, -0.10632059694403016],
              [100.15522455899793, -0.10627570694406116],
              [100.15529992999791, -0.10592501394403116],
              [100.15533854199793, -0.10567136194406115],
              [100.15536965299793, -0.10556177194403915],
              [100.15537106199793, -0.10555680794401216],
              [100.15538126499791, -0.10554037794405216],
              [100.15539038099791, -0.10552569994403915],
              [100.15539646999792, -0.10551589594403715],
              [100.15540788699792, -0.10549751294404115],
              [100.15544220499794, -0.10544225294403016],
              [100.1555377449979, -0.10538292794403516],
              [100.15569020199791, -0.10539724094404315],
              [100.15570556199793, -0.10540214094406515],
              [100.15585689199793, -0.10545041994406315],
              [100.1559487439979, -0.10552567894403315],
              [100.15596222299791, -0.10553672294405216],
              [100.15599918999794, -0.10556701194404616],
              [100.15609786299791, -0.10566301994406016],
              [100.1565103729979, -0.10606438594406616],
              [100.15652692699791, -0.10608049194404115],
              [100.15681965599794, -0.10637913594403915],
              [100.1569782179979, -0.10650390894402016],
              [100.15710037999793, -0.10657311594404416],
              [100.1572201229979, -0.10664095294406216],
              [100.1572434779979, -0.10664882994403516],
              [100.1575839929979, -0.10676367294404115],
              [100.15766953799795, -0.10678965994405616],
              [100.15817260299792, -0.10694247794405916],
              [100.15859542699792, -0.10711019994401716],
              [100.15907313599791, -0.10732496594401615],
              [100.15935952499791, -0.10744354394402916],
              [100.15953254999795, -0.10751518494406316],
              [100.15984921299793, -0.10763267294406416],
              [100.15985781699794, -0.10763452394404316],
              [100.1598734459979, -0.10763788694406215],
              [100.16020088499795, -0.10770834494404416],
              [100.1604371179979, -0.10771168394403216],
              [100.16048953999791, -0.10771242494404015],
              [100.16067174399791, -0.10771241794405716],
              [100.1607009469979, -0.10771241694401115],
              [100.16073072999791, -0.10770809994402016],
              [100.16082141699792, -0.10769495494405115],
              [100.16097288699791, -0.10767299994402915],
              [100.16120913699791, -0.10763875694401316],
              [100.16127422199793, -0.10761736794403015],
              [100.1615079489979, -0.10754055794403415],
              [100.16173967699791, -0.10734008294404916],
              [100.16182581999794, -0.10718338894405116],
              [100.16184813799794, -0.10714279294403216],
              [100.16188878899794, -0.10699550894405216],
              [100.16188878299795, -0.10685216694405116],
              [100.16188878099791, -0.10679913394402216],
              [100.16188338299793, -0.10641884894401715],
              [100.16187858999791, -0.10608114194404515],
              [100.16182159199792, -0.10583421794403616],
              [100.16180966599791, -0.10579079194404516],
              [100.16177889699793, -0.10567875494403715],
              [100.16175246699794, -0.10551101894405715],
              [100.16173821899793, -0.10500371994406515],
              [100.1617441399979, -0.10439304394405716],
              [100.16174430399792, -0.10437612994404316],
              [100.16174842399795, -0.10395126994403416],
              [100.16177083099791, -0.10382417794402016],
              [100.1618035169979, -0.10363878094402415],
              [100.16186208599794, -0.10346541094405416],
              [100.16187262399791, -0.10343421994404915],
              [100.16190784499793, -0.10339378194406415],
              [100.16201312499794, -0.10327290994403916],
              [100.1620169449979, -0.10326852394403815],
              [100.16221208599791, -0.10312123594404415],
              [100.1622958999979, -0.10308085794405016],
              [100.16263141399793, -0.10291922094403115],
              [100.1628630709979, -0.10280761794403716],
              [100.16301503299792, -0.10272838094401515],
              [100.16306688099792, -0.10270134594405515],
              [100.1633645639979, -0.10254612594404515],
              [100.16377032099791, -0.10233455294404316],
              [100.16386590399793, -0.10228723294402216],
              [100.1648669209979, -0.10179166394401315],
              [100.16612530999794, -0.10125691094405916],
              [100.16676512499794, -0.10092710894404916],
              [100.16696799299791, -0.10080670594406616],
              [100.1670408159979, -0.10073865294405916],
              [100.1671604539979, -0.10059207994406416],
              [100.16737372299792, -0.10038792194403316],
              [100.16746979199792, -0.10028203394402616],
              [100.16756886899793, -0.10017282994401415],
              [100.16759219199793, -0.10014712294405116],
              [100.1676702129979, -0.10000055294402416],
              [100.16768581399793, -0.09985921794405815],
              [100.16768391699793, -0.09982996094406316],
              [100.16767983199793, -0.09976696694404516],
              [100.1676775339979, -0.09973152894404816],
              [100.16767300699792, -0.09966172094401315],
              [100.16767019999793, -0.09961842594405816],
              [100.16766878499794, -0.09955097794402015],
              [100.16766303099791, -0.09927679894404616],
              [100.16766045999793, -0.09915430994401216],
              [100.16766460099791, -0.09911331694404216],
              [100.1676916599979, -0.09884546594405215],
              [100.16771917199793, -0.09875484794405015],
              [100.16774887399794, -0.09865701994401416],
              [100.16785147799794, -0.09852425894403916],
              [100.16785810699793, -0.09851568194402216],
              [100.16787746299792, -0.09849782594402216],
              [100.16798294899792, -0.09840051494403215],
              [100.16806200899794, -0.09839000494405116],
              [100.16825864499793, -0.09836386394401615],
              [100.16854998499792, -0.09836349494405315],
              [100.16864876399791, -0.09836336994406715],
              [100.1688275559979, -0.09836314394401316],
              [100.16913684599791, -0.09836692794401315],
              [100.16925410799792, -0.09836836194402515],
              [100.16939905599793, -0.09835110394401216],
              [100.1694941809979, -0.09833977794401916],
              [100.16973787699794, -0.09831076394401315],
              [100.1702996719979, -0.09820081894405015],
              [100.17041419499793, -0.09815908794404016],
              [100.17045690899795, -0.09814352294402816],
              [100.17060137599793, -0.09809088094401415],
              [100.17072101399793, -0.09800188994402916],
              [100.17074406799793, -0.09798034594403715],
              [100.17079383699792, -0.09793383694402316],
              [100.17089888699792, -0.09778113194401816],
              [100.17093427999794, -0.09772968294406316],
              [100.1709654859979, -0.09759358294404316],
              [100.1709706779979, -0.09731614794405616],
              [100.1709394599979, -0.09710153194406215],
              [100.1709339019979, -0.09705983994403816],
              [100.1709300369979, -0.09703084394401215],
              [100.17089440399792, -0.09676354794406415],
              [100.17089439599795, -0.09654893094402416],
              [100.1709188089979, -0.09622396194406216],
              [100.17093178199792, -0.09605128394405016],
              [100.17094119299793, -0.09592601194405816],
              [100.17097593399791, -0.09571270794405916],
              [100.1709931989979, -0.09560670094406015],
              [100.1710201449979, -0.09556711594403616],
              [100.17106044499792, -0.09550791294405815],
              [100.1710952499979, -0.09546062894405316],
              [100.17111155699791, -0.09543847394404316],
              [100.1712323519979, -0.09537543894406016],
              [100.1712495629979, -0.09536645894404215],
              [100.17161502699793, -0.09526614494403415],
              [100.17161643999793, -0.09526577194405615],
              [100.17204475599794, -0.09515254694405016],
              [100.1726896969979, -0.09498205694403315],
              [100.17270319599794, -0.09497848794403316],
              [100.1730367379979, -0.09489950194402716],
              [100.17319647899791, -0.09487585694402915],
              [100.17325909799791, -0.09486658794405416],
              [100.17333206699794, -0.09486124494405615],
              [100.17361880099793, -0.09484025094404516],
              [100.1739327229979, -0.09482707694404316],
              [100.17408490599792, -0.09479871294404016],
              [100.17410930399791, -0.09479416594403715],
              [100.17424010299794, -0.09468886094406016],
              [100.17427899999791, -0.09463562394402916],
              [100.1743568369979, -0.09452909194401116],
              [100.17436946399795, -0.09451180994402315],
              [100.17440359699793, -0.09446509294404816],
              [100.17444742099792, -0.09430189994405716],
              [100.17446898899794, -0.09422158594405515],
              [100.1744689819979, -0.09399782294404715],
              [100.17447350599792, -0.09362343694401416],
              [100.17447507399794, -0.09349363994401516],
              [100.1744755029979, -0.09345816094405315],
              [100.17450707299793, -0.09332617894402516],
              [100.17456051099794, -0.09310277194406115],
              [100.17456087099794, -0.09310188294402616],
              [100.17492456899794, -0.09220431194403016],
              [100.1751113399979, -0.09174337894403116],
              [100.17523019999794, -0.09158598794401515],
              [100.17535985099789, -0.09141430894406716],
              [100.17541126399794, -0.09134963594401316],
              [100.17543832899793, -0.09131558894402715],
              [100.17550877599791, -0.09130672494403316],
              [100.1756999299979, -0.09128267294401815],
              [100.17586343199793, -0.09129582994403015],
              [100.17616565099792, -0.09142335494401316],
              [100.17626891999794, -0.09146692994401916],
              [100.1763884439979, -0.09153991994405415],
              [100.1765365639979, -0.09163037194404916],
              [100.1768602559979, -0.09182804194402616],
              [100.17721724799793, -0.09204604594405916],
              [100.17722181799792, -0.09204976494406515],
              [100.17780838199792, -0.09252713094404916],
              [100.17797188899794, -0.09271139994403615],
              [100.17829890499792, -0.09311284294402315],
              [100.17872582999792, -0.09358724694401116],
              [100.17888291599792, -0.09373563494402516],
              [100.1790357729979, -0.09388002694406315],
              [100.17904630199791, -0.09388997294404115],
              [100.17905079899793, -0.09389256794405315],
              [100.17949103399792, -0.09414662594404916],
              [100.1798311209979, -0.09426507694404015],
              [100.18016847799794, -0.09429537594404315],
              [100.18019736499792, -0.09429796994406515],
              [100.1802663829979, -0.09428963294401216],
              [100.18052436599794, -0.09425847194403016],
              [100.18078596499794, -0.09417290694402415],
              [100.1810671809979, -0.09399520494405116],
              [100.18119150799794, -0.09386174494402115],
              [100.18126337499791, -0.09378459894405515],
              [100.18127810099793, -0.09376183594405016],
              [100.18160464699793, -0.09325707994405216],
              [100.18184661499794, -0.09288194294406116],
              [100.1820493499979, -0.09262526794405816],
              [100.18211114799794, -0.09257926394404616],
              [100.1822266409979, -0.09249328794406615],
              [100.18234121699794, -0.09245058094403216],
              [100.1824869059979, -0.09239627694402916],
              [100.18266264499795, -0.09235446994402716],
              [100.18266362899794, -0.09235423594405716],
              [100.18279858299792, -0.09233159794403915],
              [100.18298815999793, -0.09233159194404515],
              [100.18322272399791, -0.09238008494405416],
              [100.18334561099795, -0.09245466794401115],
              [100.1833668409979, -0.09246755294405816],
              [100.18342515899792, -0.09250294694406616],
              [100.18352528999793, -0.09260335994405015],
              [100.1836484089979, -0.09272682494405116],
              [100.18366167799792, -0.09274013194401215],
              [100.1837544429979, -0.09283315794401416],
              [100.18403400399791, -0.09323732594405916],
              [100.18432059599792, -0.09364274594405216],
              [100.18451339499791, -0.09384967694403215],
              [100.18468369799791, -0.09400164194401815],
              [100.18486042699794, -0.09409863894403216],
              [100.18500180799793, -0.09413420094402615],
              [100.1851174819979, -0.09413419694401215],
              [100.1851913839979, -0.09411802794402016],
              [100.18536168099791, -0.09405011994401516],
              [100.18572154999794, -0.09386580294402315],
              [100.1859890329979, -0.09373338594404816],
              [100.18629128499794, -0.09358375694402815],
              [100.18642944799791, -0.09346411694404816],
              [100.18644511999793, -0.09345004394406016],
              [100.1865877229979, -0.09332198794406515],
              [100.18663829899793, -0.09327657094404215],
              [100.18679573999793, -0.09313752994403016],
              [100.18696397499792, -0.09301990594404716],
              [100.18710098499793, -0.09292411294403316],
              [100.18725875299793, -0.09283406494402915],
              [100.18748712499792, -0.09270371794404715],
              [100.18765741999795, -0.09257760894404016],
              [100.18767548799792, -0.09255514694403616],
              [100.18768493699793, -0.09254339994406316],
              [100.1877120409979, -0.09250970594403915],
              [100.18773181099795, -0.09246991694401216],
              [100.18773453399791, -0.09246443594405215],
              [100.18786394099794, -0.09248283794401815],
              [100.18787668699792, -0.09248465194404816],
              [100.1879010119979, -0.09248811094401815],
              [100.18799386699794, -0.09252027494402215],
              [100.1880329259979, -0.09254211094405215],
              [100.18813086799793, -0.09259686194404515],
              [100.18816371299795, -0.09262419894405116],
              [100.18825417199793, -0.09269948794404616],
              [100.1883896529979, -0.09287563894405115],
              [100.1884355239979, -0.09295580494402615],
              [100.1885870299979, -0.09322057994403116],
              [100.1887136609979, -0.09342640794402216],
              [100.18880619599793, -0.09355382494406715],
              [100.18880687499791, -0.09355469094406016],
              [100.18887811899793, -0.09364561194404115],
              [100.1889012619979, -0.09367514594406115],
              [100.18890603899791, -0.09368124194405415],
              [100.18901561999792, -0.09378415494403215],
              [100.18909841299791, -0.09383315994402616],
              [100.18921773199793, -0.09386991094406516],
              [100.1893346149979, -0.09387235794405016],
              [100.18954889999793, -0.09384294594404716],
              [100.1896233199979, -0.09380746994405316],
              [100.18978022799791, -0.09373266894401415],
              [100.1900407749979, -0.09360769194402915],
              [100.19024259299795, -0.09354200894402716],
              [100.19036098599793, -0.09353573494404116],
              [100.1904606899979, -0.09357962494401316],
              [100.19046783699793, -0.09358537894404116],
              [100.19047064599795, -0.09358763994406116],
              [100.19050661099794, -0.09361659094405216],
              [100.1905230039979, -0.09362978694404915],
              [100.1905255839979, -0.09364017194404516],
              [100.1905479329979, -0.09373011494402315],
              [100.19055051599793, -0.09379113794402416],
              [100.19056040699792, -0.09402482994401816],
              [100.19049811399793, -0.09470205194405415],
              [100.1904981219979, -0.09492779194401615],
              [100.1905140269979, -0.09501694394406016],
              [100.19054175099791, -0.09517234294405316],
              [100.19058350199793, -0.09536662594403815],
              [100.19059160899792, -0.09540434994401915],
              [100.19064750199794, -0.09559649494404715],
              [100.1906663939979, -0.09566144094405615],
              [100.1906916349979, -0.09569563094406415],
              [100.1908284149979, -0.09588090294401716],
              [100.19114092299793, -0.09621349994402816],
              [100.1911524559979, -0.09622577394405615],
              [100.19121001399793, -0.09627055594403115],
              [100.19158402899791, -0.09656154794406316],
              [100.1918769119979, -0.09690014794402615],
              [100.1918949769979, -0.09693090994402116],
              [100.19211688499792, -0.09730877994404316],
              [100.19220095999793, -0.09745194394405116],
              [100.19241343499795, -0.09785642294404816],
              [100.19243153299794, -0.09789087394402415],
              [100.19252349599793, -0.09804509694406216],
              [100.19259978899794, -0.09817304294402615],
              [100.19276534699793, -0.09834282494402616],
              [100.19289504599794, -0.09847583194401516],
              [100.1929481389979, -0.09853027894403915],
              [100.1931580199979, -0.09868763294404916],
              [100.19317089999794, -0.09869728994401315],
              [100.1931896029979, -0.09870669994403115],
              [100.19330730999792, -0.09876591894406815],
              [100.19334561099794, -0.09878518794401715],
              [100.19340478999794, -0.09880076194404816],
              [100.19362951799792, -0.09885989894404215],
              [100.19397893899793, -0.09893020894405416],
              [100.19421476599791, -0.09896184194404616],
              [100.19424100399794, -0.09896536194405316],
              [100.19427051299795, -0.09896622194405316],
              [100.19454237999793, -0.09897414194402615],
              [100.19458356299793, -0.09897364694403216],
              [100.19490926899795, -0.09896973294404215],
              [100.19530236499793, -0.09899169494404715],
              [100.19545960599794, -0.09905761794401216],
              [100.19546106399793, -0.09905848294401616],
              [100.19570420499792, -0.09920265194402615],
              [100.19583259699795, -0.09932721194404316],
              [100.19586305899793, -0.09944980594404716],
              [100.1958675439979, -0.09946785794402016],
              [100.19586755099795, -0.09963048294405015],
              [100.19585514799792, -0.09974867794402116],
              [100.19580205599794, -0.10025460794405215],
              [100.19577904799792, -0.10079678194402715],
              [100.1957797269979, -0.10084448094401915],
              [100.19578508699794, -0.10122101294403715],
              [100.19578605399795, -0.10128895194405615],
              [100.1957915089979, -0.10135273494402916],
              [100.19582952599791, -0.10179727194405115],
              [100.1958419749979, -0.10194283394405115],
              [100.19587020299792, -0.10219741394404015],
              [100.19593309199792, -0.10235912494401615],
              [100.1959628229979, -0.10237308494406215],
              [100.19603789799794, -0.10240833694403716],
              [100.19605253699791, -0.10241136894403316],
              [100.19605494199794, -0.10242203794403816],
              [100.19620791899791, -0.10268108394403416],
              [100.19635770099791, -0.10303988594402816],
              [100.19643947099792, -0.10315380394403915],
              [100.19663789099792, -0.10338811894403915],
              [100.1968378769979, -0.10349113494406516],
              [100.1969472269979, -0.10351094294405516],
              [100.19705097799795, -0.10347323094406116],
              [100.19716721999794, -0.10339199694401216],
              [100.19722542599794, -0.10330525694404015],
              [100.19727960399791, -0.10319826994405916],
              [100.1973122099979, -0.10307786194401515],
              [100.19733190699793, -0.10291936394405315],
              [100.1973526739979, -0.10281778594405516],
              [100.19738320799792, -0.10270683694402316],
              [100.1973969969979, -0.10260876594405516],
              [100.19740986899791, -0.10252896894404316],
              [100.19745419699791, -0.10243981294404116],
              [100.19754013699793, -0.10228384294406116],
              [100.19759234599792, -0.10217388394401916],
              [100.1976741079979, -0.10209859494402415],
              [100.19775390299793, -0.10207085294403816],
              [100.19784453599794, -0.10209066294406416],
              [100.19792630299793, -0.10213028394404916],
              [100.19801175999794, -0.10222413694405916],
              [100.19810675099791, -0.10242957894404016],
              [100.19826036899792, -0.10284579894401716],
              [100.1982948409979, -0.10316143994406016],
              [100.1982721419979, -0.10371079694401415],
              [100.1982754159979, -0.10409759794406216],
              [100.19830014399793, -0.10428954994402816],
              [100.1983341119979, -0.10455323294404216],
              [100.19843204699794, -0.10479765194405416],
              [100.19885288699794, -0.10550762594401415],
              [100.1991104319979, -0.10595014194403515],
              [100.19943030399793, -0.10640435494404715],
              [100.19970414699793, -0.10683375894403516],
              [100.19971457999793, -0.10765409194401315],
              [100.20056485699791, -0.10948000794404315],
              [100.20185477399792, -0.11183473094403916],
              [100.2018560389979, -0.11183255394404015],
              [100.20292166299787, -0.10999895294405315],
              [100.20282688499793, -0.10869486794403815],
              [100.20244024199792, -0.10786209294404615],
              [100.20215474599792, -0.10724717494404916],
              [100.20215474299795, -0.10724712594405615],
              [100.20214293599793, -0.10702345694402016],
              [100.20214281399791, -0.10702115094402116],
              [100.20211816899791, -0.10655429694405416],
              [100.20204682999793, -0.10520292494408716],
              [100.20202963099791, -0.10434903994404016],
              [100.2020042399979, -0.10308840694402516],
              [100.20200182999793, -0.10296873094402816],
              [100.20210060699793, -0.10153956394405815],
              [100.20156141299793, -0.09830136794401816],
              [100.20269162899791, -0.09754051794401115],
              [100.20307980199794, -0.09727920294402316],
              [100.20372660699792, -0.09475553594403116],
              [100.2039297059979, -0.09383674294404916],
              [100.20436444099795, -0.09187006394402916],
              [100.20423855199795, -0.08890320294402415],
              [100.20742805199791, -0.08671414694406115],
              [100.20871285699792, -0.08573720294406016],
              [100.2092198289979, -0.08440748794406215],
              [100.2094491239979, -0.08380607894405015],
              [100.20954357099794, -0.08355835794405615],
              [100.20978194099791, -0.08293314694405715],
              [100.21089596899793, -0.08020142494403616],
              [100.21151398799793, -0.07734278694401515],
              [100.21163397099792, -0.07678780694401116],
              [100.21194091999791, -0.07536802194401515],
              [100.2123080219979, -0.07434305794406315],
              [100.2124728379979, -0.07375877394405016],
              [100.21264000399793, -0.07326841394403516],
              [100.2126911939979, -0.07293564794405015],
              [100.2126955689979, -0.07283532494402316],
              [100.21269932999792, -0.07274084494405016],
              [100.2127957219979, -0.07031924294402316],
              [100.21280331299795, -0.07007651394404515],
              [100.21293508599791, -0.07008223894403916],
              [100.2130682709979, -0.07008223394403515],
              [100.2131563079979, -0.07007996294406416],
              [100.21325563099793, -0.07007315094402615],
              [100.2133843019979, -0.07007768694403216],
              [100.21350168499794, -0.07011400294406615],
              [100.21366647499792, -0.07013669794405115],
              [100.21380417099795, -0.07008675594401816],
              [100.21398097499792, -0.06993157894406415],
              [100.21409383999793, -0.06982034994403816],
              [100.2141773599979, -0.06973636094402015],
              [100.21427216899792, -0.06967052994404815],
              [100.21439180599793, -0.06960242994402716],
              [100.21447758699793, -0.06958653794406215],
              [100.21460174099792, -0.06960469394401515],
              [100.21471686799794, -0.06963646994402915],
              [100.21497758799791, -0.06971140394402615],
              [100.21512431799795, -0.06976133694404016],
              [100.21521606799791, -0.06980128394404515],
              [100.21531353399791, -0.06981085494406615],
              [100.21542684499792, -0.06982317794403016],
              [100.21552510599793, -0.06981084994406216],
              [100.2156178169979, -0.06980366794401516],
              [100.2156593129979, -0.06976586394402816],
              [100.2157067159979, -0.06970684494403616],
              [100.2157496029979, -0.06960015794406615],
              [100.2157883139979, -0.06954364994406616],
              [100.21581957899792, -0.06949800994401316],
              [100.21595167599793, -0.06941767794403116],
              [100.21619998199793, -0.06927693694403515],
              [100.21640539999794, -0.06920429394402515],
              [100.21652278199792, -0.06917932294406616],
              [100.21668079799792, -0.06920428694404315],
              [100.21682978399792, -0.06923152294403716],
              [100.21695168299794, -0.06923378894406115],
              [100.21708144499792, -0.06916785794406616],
              [100.2171943119979, -0.06911791694402315],
              [100.21731846699794, -0.06909748394404816],
              [100.21748776999794, -0.06914514794401315],
              [100.2177789729979, -0.06926544594402616],
              [100.21818981499791, -0.06934942194401116],
              [100.21839974899791, -0.06934487694404416],
              [100.21861419799791, -0.06932444094404415],
              [100.21873979399794, -0.06926925694402515],
              [100.21887523399795, -0.06917618794402315],
              [100.2190039009979, -0.06905133894405016],
              [100.21916446199793, -0.06890046494406515],
              [100.2192928379979, -0.06882887994406416],
              [100.21937861599793, -0.06880163894406616],
              [100.2194914839979, -0.06878347694406316],
              [100.21972203799794, -0.06879831194406416],
              [100.22082635499794, -0.06897410494404715],
              [100.22305484099792, -0.06909031494403416],
              [100.22417943599794, -0.06922691294401816],
              [100.22599425699792, -0.06944734794403516],
              [100.22634453899792, -0.06947702494402115],
              [100.22722374699794, -0.06955151294401715],
              [100.22885490199792, -0.07076892894404815],
              [100.22974000599794, -0.07146534694406616],
              [100.22985045299794, -0.07155347194405716],
              [100.2308895679979, -0.07238256794401815],
              [100.23317523399794, -0.07370877694403116],
              [100.23380355399792, -0.07408046994406416],
              [100.23443665499792, -0.07445499094403416],
              [100.23468865799794, -0.07460406794403715],
              [100.23497765299794, -0.07476134294402915],
              [100.23522522399793, -0.07489891794402616],
              [100.23527915699793, -0.07492422494401316],
              [100.23534387999791, -0.07496218694403516],
              [100.2353978139979, -0.07496218594404516],
              [100.23545174699791, -0.07494048994401216],
              [100.23550028699793, -0.07493687294406516],
              [100.2355668059979, -0.07496760394404615],
              [100.23573939599794, -0.07499833094401216],
              [100.23594793999791, -0.07499470994405015],
              [100.23609356099792, -0.07497662694406415],
              [100.2361870459979, -0.07496216294406116],
              [100.23627873399795, -0.07499650794402116],
              [100.23637819799791, -0.07508241594403815],
              [100.23644831399793, -0.07516376594405516],
              [100.23649865599793, -0.07527042394404716],
              [100.23657955999795, -0.07539154394406515],
              [100.23670900299794, -0.07548554594403316],
              [100.23693912499795, -0.07562654594401816],
              [100.23710057599794, -0.07568548194403515],
              [100.23724147899793, -0.07573506694403416],
              [100.2374540069979, -0.07580118094402616],
              [100.23758786299794, -0.07582479094405416],
              [100.23776571999792, -0.07579857594406315],
              [100.23790779399792, -0.07572772994403415],
              [100.23804399599794, -0.07564743794402816],
              [100.23816962899792, -0.07554117094404916],
              [100.23830367599794, -0.07536528094401215],
              [100.23836445699794, -0.07526372294402915],
              [100.23850098299795, -0.07513489294403515],
              [100.2385849949979, -0.07509738994404816],
              [100.23868031299793, -0.07508660494401916],
              [100.23879588699793, -0.07511056294406115],
              [100.23886737599793, -0.07515129594405316],
              [100.23890431499791, -0.07523875794406315],
              [100.23896150799794, -0.07532142494402215],
              [100.23904372199792, -0.07537773294403416],
              [100.23910806199791, -0.07538372194402115],
              [100.23913746699793, -0.07536449194405716],
              [100.23923461199792, -0.07527412894403115],
              [100.23936818499794, -0.07520818794402816],
              [100.23953818999792, -0.07517399294401615],
              [100.2396814799979, -0.07514468394406015],
              [100.23980776799795, -0.07510804694406616],
              [100.23997534199793, -0.07502012494403215],
              [100.24008705699794, -0.07490778294406615],
              [100.24021091399794, -0.07477101894402016],
              [100.2403846189979, -0.07457431694403716],
              [100.24043122299793, -0.07450662094406416],
              [100.24048818199793, -0.07436255294406616],
              [100.2405313299979, -0.07418724094405615],
              [100.2405884299979, -0.07398336794402416],
              [100.24065591799791, -0.07372098594406416],
              [100.24101305699793, -0.07377333194402516],
              [100.2411188459979, -0.07378714394404516],
              [100.24127888599793, -0.07380803994401215],
              [100.24132894499792, -0.07385490294403516],
              [100.2414311539979, -0.07392631294406715],
              [100.24151089999793, -0.07396208694403615],
              [100.24157101699791, -0.07397071994402915],
              [100.2416716169979, -0.07394851194406715],
              [100.24185073799794, -0.07394233894403615],
              [100.24195782699792, -0.07395733694401915],
              [100.24204984299791, -0.07402518594402316],
              [100.24212222899791, -0.07405109194404215],
              [100.24222096599794, -0.07404591194402615],
              [100.2424970059979, -0.07398792094402015],
              [100.24258165899795, -0.07398421694402615],
              [100.24294533599794, -0.07405358494405316],
              [100.24323487599793, -0.07416090694401616],
              [100.24332873999793, -0.07421378994403915],
              [100.24342877399795, -0.07434957994404115],
              [100.2435288089979, -0.07447782494402616],
              [100.24361883699794, -0.07451302794406416],
              [100.2437438759979, -0.07450799494402816],
              [100.24392642999794, -0.07446021094402516],
              [100.24406897199793, -0.07439985394403016],
              [100.24424247899793, -0.07428125194404316],
              [100.2443400069979, -0.07425358794402816],
              [100.2444100279979, -0.07425358594404916],
              [100.24457257999791, -0.07429381594401716],
              [100.24464760199794, -0.07429381394403815],
              [100.24471762299794, -0.07426866494402916],
              [100.24479014299794, -0.07418567894403316],
              [100.24504826599792, -0.07396544794401916],
              [100.24516829999794, -0.07384473994402216],
              [100.24536335699793, -0.07375923594405216],
              [100.24551340099794, -0.07371648194406116],
              [100.2456559449979, -0.07372402194401716],
              [100.2458460019979, -0.07369635494403316],
              [100.24604855999792, -0.07355301394402115],
              [100.24624682699795, -0.07332223994403315],
              [100.24641504599794, -0.07313288894401615],
              [100.24645568299792, -0.07301806494403716],
              [100.2478075549979, -0.06919820894403016],
              [100.24831933999792, -0.06787635794403016],
              [100.24846098099795, -0.06748675494405616],
              [100.24907054299791, -0.06581006594403516],
              [100.2494336569979, -0.06481126894401215],
              [100.25006716499792, -0.06357386594406515],
              [100.25038266499791, -0.06295761494401116],
              [100.2515179809979, -0.060478594944058155],
              [100.25207800999794, -0.05923006694403916],
              [100.25259421999795, -0.05807922894403816],
              [100.2532069969979, -0.056562012944013154],
              [100.2534574589979, -0.05620730094402416],
              [100.25370149399794, -0.055724093944022154],
              [100.25408399899794, -0.05496670594401116],
              [100.25496534899793, -0.05315906594403016],
              [100.25547102199795, -0.05221125794405215],
              [100.2558688779979, -0.05137094994402916],
              [100.25618485899793, -0.050703569944048156],
              [100.25651108099794, -0.05000613094402716],
              [100.2566920249979, -0.049666935944046156],
              [100.2569004649979, -0.049219253944031156],
              [100.2572319279979, -0.048511768944067155],
              [100.2573843389979, -0.048160564944041154],
              [100.25771733499795, -0.047395698944044155],
              [100.25789328799794, -0.04699154994402516],
              [100.25830457899792, -0.04606302594406515],
              [100.2585615899979, -0.04549971994406116],
              [100.25864970199791, -0.04532068294405216],
              [100.25876836199791, -0.045136066944039155],
              [100.25902584899791, -0.04454291994402115],
              [100.25941399799791, -0.04370101094404816],
              [100.25990713499795, -0.042634568944024155],
              [100.2602578619979, -0.041870911944031156],
              [100.26027697499791, -0.04182929694404416],
              [100.26070275299793, -0.040869218944053154],
              [100.26090631199793, -0.040428151944056155],
              [100.26106046199794, -0.040094142944028154],
              [100.26117278799791, -0.03982803894403716],
              [100.26122675099793, -0.039708083944035154],
              [100.26124787899795, -0.03963844394404216],
              [100.2613152919979, -0.039611879944047156],
              [100.26139006299792, -0.03958241494403616],
              [100.2614528399979, -0.039517570944028156],
              [100.2614954429979, -0.03946330494402116],
              [100.26155366699794, -0.03941617994404115],
              [100.2616005299979, -0.039350490944045156],
              [100.26164620499793, -0.03927970294402915],
              [100.26168880699794, -0.03923114994402915],
              [100.26177401299793, -0.039144038944059156],
              [100.26183081799792, -0.039072636944056154],
              [100.26196014499794, -0.03884919194403816],
              [100.26208938999793, -0.03861261894404316],
              [100.26216341099791, -0.038477128944052155],
              [100.26221169399793, -0.03835288994405016],
              [100.26224719499794, -0.038281486944058155],
              [100.26229853399792, -0.038206425944040154],
              [100.26235249699795, -0.038087897944066154],
              [100.2624448019979, -0.037910822944056156],
              [100.26253735299792, -0.03779291494406316],
              [100.26265806099792, -0.03760298694406616],
              [100.26279026599792, -0.03743085494402015],
              [100.26289677399791, -0.037290906944051155],
              [100.26294363699793, -0.037202367944061156],
              [100.26299882399792, -0.037027808944046156],
              [100.26307148499791, -0.036829710944047155],
              [100.26313132899793, -0.036523712944060156],
              [100.26316685199794, -0.03642953494402015],
              [100.26320721999792, -0.03633698094402816],
              [100.2632104469979, -0.03621357594401815],
              [100.26322019999793, -0.036150609944045155],
              [100.26326056899791, -0.036071045944013155],
              [100.26325138099793, -0.03596610294401616],
              [100.26326863899794, -0.03583235494402016],
              [100.26324441299795, -0.03556996194406316],
              [100.26323956699792, -0.035441686944054154],
              [100.26326055699792, -0.03531503394405915],
              [100.26334061599795, -0.035031760944022154],
              [100.2633830779979, -0.034852879944012156],
              [100.26344182499793, -0.03473859694405216],
              [100.26353539899793, -0.034559812944039155],
              [100.2642430179979, -0.03350891394403316],
              [100.26478160499789, -0.032709047944067156],
              [100.2650144409979, -0.032363257944027155],
              [100.26501444499792, -0.03236322094402016],
              [100.2646557419979, -0.031731467944027154],
              [100.26465503099791, -0.031730214944034156],
              [100.26464467099794, -0.03171196894406616],
              [100.26470081099791, -0.03136722194402316],
              [100.26472354099792, -0.031227641944028155],
              [100.26475895599793, -0.031010164944050157],
              [100.26482891199794, -0.030580571944014156],
              [100.26485366899794, -0.030428543944012156],
              [100.26492446499793, -0.029993796944026156],
              [100.26497831399791, -0.029663115944046158],
              [100.2650167629979, -0.029427008944012158],
              [100.26502934699795, -0.029349731944066156],
              [100.26503945899793, -0.029287635944044155],
              [100.26510160599793, -0.028905998944012155],
              [100.26512114999792, -0.028785982944029155],
              [100.2651885549979, -0.028372057944054157],
              [100.26523325599794, -0.028097554944040155],
              [100.2652333079979, -0.028097237944038157],
              [100.2654979759979, -0.026471953944039155],
              [100.26562825999792, -0.025671897944036157],
              [100.2657644659979, -0.024835480944020157],
              [100.2663242739979, -0.020058341944022156],
              [100.26623668799795, -0.020002146944066157],
              [100.26921488899791, -0.017733013944038156],
              [100.27404222699795, -0.016029930944043157],
              [100.27673481099794, -0.013377263944036157],
              [100.28032000999792, -0.010918822944049156],
              [100.2830060809979, -0.009568972944052156],
              [100.28303463999794, -0.009554620944058156],
              [100.28342214599792, -0.009359884944032157],
              [100.2853790239979, -0.008376480944022156],
              [100.29040334999792, -0.0017243789440471564],
              [100.29486996599792, 0.0005814520559538437],
              [100.2967644449979, 0.0015594520559858438],
              [100.29946759199794, 0.002954915055979844],
              [100.30565335899792, 0.0076645190559498436],
              [100.30960563299794, 0.009863038055939844],
              [100.31166578299792, 0.011252406055987846],
              [100.31286864599792, 0.012063618055961844],
              [100.31334777399792, 0.012386742055937844],
              [100.3165087679979, 0.014350848055940842],
              [100.31652466599792, 0.014360726055954842],
              [100.3165299459979, 0.014364007055987844],
              [100.32193113899791, 0.017720075055912842],
              [100.32568080799791, 0.020081966055968844],
              [100.3297366949979, 0.022636743055968845],
              [100.33132671699792, 0.023607948055953842],
              [100.34001444099795, 0.028914519055959848],
              [100.34314078399791, 0.030818831055981842],
              [100.34432161299793, 0.03153809605596784],
              [100.34439800299793, 0.031584626055987844],
              [100.34440946199794, 0.031591606055954846],
              [100.3485422529979, 0.034108964055988844],
              [100.34826444099792, 0.039414519055938846],
              [100.3495369939979, 0.04089555905598284],
              [100.35186504699794, 0.04360502505598184],
              [100.35186886099791, 0.04360946405593284],
              [100.35303295699794, 0.04496427805595685],
              [100.35318114299793, 0.04513674205595884],
              [100.35082955299794, 0.04513674205595884],
              [100.34998655099793, 0.04513674205595884],
              [100.34548111199791, 0.04513674205595884],
              [100.34420891899794, 0.04513674205595884],
              [100.34396060299792, 0.045088698055976845],
              [100.34309377299792, 0.04492098605597084],
              [100.3425016689979, 0.04460542105597684],
              [100.34247804799793, 0.04459455005594784],
              [100.34211408499795, 0.04442705405598684],
              [100.3420000469979, 0.044374574055964844],
              [100.34186135099793, 0.04431074605595584],
              [100.34128263299795, 0.04404441905593584],
              [100.3405512149979, 0.043939240055933845],
              [100.33942287399793, 0.044040627055963844],
              [100.3383533909979, 0.04356167405593685],
              [100.33828506699791, 0.04353107605596984],
              [100.3382707219979, 0.043524652055978844],
              [100.3382623959979, 0.04352092305596485],
              [100.33640947399795, 0.04574625405594184],
              [100.33609435199793, 0.046124711055952845],
              [100.33496845899793, 0.04723566605595384],
              [100.33392255199794, 0.048468527055959845],
              [100.33298395499793, 0.04879927105595484],
              [100.3325423209979, 0.04895489505595684],
              [100.33196447699794, 0.049158516055981843],
              [100.32981060099792, 0.050341331055974846],
              [100.32965662399795, 0.05093929605597185],
              [100.32916948799794, 0.05283107905593484],
              [100.3291253249979, 0.053002584055959846],
              [100.32925527499793, 0.05413619205593485],
              [100.32930217699794, 0.05454533805597384],
              [100.3294190939979, 0.055565251055966845],
              [100.32947981299793, 0.055771557055961846],
              [100.33012291799793, 0.05795666205598585],
              [100.32917113799795, 0.05942095705593384],
              [100.32853806499793, 0.06039492705595284],
              [100.32831457199791, 0.060802348055986846],
              [100.32793054999792, 0.06150240905596184],
              [100.32781663599792, 0.06171007105594084],
              [100.32768265499794, 0.062113684055944834],
              [100.32748069299794, 0.06272208405597685],
              [100.32747409999791, 0.06274141805597784],
              [100.32718163799791, 0.06359902805594685],
              [100.32713796799794, 0.06372708605597685],
              [100.32629580299795, 0.06619663105597384],
              [100.32481067699791, 0.06821556505595085],
              [100.3241416279979, 0.06912509405596284],
              [100.32371423999791, 0.07001444205594984],
              [100.32219792899792, 0.07316971905596885],
              [100.3216435639979, 0.07432329205597885],
              [100.32121092299792, 0.07522357005593984],
              [100.32031487399792, 0.07744598005594085],
              [100.3203145319979, 0.07744682905594384],
              [100.31943771699792, 0.08143991205595584],
              [100.31905493099794, 0.08318314605595885],
              [100.31777866699792, 0.08309334205598884],
              [100.31737755999791, 0.08306511805598385],
              [100.31650257899793, 0.08339486305597184],
              [100.3155523789979, 0.08375295405598185],
              [100.31554695299792, 0.08514095705596984],
              [100.3155464169979, 0.08527814505596584],
              [100.31554303299794, 0.08614363505593284],
              [100.31554146599791, 0.08654453505597784],
              [100.3155397849979, 0.08697446905598884],
              [100.31553878299792, 0.08723066905595585],
              [100.31553769099793, 0.08751007905597384],
              [100.3155518779979, 0.08753517305593984],
              [100.31565098299791, 0.08771047005593885],
              [100.31597053199795, 0.08827568905594785],
              [100.31608011499793, 0.08846951905594884],
              [100.31648686599794, 0.08918898105595484],
              [100.31658861599794, 0.08936895605593484],
              [100.31688560999794, 0.08989428005595784],
              [100.31701336699791, 0.09012025705597185],
              [100.31703828599791, 0.09016433405595585],
              [100.31743801199792, 0.09087137005594985],
              [100.31755011199795, 0.09095883905594385],
              [100.31928345899792, 0.09231132105595885],
              [100.31943389499793, 0.09242870205595484],
              [100.32178371599792, 0.09508986105596784],
              [100.32354605399792, 0.09637113205594984],
              [100.32408667699792, 0.09729299005597584],
              [100.3244273339979, 0.09982085805593484],
              [100.3244484149979, 0.10007471605594284],
              [100.32453011299793, 0.10105850605596384],
              [100.32453392599791, 0.10110441905597184],
              [100.3245589049979, 0.10140522105594084],
              [100.32460963099794, 0.10201605605597285],
              [100.32461000499791, 0.10202222905594785],
              [100.32462106299795, 0.10220472005597984],
              [100.32466965499793, 0.10300659805598385],
              [100.32467545399794, 0.10310228805595084],
              [100.32471146999791, 0.10369664205593684],
              [100.3247168189979, 0.10378492005595784],
              [100.32475572499794, 0.10442696305598484],
              [100.32476293399793, 0.10454592405598384],
              [100.32480574699792, 0.10525245405598585],
              [100.32444462799793, 0.10603702105596785],
              [100.32400041299792, 0.10700212205598784],
              [100.32392940599794, 0.10715639105593784],
              [100.32377167999795, 0.10749906705593984],
              [100.32295628499793, 0.10877091505598484],
              [100.32243367399792, 0.10958608005593384],
              [100.32228907799794, 0.10993567505597884],
              [100.32185367699793, 0.11098835905598084],
              [100.3217843789979, 0.11115590405593384],
              [100.32157169699792, 0.11248850405594585],
              [100.32025669699794, 0.11389510105597385],
              [100.3202752019979, 0.11452419105593484],
              [100.32031305199791, 0.11581095305594184],
              [100.3203166379979, 0.11593285605597685],
              [100.32032095799792, 0.11607971405597084],
              [100.32033067399794, 0.11641006105595884],
              [100.32038518199795, 0.11687921305595285],
              [100.32040776399793, 0.11707357905596884],
              [100.32044485299792, 0.11739280505595684],
              [100.3205278089979, 0.11810681205595584],
              [100.32058530799793, 0.11860170005594785],
              [100.32058569899795, 0.11860506905595984],
              [100.32058569899795, 0.11860525705596084],
              [100.3205837629979, 0.11994696805596984],
              [100.32066453099793, 0.12029892005598684],
              [100.32141177399791, 0.12036508405596186],
              [100.3218436019979, 0.12040332005598486],
              [100.32315548399794, 0.12051948005593283],
              [100.3233689519979, 0.12071926505593883],
              [100.32421216899792, 0.12184063805598583],
              [100.32433041499792, 0.12199789105598285],
              [100.3253095379979, 0.12347631005594883],
              [100.32628865099792, 0.12475760005595785],
              [100.32658245499795, 0.12653174505597084],
              [100.32696309899791, 0.12885947205593584],
              [100.32682130999791, 0.13211089205596285],
              [100.32668305499794, 0.13528127305598084],
              [100.32660416499795, 0.13709032305594385],
              [100.32694676899791, 0.13934957305595183],
              [100.32755808499792, 0.14338081405595884],
              [100.3276366759979, 0.14389906905593383],
              [100.32762771599795, 0.14437509905594983],
              [100.3276200989979, 0.14477978205594885],
              [100.32757422499793, 0.14721693905597985],
              [100.3275486429979, 0.14857603805593583],
              [100.32778250699795, 0.14948358705596784],
              [100.32788543199791, 0.14988300605598684],
              [100.3284018959979, 0.15192380005596784],
              [100.32984289899792, 0.15183130505597783],
              [100.3304285999979, 0.15179371005594083],
              [100.33089168099792, 0.15176398705598584],
              [100.33379247599794, 0.15156167205596185],
              [100.3353954089979, 0.15353786205595585],
              [100.3361493579979, 0.15478465705594185],
              [100.3367662159979, 0.15580474805598485],
              [100.33864442699792, 0.15825454205595685],
              [100.3420534529979, 0.16191536905593285],
              [100.34343452199795, 0.16280111305594885],
              [100.34391833699794, 0.16311140705597885],
              [100.3456525719979, 0.16422365305596984],
              [100.34939666599792, 0.16773012805596485],
              [100.35148301099792, 0.16976296505596583],
              [100.35248106799793, 0.17073542605596984],
              [100.35146147999791, 0.17169455205596784],
              [100.35045400999792, 0.17264227905594984],
              [100.3500966889979, 0.17297841105597883],
              [100.34999123899792, 0.17307760805597686],
              [100.35030480999791, 0.17359456605596785],
              [100.35075534599792, 0.17433732505595884],
              [100.35128461199793, 0.17544422905594084],
              [100.35164905699793, 0.17620642905593784],
              [100.35291722599794, 0.17853630805593884],
              [100.35320040499795, 0.17905656505594483],
              [100.35213912199794, 0.18359865205594883],
              [100.35204179599793, 0.18403931205598684],
              [100.35122451699795, 0.18773970005595683],
              [100.35085202499795, 0.18827448105595584],
              [100.3479299209979, 0.19246969705598385],
              [100.34703561599792, 0.19501807105594085],
              [100.34673300999793, 0.19588036505594184],
              [100.3458937299979, 0.19684290805595583],
              [100.34487865299792, 0.19800707005596485],
              [100.34527978199793, 0.19958117805596484],
              [100.34543576699792, 0.20019329505596783],
              [100.34661729599793, 0.20482984605594384],
              [100.34673377999792, 0.20528695305598885],
              [100.3443804459979, 0.20483003205596584],
              [100.34252284799794, 0.20446936205594585],
              [100.34202042799791, 0.20437181305597085],
              [100.33819605599791, 0.20362927805594183],
              [100.33896973499793, 0.20683472205594483],
              [100.33914957899793, 0.20757983705597385],
              [100.3393541779979, 0.20842751405594084],
              [100.33990615599794, 0.21071442305596083],
              [100.3391311879979, 0.21211254305593785],
              [100.33587174899793, 0.21799289805598185],
              [100.33559434799793, 0.21849335605595885],
              [100.33536471799795, 0.22132843505597985],
              [100.3348763979979, 0.22735736305595786],
              [100.3347621399979, 0.22974919305597985],
              [100.33471606799793, 0.23071363405598785],
              [100.33471620999791, 0.23223205605593483],
              [100.33471628899792, 0.23307917305596984],
              [100.33451792199793, 0.23694492705597284],
              [100.3346022759979, 0.23902254205593484],
              [100.33471713099794, 0.24185138205594084],
              [100.33470683299794, 0.24413782505594384],
              [100.33470453999792, 0.24464703505596183],
              [100.33469849199793, 0.24598975005598284],
              [100.33305332599792, 0.24776539905594985],
              [100.33227473599794, 0.25008949305596684],
              [100.33305578899791, 0.2538591330559398],
              [100.33323571599794, 0.25472752605595883],
              [100.33326188799793, 0.25485384305598285],
              [100.3324667859979, 0.25653767605594185],
              [100.3314879059979, 0.2582133710559588],
              [100.33086688899795, 0.25900545705594885],
              [100.33001951899791, 0.2600862480559418],
              [100.32912983899791, 0.26227105805595885],
              [100.32757232699794, 0.26432477805595084],
              [100.32712385299794, 0.26522800205596286],
              [100.32698501799791, 0.26550761405594886],
              [100.32667591399792, 0.26609555905595483],
              [100.32610404599791, 0.2671833060559408],
              [100.32463844199793, 0.2698692340559458],
              [100.32429908199794, 0.27012169205597986],
              [100.32228619799793, 0.2716191290559348],
              [100.31967066499794, 0.27341507305597185],
              [100.3191406609979, 0.2738809080559718],
              [100.3190346379979, 0.27397409505597686],
              [100.31849946299792, 0.27404868205594785],
              [100.31824565099794, 0.27408405505595085],
              [100.31697569599794, 0.2740841060559798],
              [100.31692755399791, 0.2740825540559658],
              [100.31639695499791, 0.2740654530559398],
              [100.3163856849979, 0.27406509005596985],
              [100.3163849319979, 0.27406510005597784],
              [100.31638163399793, 0.27406514505595686],
              [100.31581701299791, 0.2740728400559788],
              [100.31550152299792, 0.27439517005593883],
              [100.31547872999795, 0.27483286405596585],
              [100.31547301099795, 0.2749426950559408],
              [100.31546972799794, 0.27500574505593484],
              [100.31546367099793, 0.2751220560559348],
              [100.31607499699794, 0.27622963805596584],
              [100.31607965799793, 0.2762380830559578],
              [100.31694266599794, 0.27823008305598784],
              [100.31694329799791, 0.27823401105594286],
              [100.3171342909979, 0.27942047005593884],
              [100.31718656199791, 0.27974517905597884],
              [100.3172958059979, 0.28042381305597486],
              [100.31733368699793, 0.28065912905596285],
              [100.3173916329979, 0.28101909405593484],
              [100.3177866669979, 0.28313711505593586],
              [100.3180936909979, 0.28394607205593986],
              [100.3186696659979, 0.2849731160559518],
              [100.31914197199791, 0.28544770105595785],
              [100.31948268799795, 0.2857900620559378],
              [100.3195386199979, 0.2861578580559718],
              [100.31958366699791, 0.28645408205598283],
              [100.31943866699794, 0.2869610520559858],
              [100.31913166599793, 0.28700503705597685],
              [100.31895564399792, 0.28702703205597385],
              [100.31862566999791, 0.28701504405593387],
              [100.31824066399793, 0.2871080510559668],
              [100.31712267099795, 0.28724807705596284],
              [100.31626865499794, 0.28752010105593184],
              [100.31590262599792, 0.28771909105593385],
              [100.31501862699793, 0.28881403805594585],
              [100.3145576909979, 0.28962109605596686],
              [100.31448861699795, 0.28975902705595086],
              [100.3135806659979, 0.29157207305594585],
              [100.31377002699793, 0.29227007505591285],
              [100.31298167699794, 0.29272007105596787],
              [100.3126608479979, 0.29318999805595086],
              [100.31200266599791, 0.29415405805595185],
              [100.31161038699793, 0.29506177005596584],
              [100.31062002599793, 0.29735340805594085],
              [100.30900868199791, 0.29922803905596185],
              [100.3085416439979, 0.30041210705594784],
              [100.3084082719979, 0.3009199650559398],
              [100.3081445069979, 0.30192434205595486],
              [100.30822002499792, 0.30214427905595187],
              [100.30854774299792, 0.3030987200559848],
              [100.30930866199793, 0.30427305305597985],
              [100.3095607929979, 0.30474406505597085],
              [100.30992266799791, 0.30542009405594683],
              [100.31048699899793, 0.30598576605593986],
              [100.31146856999794, 0.30696966705598083],
              [100.3121200259979, 0.3069534080559748],
              [100.31229276099793, 0.30769550405598484],
              [100.31288704599791, 0.30877495405594885],
              [100.3130289909979, 0.30903278005594387],
              [100.31308365399792, 0.30913207005598087],
              [100.3143276869979, 0.31034703305597583],
              [100.3164533299979, 0.31170340805597585],
              [100.31869157699794, 0.31365996105593286],
              [100.31892967499795, 0.3138680930559448],
              [100.31942133999792, 0.31443767905598485],
              [100.3198048739979, 0.31488199705593484],
              [100.3199896839979, 0.3150960950559498],
              [100.32048820599795, 0.3159878470559788],
              [100.32058167899794, 0.31615505105595787],
              [100.3206420339979, 0.31623679005595284],
              [100.32086280599793, 0.31653578405594385],
              [100.32146095199795, 0.31734586005593685],
              [100.32230336099792, 0.31848674205595284],
              [100.32264976099793, 0.31983520505595187],
              [100.3230946529979, 0.32156708005597084],
              [100.3241466809979, 0.32406806605594385],
              [100.3244246089979, 0.32517616305598585],
              [100.3247772459979, 0.32658212705594286],
              [100.3248533299979, 0.32730340905597183],
              [100.32495134199792, 0.32780049205594286],
              [100.32518442999793, 0.3283829930559388],
              [100.32533511399794, 0.32876957105595783],
              [100.32596196999793, 0.33037775505597683],
              [100.32677145799789, 0.33241505905597585],
              [100.3267866949979, 0.33245340805593987],
              [100.32710673899794, 0.33338177705594785],
              [100.32739209599794, 0.3341236070559858],
              [100.32812926899794, 0.3360380070559618],
              [100.3289377739979, 0.33807205105598787],
              [100.32965336199794, 0.3399034080559458],
              [100.32978482199792, 0.34052747205596784],
              [100.32991282299793, 0.3411351140559448],
              [100.33041231499794, 0.34325295805594186],
              [100.33076548999793, 0.3447690120559768],
              [100.33094749099791, 0.3455502810559348],
              [100.3313477079979, 0.3473014140559628],
              [100.33168136699794, 0.34876132505594587],
              [100.33173669499791, 0.3490034080559358],
              [100.3327266379979, 0.35032004205596884],
              [100.33302798199793, 0.35081482305595585],
              [100.3331426449979, 0.35100309105594385],
              [100.33319365899791, 0.3513120830559868],
              [100.33315802799791, 0.3514684840559568],
              [100.33300834099794, 0.35212552805593583],
              [100.3327086519979, 0.3525280750559128],
              [100.33210406399792, 0.35298493905595785],
              [100.3321039789979, 0.35298500305596286],
              [100.33169365499793, 0.35329506905595986],
              [100.33072869399791, 0.35375504505596184],
              [100.32956369199792, 0.35412209005598083],
              [100.32918937699793, 0.35417875505596885],
              [100.32859268499794, 0.35426908705598287],
              [100.32705166299786, 0.3548800760559768],
              [100.32693277499794, 0.3549403350559858],
              [100.32603566399791, 0.35539504205594585],
              [100.32504263199792, 0.3564320600559798],
              [100.32450985099791, 0.3570627910559808],
              [100.3242536879979, 0.35736604805596484],
              [100.3238866939979, 0.35888674205598686],
              [100.32399246099794, 0.35930045805595484],
              [100.32436347699792, 0.36054961705595184],
              [100.32474874899793, 0.3617413380559498],
              [100.32488567399793, 0.36220975805595385],
              [100.32524819999793, 0.3634499580559378],
              [100.3252637319979, 0.36349312505593884],
              [100.32554784299793, 0.3642827220559328],
              [100.32580332999794, 0.36530340805593686],
              [100.32552389299792, 0.3659333930559828],
              [100.32501050899793, 0.3664934610559528],
              [100.32445049999791, 0.36668523705596084],
              [100.3242973979979, 0.36673766705594385],
              [100.32381244999794, 0.36668030405594687],
              [100.32338456499792, 0.3667090850559728],
              [100.32281404999793, 0.36672352905595984],
              [100.32207196399793, 0.36674985205594585],
              [100.32200106499795, 0.3667523670559518],
              [100.32112582299794, 0.3668862970559558],
              [100.31993300299791, 0.3672121560559418],
              [100.31976108499794, 0.36741482505597384],
              [100.31943266299785, 0.36780199205595887],
              [100.31913442899793, 0.3682461080559418],
              [100.31867812799794, 0.36902155205594084],
              [100.3186465099979, 0.36909354605593586],
              [100.3183501889979, 0.36976825905595984],
              [100.31786095299793, 0.37029751705598785],
              [100.3177814319979, 0.37039589505594983],
              [100.31740091999791, 0.37086663405598586],
              [100.3167734529979, 0.37157509605596284],
              [100.3161269829979, 0.37237928805593884],
              [100.31588766599793, 0.3726336720559548],
              [100.31544246699792, 0.37310690305595484],
              [100.31539953099792, 0.37315975005596186],
              [100.31458684399792, 0.37416001405598787],
              [100.31382627799792, 0.37502165805598486],
              [100.3131798049979, 0.3758067050559508],
              [100.31250332999792, 0.37662007505591283],
              [100.31213869799791, 0.37705404205594584],
              [100.31192205099791, 0.37736697005597386],
              [100.31163465599792, 0.37778208705596183],
              [100.31114465199795, 0.37825204005595486],
              [100.31043662799794, 0.37881110105594484],
              [100.30979394299794, 0.37892333305593684],
              [100.30696662999793, 0.37941706405594283],
              [100.30703390299794, 0.37996768305596584],
              [100.3072768009979, 0.38195577505594286],
              [100.30728669299793, 0.3820367420559738],
              [100.3053545709979, 0.38311384105595886],
              [100.3035533299979, 0.38482007505591287],
              [100.30206351199791, 0.3856595580559338],
              [100.30142365199794, 0.38602010605593784],
              [100.30085369399791, 0.38834409505598483],
              [100.30040163799794, 0.39085905705594787],
              [100.30039458199792, 0.3910411720559778],
              [100.3003712669979, 0.3916428990559808],
              [100.30034379699794, 0.39235186605596084],
              [100.30029965699794, 0.39349107405594486],
              [100.30029930899792, 0.39357791505598483],
              [100.30029633999794, 0.39431826905594386],
              [100.3002926679979, 0.3952340460559328],
              [100.30030732899792, 0.39525078705595684],
              [100.30097896899792, 0.39601767705597984],
              [100.30112551899794, 0.39635897205597787],
              [100.30112547799791, 0.39635898205598585],
              [100.30060133099795, 0.39649178105595684],
              [100.30037618699794, 0.3965858620559428],
              [100.29996124299794, 0.39675925405596485],
              [100.29815492199793, 0.3981578780559548],
              [100.29724507099792, 0.3989892280559528],
              [100.29552771699792, 0.40036647005594284],
              [100.29467037399792, 0.40074246805598085],
              [100.29383846399793, 0.40090490305597387],
              [100.2931492919979, 0.4008205960559648],
              [100.29219769399793, 0.40040682905596686],
              [100.2919142649979, 0.40020311405596987],
              [100.29139972199795, 0.39983328705598387],
              [100.29050200399791, 0.39893556905595084],
              [100.28992846199793, 0.3986612670559708],
              [100.2898464629979, 0.3986495520559428],
              [100.28940479299791, 0.39858645605598086],
              [100.2890174829979, 0.3988446630559818],
              [100.28843226599793, 0.39923480805596484],
              [100.28806999599794, 0.39969229705594983],
              [100.28785595299792, 0.4001089750559718],
              [100.28748744499791, 0.40098868305598484],
              [100.28692671699793, 0.4023282000559478],
              [100.28658972699793, 0.4031332310559748],
              [100.2864231189979, 0.4034525630559788],
              [100.28599124799791, 0.40428031505594186],
              [100.28461973499793, 0.40560195605594584],
              [100.28322328499792, 0.40620043405597483],
              [100.28195888499795, 0.40663674205593786],
              [100.2807296239979, 0.4069984060559618],
              [100.2806145869979, 0.40709906405596985],
              [100.27953266599792, 0.40804574405593985],
              [100.27778710399792, 0.40981624305597086],
              [100.27628702999795, 0.41143926205593584],
              [100.2758477739979, 0.41191451905594084],
              [100.27450285999794, 0.41356874105595387],
              [100.27245805799794, 0.4161372120559718],
              [100.2705699959979, 0.4185811860559878],
              [100.26983141199793, 0.41955728205597587],
              [100.2692162979979, 0.42037020105597384],
              [100.2676826969979, 0.42321297505596084],
              [100.26709099299791, 0.4248764530559728],
              [100.2669588849979, 0.42524785305597884],
              [100.26584985599794, 0.42871149805593184],
              [100.2646154939979, 0.43327489705593786],
              [100.26436522099795, 0.43377369205593685],
              [100.2636255519979, 0.43524785305596986],
              [100.26244600799794, 0.43686576905595587],
              [100.2614912659979, 0.43804254405598886],
              [100.26083759699793, 0.43884823005596685],
              [100.2589033299979, 0.44108118605596786],
              [100.25810703799795, 0.44199024305596885],
              [100.25747115499792, 0.44352384405597384],
              [100.25711723199794, 0.44474648905595887],
              [100.2567361599979, 0.4460629190559328],
              [100.25664824699794, 0.44636661805596084],
              [100.25584777399791, 0.44802563105595583],
              [100.25477800099793, 0.44920939205594784],
              [100.25337615399792, 0.45093474105597386],
              [100.25331920899794, 0.45100482705596784],
              [100.25195888499792, 0.45274785305595383],
              [100.2510315269979, 0.45452360405597886],
              [100.2507008649979, 0.4551567730559468],
              [100.2493916929979, 0.45665297005594185],
              [100.24912989899792, 0.45688721405595384],
              [100.24799812599792, 0.45789988405597587],
              [100.24723665699793, 0.4585812200559328],
              [100.2463618949979, 0.45945833805593883],
              [100.24527715199793, 0.46147820405595086],
              [100.2436255699979, 0.46497009005595685],
              [100.24277102299794, 0.46705153605593386],
              [100.2414992559979, 0.46922102105595787],
              [100.24137458999792, 0.46938843005598585],
              [100.2406610149979, 0.47034666005596687],
              [100.2401900839979, 0.47097905205596685],
              [100.2391810939979, 0.47163671905595084],
              [100.23831983799795, 0.4719515810559328],
              [100.23671142699794, 0.4729989180559788],
              [100.2354396589979, 0.47464473405598584],
              [100.23484118099793, 0.47621574105598086],
              [100.23506560999795, 0.47816079605594586],
              [100.23556999299791, 0.47941451005597485],
              [100.2367862359979, 0.48100357005593286],
              [100.23828243299795, 0.4826493860559398],
              [100.23938821999792, 0.48407111205598585],
              [100.23959160499794, 0.48433260705594683],
              [100.2401526789979, 0.48642728305595984],
              [100.24003108299792, 0.48758912605593685],
              [100.24001447299793, 0.48774783305596286],
              [100.23947938999794, 0.48882119705594085],
              [100.23873129199791, 0.49072884805595185],
              [100.23831983799795, 0.49173878105598584],
              [100.23783357399793, 0.49248687905595984],
              [100.23510301499795, 0.49372124105595083],
              [100.23297093499792, 0.49469377005597487],
              [100.23112221899794, 0.4958196250559719],
              [100.23029217199792, 0.4969145950559688],
              [100.22999682699793, 0.49739175705595084],
              [100.22984168899791, 0.49764240005596583],
              [100.2293052529979, 0.4985090700559598],
              [100.2275846269979, 0.5000426720559549],
              [100.22694652699795, 0.5004779410559338],
              [100.22536996599791, 0.5015533640559648],
              [100.22519646999791, 0.5017259370559518],
              [100.22410596999794, 0.5028106360559409],
              [100.22260977299794, 0.5059526480559529],
              [100.2214876259979, 0.5099549740559869],
              [100.22111098699793, 0.5127931400559338],
              [100.22103663499792, 0.5133534210559818],
              [100.22103876699794, 0.5151168530559428],
              [100.22120947899793, 0.5158961920559618],
              [100.22189907999791, 0.5190443690559758],
              [100.2230586319979, 0.5222985970559788],
              [100.22459196699793, 0.5246493810559658],
              [100.22470330199792, 0.5248200700559809],
              [100.22563472299794, 0.5265358580559368],
              [100.22619975099792, 0.5269360860559829],
              [100.22698129999793, 0.5274896830559468],
              [100.22877673599794, 0.5282751860559789],
              [100.23006331499795, 0.5285351590559488],
              [100.23180327299792, 0.5288867460559599],
              [100.23405082899791, 0.5293412260559338],
              [100.2369684119979, 0.5303511590559679],
              [100.23926881399791, 0.5315294140559819],
              [100.2400200119979, 0.5335201150559359],
              [100.23971767299793, 0.5357000620559379],
              [100.2394790009979, 0.5363564110559338],
              [100.2390443849979, 0.5375516060559709],
              [100.23784275299795, 0.5391643230559708],
              [100.23783574099792, 0.5391737340559788],
              [100.2377539889979, 0.5392834540559338],
              [100.23760803599794, 0.5394793380559828],
              [100.23691230499793, 0.5404130820559349],
              [100.23681181099795, 0.5405843850559369],
              [100.2367193269979, 0.5407420330559628],
              [100.2365416709979, 0.5410448670559869],
              [100.23580331099794, 0.5423034840559499],
              [100.23511686899792, 0.5434989870559689],
              [100.23492531099794, 0.5438084270559358],
              [100.23456525699794, 0.5443900520559879],
              [100.23365807699793, 0.5458554970559388],
              [100.23326513399792, 0.5467366430559788],
              [100.23306663899791, 0.5471817520559769],
              [100.23214454699792, 0.5492494730559798],
              [100.23180653399794, 0.5500074430559748],
              [100.2306699919979, 0.5525368340559709],
              [100.23043081499793, 0.5535273900559479],
              [100.22989888299793, 0.5557303940559708],
              [100.22894776699792, 0.5575945830559729],
              [100.2284961989979, 0.5584796560559798],
              [100.22664465499793, 0.5605556290559689],
              [100.2252699809979, 0.5617867880559548],
              [100.22355874999795, 0.5625193870559568],
              [100.22236646799792, 0.5636134800559628],
              [100.22111633499793, 0.5657565660559528],
              [100.22059908599795, 0.5666432790559528],
              [100.21994059999793, 0.5690839470559719],
              [100.21967003399794, 0.5700867950559568],
              [100.21895047499794, 0.5716299040559678],
              [100.2184108979979, 0.5727870360559708],
              [100.21698015999795, 0.5756485120559348],
              [100.21634778599793, 0.5769367480559848],
              [100.21420284499794, 0.5777525390559648],
              [100.21083640299793, 0.5794357600559719],
              [100.2093215039979, 0.5822130750559128],
              [100.20918210899794, 0.5826415060559639],
              [100.20847884399791, 0.5848030020559488],
              [100.20843112399791, 0.5849496690559729],
              [100.20772244399791, 0.5902083750559799],
              [100.20779218699795, 0.5928812520559888],
              [100.20673578499793, 0.5970248290559679],
              [100.20662834999791, 0.5974462270559828],
              [100.20646002799793, 0.6020750850559718],
              [100.2064588859979, 0.6056756460559568],
              [100.20536593399794, 0.6099862250559478],
              [100.20533767699794, 0.6101204480559799],
              [100.20514793999791, 0.6110216980559499],
              [100.20475232999792, 0.6129008460559509],
              [100.2043560009979, 0.6147834050559738],
              [100.20249777599793, 0.6187395700559508],
              [100.2016468579979, 0.6197374950559859],
              [100.19978324999795, 0.6219230680559489],
              [100.19840887099792, 0.6250356340559758],
              [100.19787559999793, 0.6262433360559638],
              [100.19772938199793, 0.6270617140559839],
              [100.1975422629979, 0.6281090200559588],
              [100.19832445899794, 0.6300025300559609],
              [100.20020891199795, 0.6323868330559459],
              [100.20309358499793, 0.6358938040559818],
              [100.2032459979979, 0.6361029980559608],
              [100.20556903099794, 0.6392914740559519],
              [100.2059550609979, 0.6398213200559578],
              [100.20673669399793, 0.6418867440559809],
              [100.20713331599791, 0.6447587690559689],
              [100.20836767899794, 0.6492473590559629],
              [100.20904096699792, 0.6517160840559338],
              [100.21016311399791, 0.6537920560559338],
              [100.21229519499792, 0.6558680290559809],
              [100.21537564699793, 0.6582480890559879],
              [100.2175111019979, 0.6596033260559718],
              [100.22003801199793, 0.6620637380559768],
              [100.22068115499792, 0.6632478940559419],
              [100.22071337899791, 0.6643921940559638],
              [100.22118114099794, 0.6652589770559558],
              [100.22229841199794, 0.6656195430559388],
              [100.22393955299793, 0.6648620930559589],
              [100.22583317699792, 0.6627159860559718],
              [100.2283200209979, 0.6619145360559888],
              [100.23025163199793, 0.6627159860559718],
              [100.23366015499795, 0.6651145760559558],
              [100.24148666299786, 0.6697478530559379],
              [100.2489353879979, 0.6728153130559489],
              [100.2577722989979, 0.6749614200559368],
              [100.26529219599792, 0.6761367050559809],
              [100.27342625599795, 0.6771075270559809],
              [100.27961209399791, 0.6792536350559568],
              [100.28415679099794, 0.6822834330559568],
              [100.2852088289979, 0.6843590480559808],
              [100.28541920699791, 0.6869543720559509],
              [100.2842830329979, 0.6894792030559669],
              [100.28087450999794, 0.6930139680559508],
              [100.2769866999979, 0.6963901650559738],
              [100.27494115499792, 0.6990735640559509],
              [100.27229008199794, 0.7023558460559368],
              [100.26842668899792, 0.7080001190559668],
              [100.2679978679979, 0.7109402740559428],
              [100.26938652499791, 0.7146012800559588],
              [100.2711567219979, 0.7183600280559549],
              [100.27304753099793, 0.7233119500559868],
              [100.27342625599795, 0.7272254390559428],
              [100.27281663099791, 0.7282800840559528],
              [100.26976524999793, 0.7303814790559638],
              [100.26168578799792, 0.7331587940559668],
              [100.2588999229979, 0.7336688820559658],
              [100.25840607699791, 0.7337593040559368],
              [100.25624423099794, 0.7341551350559858],
              [100.2527226349979, 0.7347999340559709],
              [100.2487386239979, 0.7354289890559609],
              [100.24579072299792, 0.7358944470559688],
              [100.24552686499794, 0.7359361090559698],
              [100.24231987899793, 0.7362483910559519],
              [100.2408588279979, 0.7360540430559719],
              [100.23997223499794, 0.7359361090559698],
              [100.23656371199792, 0.7359361090559698],
              [100.2349806349979, 0.7362886640559768],
              [100.23179966299786, 0.7369970750559128],
              [100.22835800799794, 0.7390921480559458],
              [100.22498657199793, 0.7413312970559358],
              [100.22305586199792, 0.7418694630559488],
              [100.22090975499793, 0.7425006720559538],
              [100.21879166299786, 0.7427090750559129],
              [100.21879068499794, 0.7427083610559888],
              [100.21630198299795, 0.7408919580559679],
              [100.21629666299786, 0.7408880760559808],
              [100.2132375039979, 0.7362946770559379],
              [100.21308277599792, 0.7360623500559459],
              [100.21144163499793, 0.7360623500559459],
              [100.21120875299795, 0.7362952330559689],
              [100.20954801099793, 0.7379559750559819],
              [100.20790687099793, 0.7399758390559579],
              [100.20526664799792, 0.7420500560559868],
              [100.20310968999792, 0.7428793960559829],
              [100.20079778299794, 0.7446658690559649],
              [100.20033237499791, 0.7450255030559698],
              [100.19777708599793, 0.7512957610559429],
              [100.19777147499792, 0.7513049380559809],
              [100.19603691899795, 0.7541418380559578],
              [100.19437554699795, 0.7568590420559789],
              [100.19111673899795, 0.7591645610559818],
              [100.1873294919979, 0.7609319430559508],
              [100.18514968899791, 0.7613992170559668],
              [100.18207771699792, 0.7620577400559368],
              [100.18207207799793, 0.7620589490559408],
              [100.18185690199795, 0.7621050750559129],
              [100.18185477499793, 0.7621055310559799],
              [100.18182979199793, 0.7621108860559649],
              [100.1815339889979, 0.7621742960559599],
              [100.1815305169979, 0.7621750400559368],
              [100.18138819999791, 0.7622055480559449],
              [100.18114864099795, 0.7622569000559598],
              [100.18114368799792, 0.7622579620559828],
              [100.1809784599979, 0.7622933810559548],
              [100.18097724799793, 0.7622936410559329],
              [100.1809525579979, 0.7622989340559488],
              [100.18095250099793, 0.7622989460559348],
              [100.18095173199794, 0.7622991110559528],
              [100.1809394099979, 0.7623017510559439],
              [100.18093625799793, 0.7623024270559569],
              [100.1809361319979, 0.7623024540559559],
              [100.18093541499792, 0.7623026080559758],
              [100.18093336799791, 0.7623030460559479],
              [100.1809328149979, 0.7623031650559399],
              [100.18093126899794, 0.7623034890559809],
              [100.18093125999792, 0.7623034080559848],
              [100.1809341959979, 0.7623023560559689],
              [100.18093616799791, 0.7623016000559488],
              [100.18094482999794, 0.7622982770559619],
              [100.18094613099794, 0.7622977780559519],
              [100.1809487139979, 0.7622967870559738],
              [100.18127423099793, 0.7622164240559779],
              [100.18137568499793, 0.7621913770559698],
              [100.18142708099793, 0.7621723410559439],
              [100.18146324899794, 0.7621571120559598],
              [100.18149521699792, 0.7621442190559409],
              [100.18152439699793, 0.7621295530559709],
              [100.18163136799791, 0.7620786660559848],
              [100.18178885699791, 0.7620158000559768],
              [100.1818898829979, 0.7619589320559759],
              [100.1821116139979, 0.7618373550559598],
              [100.18227003099793, 0.7617199740559638],
              [100.18248807999794, 0.7615216820559708],
              [100.1828909389979, 0.7611539600559498],
              [100.18347781399791, 0.7605152420559449],
              [100.1844158219979, 0.7597172350559869],
              [100.18460293099793, 0.7595087300559409],
              [100.18482720599792, 0.7593108120559718],
              [100.18491039499793, 0.7592374000559658],
              [100.18558235699794, 0.7587018900559458],
              [100.18612548999795, 0.7580255490559719],
              [100.18612589699791, 0.7580250890559479],
              [100.18612566299787, 0.7580250750559129],
              [100.18612562699792, 0.7580250650559749],
              [100.18499284999791, 0.7577008920559508],
              [100.18302966299787, 0.7571390750559128],
              [100.17862566299786, 0.7566370750559128],
              [100.17862558799794, 0.7566370820559458],
              [100.17441366299786, 0.7570440750559129],
              [100.1705700099979, 0.7577480110559378],
              [100.17056966299786, 0.7577480750559128],
              [100.16893856899793, 0.7582957480559709],
              [100.16831822299793, 0.7585040420559749],
              [100.16660266299786, 0.7590800750559128],
              [100.16195871899794, 0.7608030540559558],
              [100.16195866299786, 0.7608030750559128],
              [100.1599339429979, 0.7615804870559518],
              [100.15855466299786, 0.7621100750559129],
              [100.15647671599794, 0.7627672820559749],
              [100.15595448599794, 0.7629324510559878],
              [100.15390366299786, 0.7635810750559129],
              [100.15390333199792, 0.7635812530559889],
              [100.15186431499791, 0.7646785210559558],
              [100.15085359299792, 0.7652224260559849],
              [100.15012766299786, 0.7656130750559128],
              [100.14640366299786, 0.7674700750559128],
              [100.14640341299793, 0.7674702130559719],
              [100.14622222899794, 0.7675701610559859],
              [100.14345051999794, 0.7690991420559639],
              [100.13989833099794, 0.7710586670559818],
              [100.13834765399793, 0.7719140790559469],
              [100.13573666299786, 0.7729510750559129],
              [100.1345808839979, 0.7733500950559599],
              [100.13452879099793, 0.7733680790559698],
              [100.13313266299787, 0.7738500750559129],
              [100.13144598299795, 0.7743501400559718],
              [100.13029266299786, 0.7746920750559129],
              [100.13029222399791, 0.7746922390559379],
              [100.12721466299786, 0.7758390750559129],
              [100.12585169299791, 0.7764264680559588],
              [100.12498716499795, 0.7767990500559708],
              [100.12446966299787, 0.7770220750559128],
              [100.12307005599791, 0.7780257930559888],
              [100.12306966299786, 0.7780260750559128],
              [100.12299475699791, 0.7781859780559588],
              [100.1224337689979, 0.7793835180559798],
              [100.12238666299785, 0.7794840750559129],
              [100.1222202229979, 0.7797039870559529],
              [100.12172567099793, 0.7803574230559458],
              [100.12127798699794, 0.7809489330559388],
              [100.12106066299786, 0.7812360760559759],
              [100.1199767469979, 0.7814392650559658],
              [100.11954566299787, 0.7815200750559128],
              [100.11906130199793, 0.7815464880559518],
              [100.11865849499793, 0.7812898550559598],
              [100.11807583299793, 0.7811317600559419],
              [100.11759960699794, 0.7811312020559878],
              [100.11660664099793, 0.7809991940559509],
              [100.11631527999793, 0.7809247860559618],
              [100.11561845199793, 0.7807468300559468],
              [100.11356446999793, 0.7800103360559798],
              [100.11121981799795, 0.7787466710559698],
              [100.10908039899795, 0.7778644000559468],
              [100.10700663399791, 0.7777898680559618],
              [100.1054846109979, 0.7781430750559128],
              [100.1046213869979, 0.7785831650559348],
              [100.1041401209979, 0.7788377460559699],
              [100.10331517599792, 0.7792279150559839],
              [100.10237307299792, 0.7796284520559449],
              [100.10180753999794, 0.7799225580559579],
              [100.10129128599795, 0.7802496620559648],
              [100.10101085099791, 0.7804653950559698],
              [100.10042145399791, 0.7809900260559889],
              [100.10009886299792, 0.7813140010559468],
              [100.09863448299791, 0.7825375170559848],
              [100.09677538699793, 0.7839376790559669],
              [100.0947640749979, 0.7855055340559859],
              [100.09332209399793, 0.7867916940559359],
              [100.09175293199792, 0.7880011240559528],
              [100.09150034499794, 0.7880752210559339],
              [100.0914816859979, 0.7881221450559368],
              [100.09090466299786, 0.7883370750559129],
              [100.09061620699794, 0.7883370750559129],
              [100.08981628599793, 0.7883370750559129],
              [100.08914316599794, 0.7883370750559129],
              [100.08866007699794, 0.7883370750559129],
              [100.0882294249979, 0.7883370750559129],
              [100.08787466299786, 0.7883370750559129],
              [100.08702046299794, 0.7881709540559568],
              [100.08637306599792, 0.7880450510559879],
              [100.0858562669979, 0.7879445460559539],
              [100.0852018199979, 0.7878172720559888],
              [100.08410843399793, 0.7876046350559849],
              [100.08376532799792, 0.7875379100559738],
              [100.08342166299786, 0.7874710750559129],
              [100.0834214389979, 0.7874710460559559],
              [100.0809742649979, 0.7868380910559408],
              [100.07895616299794, 0.7864827260559788],
              [100.07768897599794, 0.7863440040559478],
              [100.0768504389979, 0.7865653230559388],
              [100.07572217299793, 0.7871115310559419],
              [100.07453149299795, 0.7876792500559449],
              [100.07442870299792, 0.7877333140559838],
              [100.07307741899791, 0.7884440440559648],
              [100.07270312699791, 0.7887194760559878],
              [100.07248877499791, 0.7888191870559499],
              [100.0718475799979, 0.7891174540559548],
              [100.07159370799792, 0.7892355480559698],
              [100.07001466299786, 0.7899700750559129],
              [100.07001462699793, 0.7899701340559349],
              [100.06931666299786, 0.7911300750559128],
              [100.0692335319979, 0.7913691460559709],
              [100.06875794499791, 0.7927368530559559],
              [100.06855966299786, 0.7933070760559668],
              [100.0683680339979, 0.7947781700559768],
              [100.06829670299794, 0.7953257680559458],
              [100.06829666299787, 0.7953260750559128],
              [100.0680822209979, 0.7962062840559408],
              [100.06807906399791, 0.7962192410559649],
              [100.06803866299786, 0.7963850750559128],
              [100.0672632869979, 0.7974586750559779],
              [100.06725280099795, 0.7974731940559678],
              [100.0670386039979, 0.7977697730559759],
              [100.06677773499791, 0.7981309760559868],
              [100.06619266299786, 0.7989410750559128],
              [100.06534066299785, 0.7999590750559128],
              [100.06448866299786, 0.8009770750559129],
              [100.06233825999794, 0.8026421510559348],
              [100.06112566299787, 0.8035810750559128],
              [100.0611255379979, 0.8035812000559448],
              [100.06111570299794, 0.8035910390559738],
              [100.06049144799795, 0.8042155770559849],
              [100.06020420999795, 0.8045029440559829],
              [100.05951153499791, 0.8051959310559629],
              [100.0594877619979, 0.8052197140559798],
              [100.05890166299785, 0.8058060750559128],
              [100.05809643199791, 0.8064373520559368],
              [100.05771077699791, 0.8067396930559458],
              [100.05764817099794, 0.8067937690559719],
              [100.05764366399791, 0.8067923070559718],
              [100.05745762599793, 0.8069381540559708],
              [100.0572247969979, 0.8071206860559669],
              [100.0567412999979, 0.8074997300559659],
              [100.0562860589979, 0.8078566240559578],
              [100.05626902799793, 0.8078699750559648],
              [100.0560113559979, 0.8079341980559458],
              [100.0552078049979, 0.8081897470559768],
              [100.05464976299794, 0.8083938130559578],
              [100.05427992199793, 0.8086127600559648],
              [100.05390328199792, 0.8088589590559678],
              [100.0535326889979, 0.8094155180559849],
              [100.05321681499794, 0.8099339200559399],
              [100.05283274999795, 0.8104158400559669],
              [100.05243175799791, 0.8108915700559718],
              [100.05200547599793, 0.8113413090559478],
              [100.05125785399792, 0.8118328520559568],
              [100.05024422299795, 0.8124992880559748],
              [100.04992666299786, 0.8127080750559128],
              [100.04749168499791, 0.8135714960559568],
              [100.04703325999793, 0.8137340480559628],
              [100.04668108499794, 0.8138589250559819],
              [100.04668066299786, 0.8138590750559128],
              [100.04580645299791, 0.8144580640559549],
              [100.0455969129979, 0.8146016360559688],
              [100.0454866699979, 0.8146771720559658],
              [100.04328533199794, 0.8161854710559878],
              [100.04326532299791, 0.8161991800559608],
              [100.03992642499793, 0.8184868870559538],
              [100.03988966299787, 0.8185120750559128],
              [100.03988263999793, 0.8185176370559618],
              [100.03948579199795, 0.8188318880559818],
              [100.03843866299786, 0.8196610750559128],
              [100.0369064339979, 0.8198400980559338],
              [100.03611066299786, 0.8199330750559128],
              [100.03479357199791, 0.8204482940559639],
              [100.03402466299787, 0.8207490750559129],
              [100.0333241599979, 0.8213548940559718],
              [100.03224166299786, 0.8222910750559128],
              [100.03082744299792, 0.8236317090559878],
              [100.02933966299786, 0.8250420750559129],
              [100.0279252509979, 0.8268187900559528],
              [100.02686066299786, 0.8281560750559128],
              [100.02514885199793, 0.8300450970559868],
              [100.02471629399793, 0.8305224350559829],
              [100.02453266299786, 0.8307250750559129],
              [100.02378260199794, 0.8308746570559858],
              [100.02278766299786, 0.8310730750559129],
              [100.02278734399795, 0.8310730560559848],
              [100.02096566299787, 0.8309670750559128],
              [100.01839566299786, 0.8313000750559129],
              [100.0175700509979, 0.8319473940559449],
              [100.01707982099794, 0.8323317570559678],
              [100.01685366299786, 0.8325090750559129],
              [100.0158326429979, 0.8334854000559768],
              [100.0146926199979, 0.8345755170559669],
              [100.01466039899793, 0.8346063610559469],
              [100.0143857519979, 0.8349032970559879],
              [100.01198666299786, 0.8374970750559129],
              [100.01187925199793, 0.8376195850559749],
              [100.01124458499794, 0.8383434670559639],
              [100.01121908299791, 0.8383725540559368],
              [100.0107812369979, 0.8388719480559669],
              [100.01005166299787, 0.8397040750559128],
              [100.00928767599794, 0.8400381550559498],
              [100.0085749249979, 0.8402788030559378],
              [100.0082204989979, 0.8403984690559838],
              [100.00721984799793, 0.8407853040559559],
              [100.00655837799792, 0.8410161700559369],
              [100.00626521999794, 0.8411184880559548],
              [100.00551169499795, 0.8412820540559809],
              [100.00472971699793, 0.8414670450559498],
              [100.00379135499793, 0.8416804470559358],
              [100.0035101619979, 0.8417618740559338],
              [100.00288135699793, 0.8419439620559639],
              [100.00199986999792, 0.8421431290559699],
              [100.0012111079979, 0.8420777240559828],
              [100.0005860749979, 0.8417979170559559],
              [100.00016140099791, 0.8415950340559708],
              [99.99978499499792, 0.8414152110559738],
              [99.99901769299794, 0.8412425270559678],
              [99.99857233399791, 0.8412372210559769],
              [99.99790758099795, 0.8412293020559358],
              [99.99679174499789, 0.8412993960559588],
              [99.99583020699794, 0.8414015650559609],
              [99.99482935899795, 0.8415221190559379],
              [99.99408388099795, 0.8414818880559809],
              [99.99348674199791, 0.8416241890559628],
              [99.99279013899792, 0.8417449000559858],
              [99.99266776899793, 0.8417598220559769],
              [99.99209358299794, 0.8418298420559869],
              [99.99145370599791, 0.8420507780559349],
              [99.99095130299793, 0.8422697780559498],
              [99.99063383699792, 0.8423602480559819],
              [99.98939745199795, 0.8425140790559599],
              [99.98904272299791, 0.8426177760559458],
              [99.98886969099794, 0.8426683580559738],
              [99.98843166199794, 0.8427964060559389],
              [99.98763538599792, 0.8430624420559668],
              [99.9874313069979, 0.8431051190559768],
              [99.9869116249979, 0.8432137950559448],
              [99.98659281199792, 0.8432804660559579],
              [99.98553131199793, 0.8434793890559859],
              [99.98449816699792, 0.8437355760559768],
              [99.98353112999791, 0.8441635360559449],
              [99.98290216399795, 0.8446231220559779],
              [99.98233922099791, 0.8449919800559799],
              [99.98224641299794, 0.8450527900559588],
              [99.98223077799793, 0.8450630350559578],
              [99.98213712099795, 0.8452119940559588],
              [99.98213698799793, 0.8452122070559799],
              [99.98212124299795, 0.8452170520559579],
              [99.98211197099795, 0.8452201660559379],
              [99.98210816799792, 0.8452225600559728],
              [99.98210602799793, 0.8452254330559439],
              [99.9821063099979, 0.8452296280559748],
              [99.98211379399794, 0.8452343960559718],
              [99.98211766599792, 0.8452368630559729],
              [99.9821203929979, 0.8452386000559639],
              [99.98199923099793, 0.8454313070559608],
              [99.98199308099794, 0.8454369300559539],
              [99.9820327519979, 0.8455690850559708],
              [99.98203575899794, 0.8456979370559599],
              [99.98202387999794, 0.8458147950559718],
              [99.98199263699792, 0.8459269360559598],
              [99.98171721399791, 0.8460460160559509],
              [99.98148445599793, 0.8461442220559688],
              [99.98126144399794, 0.8462252500559798],
              [99.98108350799794, 0.8462731390559528],
              [99.98089949499791, 0.8463504840559748],
              [99.98073743599792, 0.8464977480559388],
              [99.9806631339979, 0.8466633880559729],
              [99.9806010249979, 0.8468621520559768],
              [99.98050843799791, 0.8470400740559538],
              [99.98038293899793, 0.8471676990559588],
              [99.98027083299792, 0.8472352000559479],
              [99.98018186499792, 0.8472585360559749],
              [99.98004048499791, 0.8472732970559629],
              [99.97985402899792, 0.8473211900559509],
              [99.97970779999793, 0.8474181450559538],
              [99.9795701039979, 0.8475347360559479],
              [99.97947019899794, 0.8476598950559409],
              [99.9793702909979, 0.8477838400559818],
              [99.97922528399795, 0.8479077890559809],
              [99.97905345499794, 0.8479765370559709],
              [99.97897725299794, 0.8479782250559679],
              [99.97888526499793, 0.8479802620559699],
              [99.9787542349979, 0.8479812680559609],
              [99.9787207259979, 0.8479815250559708],
              [99.97854400699794, 0.8480171480559449],
              [99.9783685199979, 0.8480846740559539],
              [99.97818815699793, 0.8481644600559688],
              [99.97801755299793, 0.8482467130559859],
              [99.9778128089979, 0.8482970700559489],
              [99.97767752999795, 0.8482971040559878],
              [99.97747033599791, 0.8483204690559348],
              [99.9773301929979, 0.8483928910559508],
              [99.97723028999792, 0.8485303240559718],
              [99.97717306599793, 0.8487511680559838],
              [99.97713899399793, 0.8489805990559628],
              [99.97708797199795, 0.8491206260559498],
              [99.97706835599791, 0.8491744630559448],
              [99.97698064399793, 0.8493401090559728],
              [99.9768844069979, 0.8495094370559428],
              [99.9767674349979, 0.8496333770559799],
              [99.97662120799794, 0.8497340260559698],
              [99.97645301699794, 0.8497720970559759],
              [99.97620804999792, 0.8497782910559548],
              [99.97603341899793, 0.8497773430559759],
              [99.9759935439979, 0.8497771260559408],
              [99.97599523099791, 0.8497853150559679],
              [99.97599367099792, 0.8497856400559418],
              [99.97585088799792, 0.8498035420559659],
              [99.9757723389979, 0.8497876530559698],
              [99.97530051299793, 0.8496922130559739],
              [99.97496366299787, 0.8496240750559129],
              [99.97431316499791, 0.8492504780559359],
              [99.97422366299786, 0.8491990760559388],
              [99.9737951169979, 0.8487802500559528],
              [99.97369466299786, 0.8486820750559129],
              [99.97316366299786, 0.8485610750559128],
              [99.9727944959979, 0.8487001120559658],
              [99.9726827969979, 0.8487421800559358],
              [99.97231666299786, 0.8488800750559129],
              [99.97185543699794, 0.8490792130559869],
              [99.97176502399793, 0.8491182490559619],
              [99.97083666299787, 0.8495190750559128],
              [99.96920909099794, 0.8500493730559389],
              [99.9684766569979, 0.8502880150559379],
              [99.96724266299786, 0.8506900750559129],
              [99.96666551999795, 0.8509865760559738],
              [99.9665557339979, 0.8510429770559679],
              [99.96606959999792, 0.8514536590559628],
              [99.9657908889979, 0.8517453900559668],
              [99.96555966899791, 0.8519477660559719],
              [99.96507007999793, 0.8523537050559329],
              [99.96481089099791, 0.8526606620559538],
              [99.9645752549979, 0.8530010000559538],
              [99.96439362899793, 0.8533190870559368],
              [99.9642119709979, 0.8536622110559758],
              [99.96400545799793, 0.8539909950559519],
              [99.9639278019979, 0.8541707810559418],
              [99.96383360599793, 0.8543888600559768],
              [99.9634036049979, 0.8549611020559529],
              [99.96325835599794, 0.8551543990559618],
              [99.9632332039979, 0.8551878700559569],
              [99.96278196399794, 0.8557883760559688],
              [99.9624416839979, 0.8562412150559598],
              [99.96237566299786, 0.8563290750559128],
              [99.96204720099792, 0.8569916950559818],
              [99.96101457599792, 0.8590748350559498],
              [99.96099066299786, 0.8591230750559128],
              [99.96084429799794, 0.8593855230559628],
              [99.96060570399794, 0.8598133470559478],
              [99.9603334559979, 0.8603015160559409],
              [99.96023669599793, 0.8604750160559579],
              [99.96023666299786, 0.8604750750559128],
              [99.96000656399792, 0.8612513830559718],
              [99.95987007299794, 0.8617118770559529],
              [99.95971766299786, 0.8622260750559129],
              [99.95968766299787, 0.8633140750559128],
              [99.96014166299786, 0.8644930750559129],
              [99.96022846399791, 0.8657490180559788],
              [99.96029634299794, 0.8667311800559359],
              [99.96035266299786, 0.8675460750559129],
              [99.95955966299786, 0.8687160750559129],
              [99.95955963099794, 0.8687161330559688],
              [99.95886537799794, 0.8699582340559718],
              [99.95884714299791, 0.8699908590559888],
              [99.9582672559979, 0.8710283400559579],
              [99.95823666299786, 0.8710830750559129],
              [99.9577300779979, 0.8716787470559808],
              [99.95651366299786, 0.8731090760559398],
              [99.95421077699791, 0.8753529640559489],
              [99.95421066299787, 0.8753530750559129],
              [99.9535130519979, 0.8763434230559849],
              [99.95291666299786, 0.8771900750559128],
              [99.95272213699792, 0.8776059200559558],
              [99.95261635599792, 0.8778320530559679],
              [99.95182766299786, 0.8795180750559128],
              [99.95078327199792, 0.8802041350559339],
              [99.95076966299786, 0.8802130750559128],
              [99.9472058109979, 0.8811420360559769],
              [99.94720566299786, 0.8811420750559128],
              [99.94491365799792, 0.8823554890559678],
              [99.94336366299787, 0.8831760750559129],
              [99.93838666299786, 0.8829890750559128],
              [99.93838648599791, 0.8829891050559838],
              [99.93676589999791, 0.8832677300559478],
              [99.93630833599792, 0.8833463980559628],
              [99.93592084099794, 0.8834130190559368],
              [99.93494749799794, 0.8835803630559699],
              [99.93483866299786, 0.8835990750559128],
              [99.93406632799793, 0.8836666480559788],
              [99.93349232699791, 0.8837168690559598],
              [99.9325281119979, 0.8838012290559758],
              [99.93185068999793, 0.8838604990559848],
              [99.93178141599793, 0.8838665580559708],
              [99.93073019499792, 0.8839585310559669],
              [99.9305111629979, 0.8839776950559468],
              [99.93033641699793, 0.8839929820559439],
              [99.93013329199795, 0.8840107550559678],
              [99.92989140499793, 0.8840319170559638],
              [99.9295979459979, 0.8840575910559348],
              [99.92922666299786, 0.8840900750559129],
              [99.92874566999791, 0.8840484920559818],
              [99.9282513419979, 0.8840057570559599],
              [99.92789684899793, 0.8839751100559429],
              [99.92683918199793, 0.8840246190559499],
              [99.92581456899791, 0.8839531110559878],
              [99.92565851399792, 0.8839422200559428],
              [99.9247045879979, 0.8837759180559739],
              [99.9238585959979, 0.8837549520559519],
              [99.92339253199793, 0.8836959770559498],
              [99.92270990399794, 0.8836818380559779],
              [99.92207150299794, 0.8836387930559368],
              [99.92146639499794, 0.8836622410559728],
              [99.92092744999792, 0.8837211050559548],
              [99.92037205599792, 0.8837548630559838],
              [99.91974726999791, 0.8837987060559418],
              [99.9189612709979, 0.8838793310559508],
              [99.9182077409979, 0.8837807280559818],
              [99.9173625989979, 0.8837698300559539],
              [99.9160950569979, 0.8840124700559638],
              [99.91541381299794, 0.8842082320559398],
              [99.91448356499791, 0.8846241960559529],
              [99.91358906699793, 0.8848792700559468],
              [99.91278357099793, 0.8850033300559659],
              [99.91227536899794, 0.8853398480559489],
              [99.91220866499793, 0.8853840180559729],
              [99.9116867169979, 0.8860091680559349],
              [99.91114790899792, 0.8866052820559528],
              [99.9108988309979, 0.8868791280559808],
              [99.91035286499795, 0.8871160050559438],
              [99.90954908899795, 0.8872348040559498],
              [99.9087440709979, 0.8873165450559809],
              [99.9080903719979, 0.8874705030559799],
              [99.9078442529979, 0.8875523800559368],
              [99.9075653469979, 0.8876451650559859],
              [99.90677907099791, 0.8880031380559359],
              [99.90607028199793, 0.8881054840559418],
              [99.9059897659979, 0.8881415320559678],
              [99.90540667099793, 0.8884025920559818],
              [99.90471930999792, 0.8887473520559438],
              [99.90383652599792, 0.8891037600559598],
              [99.90320846099792, 0.8893889940559488],
              [99.90280115899793, 0.8896347440559819],
              [99.90259480499793, 0.8897238620559879],
              [99.90239419099794, 0.8898730520559328],
              [99.90226079899793, 0.8899890990559388],
              [99.90201484299791, 0.8901467110559479],
              [99.90174519799791, 0.8903072720559778],
              [99.9015644999979, 0.8904248650559479],
              [99.90141297399794, 0.8904651250559399],
              [99.90043566299786, 0.8907630750559128],
              [99.9003085149979, 0.8908446990559609],
              [99.9003034569979, 0.8908690070559399],
              [99.9002310229979, 0.8912171270559528],
              [99.90025727899791, 0.8915002910559479],
              [99.90032799799792, 0.8917447740559649],
              [99.9004049809979, 0.8919379430559649],
              [99.90041356199794, 0.8919594750559698],
              [99.90053866299786, 0.8921760750559129],
              [99.90053866299786, 0.8927013470559618],
              [99.90053866299786, 0.8931020750559129],
              [99.89969966299786, 0.8941970750559128],
              [99.89834966299786, 0.8951470750559128],
              [99.8982175689979, 0.8952112490559468],
              [99.89798420399791, 0.8953246230559698],
              [99.89729166299786, 0.8956610750559129],
              [99.89594487199793, 0.8957880550559738],
              [99.89568522399793, 0.8958435600559509],
              [99.8951725429979, 0.8958703190559878],
              [99.8946653299979, 0.8957735220559608],
              [99.89435837399793, 0.8955811210559689],
              [99.89413761599792, 0.8954400690559648],
              [99.8938746749979, 0.8953256340559649],
              [99.89379437599791, 0.8952906870559478],
              [99.8935767459979, 0.8953257070559888],
              [99.89350061099793, 0.8953379590559648],
              [99.89312155299791, 0.8954041840559769],
              [99.89260504699791, 0.8955226680559608],
              [99.89206479099795, 0.8956888020559428],
              [99.89151502699792, 0.8958787650559689],
              [99.89094630199793, 0.8960782370559879],
              [99.8905340859979, 0.8961444150559859],
              [99.89024036899792, 0.8961583060559658],
              [99.8899939029979, 0.8962580950559559],
              [99.88965708899792, 0.8966057130559338],
              [99.88925407599794, 0.8968674070559498],
              [99.8888179039979, 0.8971290530559628],
              [99.88842161099791, 0.8973970530559678],
              [99.8883229899979, 0.8976317550559688],
              [99.88826242099793, 0.8980259170559889],
              [99.88816060499789, 0.8983945560559758],
              [99.88783902699794, 0.8988415610559879],
              [99.88737353699793, 0.8991495210559749],
              [99.88713123899794, 0.8992406510559618],
              [99.88689283099791, 0.8992952500559709],
              [99.88654687499792, 0.8994044330559778],
              [99.88621855599791, 0.8996042400559788],
              [99.88531189399794, 0.9001095950559519],
              [99.88403262599792, 0.9003044790559468],
              [99.88333173299793, 0.9005485270559599],
              [99.88279209899792, 0.9007364250559389],
              [99.88193521099794, 0.9012253720559469],
              [99.88073842899792, 0.9017183890559438],
              [99.88008912999794, 0.9020383590559649],
              [99.88004393699794, 0.9023734420559468],
              [99.88008614299792, 0.9026774830559389],
              [99.88014605299793, 0.9030244630559568],
              [99.8801919209979, 0.9033610310559799],
              [99.8802162649979, 0.9036253700559338],
              [99.8801839439979, 0.9038720850559369],
              [99.88010907999791, 0.9040543660559739],
              [99.87995605099792, 0.9042401130559629],
              [99.87963255199793, 0.9043827020559688],
              [99.87926651399795, 0.9044572810559689],
              [99.87892966299786, 0.9045230750559129],
              [99.87530866299787, 0.9059270750559129],
              [99.8748967019979, 0.9060980730559578],
              [99.87479173099791, 0.9061416440559499],
              [99.87471370399794, 0.9061740320559718],
              [99.87471132299794, 0.9061750200559828],
              [99.8742777469979, 0.9063549890559699],
              [99.87411803099792, 0.9063300540559709],
              [99.87367494099794, 0.9062608790559499],
              [99.87229775999793, 0.9065436140559339],
              [99.87192750999793, 0.9066177330559668],
              [99.87158615499794, 0.9066860670559579],
              [99.87024247899791, 0.9066922980559439],
              [99.86912366199795, 0.9064940090559759],
              [99.86816611699794, 0.9062338910559479],
              [99.86730081499792, 0.9058834540559388],
              [99.86652540199793, 0.9057035370559698],
              [99.8659146259979, 0.9054249900559769],
              [99.86515275799792, 0.9049565430559738],
              [99.86452015999794, 0.9042761710559408],
              [99.86401378199793, 0.9035063930559348],
              [99.86387044699791, 0.9033305570559519],
              [99.8637061209979, 0.9031289690559698],
              [99.86327249599793, 0.9026585690559868],
              [99.86268118699792, 0.9020903120559328],
              [99.8621364689979, 0.9014696520559509],
              [99.8617117749979, 0.9009207270559758],
              [99.86135244499792, 0.9004433990559878],
              [99.86118099099792, 0.9001480840559708],
              [99.86083001899794, 0.8996218940559548],
              [99.86050728699792, 0.8992244850559389],
              [99.8602801599979, 0.8990525090559488],
              [99.85986126699794, 0.8988266180559349],
              [99.8593749189979, 0.8985684470559508],
              [99.85890292699793, 0.8982065880559419],
              [99.8585623279979, 0.8978842540559668],
              [99.85817209199791, 0.8974903280559519],
              [99.85776063499793, 0.8970284260559679],
              [99.8575144329979, 0.8969144620559888],
              [99.85688340399793, 0.8967428640559798],
              [99.8560243959979, 0.8964839530559768],
              [99.8552313929979, 0.8961999520559658],
              [99.85459495199791, 0.8960944730559528],
              [99.85364938399795, 0.8960182090559808],
              [99.85303865099792, 0.8959202920559759],
              [99.85246109899794, 0.8956810680559358],
              [99.85201882999792, 0.8953356690559668],
              [99.85195954899791, 0.8952893720559838],
              [99.85141526199794, 0.8949739060559668],
              [99.85078090999792, 0.8947059940559399],
              [99.8505419589979, 0.8945238720559838],
              [99.85028293299791, 0.8943474950559819],
              [99.85013207999793, 0.8942068100559628],
              [99.84988711799792, 0.8940884530559429],
              [99.8496066439979, 0.8939611050559648],
              [99.84923377799794, 0.8938515080559598],
              [99.8489681569979, 0.8938568630559448],
              [99.8479296789979, 0.8939529960559438],
              [99.84622207499791, 0.8939408160559449],
              [99.8451269019979, 0.8938021840559859],
              [99.84430464599791, 0.8936327030559849],
              [99.84355261599791, 0.8933231490559739],
              [99.8427724209979, 0.8931677820559828],
              [99.84188949499793, 0.8928618700559379],
              [99.84129974199794, 0.8927241870559468],
              [99.8403625719979, 0.8923222510559439],
              [99.83980377699794, 0.8922005940559788],
              [99.83926748699793, 0.8921965960559678],
              [99.8385537029979, 0.8920222600559808],
              [99.83834266299786, 0.8919420750559128],
              [99.83799532199794, 0.8916855900559568],
              [99.8374002849979, 0.8912462020559389],
              [99.83637766299786, 0.8904910750559129],
              [99.83556712899792, 0.8894747260559508],
              [99.83506248199791, 0.8888419360559539],
              [99.8348379129979, 0.8885603450559788],
              [99.83459542099791, 0.8882562800559558],
              [99.83459366299786, 0.8882540750559128],
              [99.83437838999794, 0.8879033530559608],
              [99.83409560199794, 0.8874426360559509],
              [99.83390016599793, 0.8871242320559678],
              [99.83360323099794, 0.8866404690559339],
              [99.83328462899794, 0.8861214050559878],
              [99.83307030499793, 0.8857722310559808],
              [99.8327964749979, 0.8853261110559888],
              [99.83257686899793, 0.8849683330559659],
              [99.83223684699794, 0.8844143740559648],
              [99.83223666299786, 0.8844140750559129],
              [99.8322305299979, 0.8843995670559508],
              [99.83160766299787, 0.8829260750559128],
              [99.83156279899794, 0.8828166100559689],
              [99.83128390399793, 0.8821361270559719],
              [99.83115589099793, 0.8818237850559428],
              [99.83114741099791, 0.8818030930559788],
              [99.83102966399792, 0.8815158010559828],
              [99.83081672399794, 0.8809962460559428],
              [99.83060066299787, 0.8804690750559129],
              [99.8305674589979, 0.8802373330559728],
              [99.8305529949979, 0.8801363850559628],
              [99.83045566299786, 0.8794570750559129],
              [99.83056962699794, 0.8780255230559678],
              [99.83056966299786, 0.8780250750559129],
              [99.83107752899792, 0.8766864430559879],
              [99.8317477579979, 0.8749198400559668],
              [99.83224466299787, 0.8736100750559128],
              [99.83224519999794, 0.8736082870559728],
              [99.83268981099792, 0.8724362520559479],
              [99.83299305099791, 0.8716371530559428],
              [99.83348875199795, 0.8703308690559338],
              [99.83362566299786, 0.8699700760559639],
              [99.83428430099792, 0.8684403540559769],
              [99.8346063009979, 0.8676924870559478],
              [99.8347195109979, 0.8674295500559448],
              [99.8347219669979, 0.8674238450559668],
              [99.83480596799791, 0.8672287470559609],
              [99.83496798099793, 0.8668524580559879],
              [99.83516505699794, 0.8663947340559869],
              [99.83552743399792, 0.8655530820559678],
              [99.83597626899791, 0.8645106170559559],
              [99.8361205849979, 0.8641754260559789],
              [99.8361551029979, 0.8638921780559629],
              [99.83642413899793, 0.8626652680559489],
              [99.8365997819979, 0.8615328320559709],
              [99.83672538599791, 0.8605555230559648],
              [99.83693940099795, 0.8599121370559858],
              [99.83723174199793, 0.8591401210559438],
              [99.8375810269979, 0.8582895110559579],
              [99.8379939869979, 0.8576392410559639],
              [99.83859902799793, 0.8568032800559569],
              [99.83861535699793, 0.8567551790559519],
              [99.8388344209979, 0.8561098560559368],
              [99.83885647399791, 0.8555591810559379],
              [99.83885872399793, 0.8554845320559399],
              [99.83887134499793, 0.8550657130559358],
              [99.8389643409979, 0.8545938060559738],
              [99.8392632159979, 0.8542437630559478],
              [99.83983086799793, 0.8537446640559808],
              [99.84006705199795, 0.8535202310559529],
              [99.84035380099795, 0.8532867510559329],
              [99.84060290299794, 0.8531088230559618],
              [99.84066672199793, 0.8528997880559498],
              [99.84076543699791, 0.8525764560559569],
              [99.84080066299786, 0.8524610750559128],
              [99.84089334099792, 0.8517383640559758],
              [99.84084336299793, 0.8514751310559778],
              [99.8408589159979, 0.8502860730559548],
              [99.84094066599795, 0.8493861240559828],
              [99.8410807339979, 0.8484422380559669],
              [99.84105717699794, 0.8481294620559798],
              [99.84102412699792, 0.8476906490559628],
              [99.84087172099794, 0.8471712740559528],
              [99.84075370299792, 0.8468707300559828],
              [99.84064982399792, 0.8463814870559788],
              [99.84066972699793, 0.8459027100559668],
              [99.84067968599794, 0.8455355860559879],
              [99.8407300869979, 0.8450789590559818],
              [99.8408844199979, 0.8447348330559659],
              [99.8410737409979, 0.8445080050559708],
              [99.84123676399793, 0.8441099790559439],
              [99.84128576999791, 0.8439541610559469],
              [99.84136957099793, 0.8436877100559879],
              [99.84149454099793, 0.8432273510559438],
              [99.84155780699791, 0.8406096750559439],
              [99.84154191699793, 0.8405219650559418],
              [99.84155905899792, 0.8405578550559338],
              [99.84167738799795, 0.8356606250559508],
              [99.84168065199793, 0.8355255510559378],
              [99.84168066299786, 0.8355250750559129],
              [99.84137366299787, 0.8328320750559128],
              [99.8412422699979, 0.8322776430559459],
              [99.84123532299793, 0.8322483290559859],
              [99.84116882399792, 0.8319677280559429],
              [99.84106290099794, 0.8315207750559498],
              [99.84094566299787, 0.8310260750559129],
              [99.8409425629979, 0.8310159940559888],
              [99.84075598699792, 0.8304092830559429],
              [99.8406637209979, 0.8301092500559688],
              [99.84061302999794, 0.8299444120559798],
              [99.84052355599795, 0.8296534600559798],
              [99.84042937099792, 0.8293471880559339],
              [99.84031608399795, 0.8292444230559819],
              [99.84023834599793, 0.8291739050559529],
              [99.83998765199794, 0.8289213910559429],
              [99.83981944199792, 0.8287406170559418],
              [99.83974932799794, 0.8286652670559679],
              [99.83958010599792, 0.8284452070559638],
              [99.8395749799979, 0.8284385410559738],
              [99.83943669899793, 0.8282587180559768],
              [99.83928073699792, 0.8280583660559419],
              [99.83904658099794, 0.8277575650559609],
              [99.83899065399794, 0.8277064950559778],
              [99.8387982039979, 0.8275307580559709],
              [99.83870100199795, 0.8274713610559419],
              [99.83857339399793, 0.8273933830559629],
              [99.83854844499791, 0.8273757540559499],
              [99.83845508799794, 0.8273097880559849],
              [99.83826773199792, 0.8271175190559599],
              [99.83816891199791, 0.8270161080559578],
              [99.83806991399791, 0.8269145130559679],
              [99.83806991699794, 0.8269143240559769],
              [99.83806992799794, 0.8269136700559588],
              [99.8380699319979, 0.8269134330559639],
              [99.83806993299794, 0.8269133510559779],
              [99.83806995599792, 0.8269119540559728],
              [99.83807001299795, 0.8269084760559768],
              [99.83807024599793, 0.8268943260559498],
              [99.83807024699792, 0.8268942880559539],
              [99.83807114499791, 0.8268397070559819],
              [99.83807212899791, 0.8267799240559408],
              [99.8380711189979, 0.8267574390559529],
              [99.83807055799792, 0.8267449420559528],
              [99.83806844599792, 0.8266979090559659],
              [99.8380666739979, 0.8266025470559408],
              [99.83806296199793, 0.8265434190559658],
              [99.83806310699794, 0.8264308940559458],
              [99.8380613209979, 0.8263469750559839],
              [99.83806088099794, 0.8263359920559449],
              [99.83805765099794, 0.8262554250559478],
              [99.83805771999795, 0.8262020230559558],
              [99.83805593099794, 0.8261200110559488],
              [99.83805031599792, 0.8260666020559738],
              [99.83804658899794, 0.8260189170559469],
              [99.83804722899794, 0.8260009270559439],
              [99.8380485549979, 0.8259636110559678],
              [99.83803915799791, 0.8259044760559529],
              [99.8380350309979, 0.8258652150559699],
              [99.83803354399794, 0.8258510670559789],
              [99.83802792399791, 0.8258014720559719],
              [99.83802418099793, 0.8257652310559398],
              [99.83801505499792, 0.8256928230559448],
              [99.83801007299792, 0.8256852790559749],
              [99.83800630599791, 0.8256681090559398],
              [99.8379897729979, 0.8256484550559688],
              [99.8379877469979, 0.8256236280559649],
              [99.83798745399793, 0.8256200370559699],
              [99.83798509899793, 0.8255911660559858],
              [99.83798254599793, 0.8255598690559648],
              [99.83799030599795, 0.8255133710559478],
              [99.83799166799793, 0.8255052100559649],
              [99.83800044699791, 0.8254526110559508],
              [99.83801201099794, 0.8254410000559599],
              [99.83804787399794, 0.8254049930559548],
              [99.8380776009979, 0.8253096720559508],
              [99.83815478599792, 0.8251428930559679],
              [99.83826151199793, 0.8250238330559369],
              [99.83826847999791, 0.8250131100559348],
              [99.83827166699791, 0.8250082040559759],
              [99.83835049999794, 0.8248868690559589],
              [99.83843162699793, 0.8247761360559739],
              [99.8384885459979, 0.8247142260559739],
              [99.83852652499792, 0.8246475240559479],
              [99.83857397099791, 0.8245856020559619],
              [99.8386308839979, 0.8245284610559478],
              [99.83864264699793, 0.8245065390559748],
              [99.8386577269979, 0.8244784340559619],
              [99.83866411999793, 0.8244665200559358],
              [99.8386878639979, 0.8244188710559829],
              [99.8386832259979, 0.8243425770559868],
              [99.83866122199794, 0.8242721150559329],
              [99.83865492399792, 0.8242519490559769],
              [99.83862157199792, 0.8241958270559878],
              [99.8385840289979, 0.8241326550559759],
              [99.83852734999795, 0.8240086140559838],
              [99.8384749639979, 0.8238612130559348],
              [99.8384731259979, 0.8238561590559499],
              [99.83843618699791, 0.8237545760559468],
              [99.83843437399793, 0.8237495890559359],
              [99.83843442199793, 0.8237503740559329],
              [99.8384163489979, 0.8237060080559359],
              [99.8384153589979, 0.8237035760559619],
              [99.8384070169979, 0.8236830970559619],
              [99.8384001639979, 0.8236662740559528],
              [99.83839276399794, 0.8236481070559448],
              [99.83822166299787, 0.8232280750559129],
              [99.83822166299787, 0.8231563200559578],
              [99.8382216639979, 0.8226341010559538],
              [99.8382216639979, 0.8226283770559488],
              [99.8382216639979, 0.8224248800559768],
              [99.8382216639979, 0.8223819010559769],
              [99.8382216639979, 0.8219093860559639],
              [99.8382216639979, 0.8219036450559688],
              [99.83822166299787, 0.8211720750559128],
              [99.83824354499791, 0.8211063640559498],
              [99.8382441159979, 0.8211046490559538],
              [99.83847852799789, 0.8204007070559809],
              [99.83848195199795, 0.8203904250559758],
              [99.83855366299787, 0.8201750750559128],
              [99.83901942199793, 0.8196442650559699],
              [99.83902258099795, 0.8196406640559668],
              [99.83961812499791, 0.8189619420559349],
              [99.83964750199794, 0.8189284610559329],
              [99.84019095899794, 0.8183090970559448],
              [99.84041560499793, 0.8181018400559449],
              [99.8404689599979, 0.8180482690559788],
              [99.84050453499793, 0.8180089790559608],
              [99.84054367099793, 0.8179625420559798],
              [99.84056856999791, 0.8179375420559869],
              [99.8405792729979, 0.8179017960559488],
              [99.84057931799794, 0.8178664940559348],
              [99.84057933299795, 0.8178553080559399],
              [99.84056657599791, 0.8177482140559529],
              [99.84059998599793, 0.8176517670559779],
              [99.84063790299791, 0.8176327440559849],
              [99.84069479699792, 0.8175899050559818],
              [99.84078484099791, 0.8175518780559659],
              [99.8408270199979, 0.8175338140559488],
              [99.84085119099791, 0.8175224020559568],
              [99.84089341399795, 0.8175085270559779],
              [99.84089963299795, 0.8175014400559488],
              [99.84093066299786, 0.8174660750559128],
              [99.84170003299795, 0.8171868530559578],
              [99.84174924399792, 0.8171689940559328],
              [99.84258666299786, 0.8168650760559468],
              [99.84378466299786, 0.8155300750559128],
              [99.84454766299787, 0.8142290750559128],
              [99.84487566299786, 0.8124270750559128],
              [99.8448745049979, 0.8124084040559438],
              [99.84484466299786, 0.8119270750559129],
              [99.84470766299786, 0.8113600750559128],
              [99.84480666299787, 0.8106930750559128],
              [99.84526466299786, 0.8094430750559128],
              [99.84538521599791, 0.8084888980559558],
              [99.84538725799791, 0.8084727350559578],
              [99.8455332669979, 0.8073170640559648],
              [99.84554781299789, 0.8072019310559568],
              [99.8456099319979, 0.8070600650559778],
              [99.84565264299795, 0.8069957510559358],
              [99.84570601499792, 0.8069278750559339],
              [99.84576837699791, 0.8068812230559529],
              [99.84591760699794, 0.8068599570559768],
              [99.8460526009979, 0.8068601300559668],
              [99.84624439699792, 0.8068889830559698],
              [99.84637226799794, 0.8069034510559878],
              [99.84647555199791, 0.8069200270559378],
              [99.84651068599794, 0.8069046730559678],
              [99.84657834699794, 0.8068751060559548],
              [99.84661396999792, 0.8067964790559619],
              [99.84663541099792, 0.8066963770559848],
              [99.84665689799795, 0.8065605140559599],
              [99.84668106999794, 0.8063589350559398],
              [99.84661475499792, 0.8061742470559499],
              [99.84654390399794, 0.8060168110559548],
              [99.84641629499794, 0.8057949330559638],
              [99.84633829399792, 0.8056732480559529],
              [99.84621068499791, 0.8054513700559628],
              [99.8461681639979, 0.8053654910559799],
              [99.84611856399795, 0.8052581460559769],
              [99.8460689829979, 0.8051364970559829],
              [99.84601940199792, 0.8050148480559328],
              [99.8459698299979, 0.8048860470559729],
              [99.84593440399794, 0.8048073290559759],
              [99.84583519599789, 0.8045997920559809],
              [99.8457927649979, 0.8044423920559468],
              [99.8457503869979, 0.8042420800559429],
              [99.8457008779979, 0.8040632150559328],
              [99.84562304799795, 0.8038056410559449],
              [99.84555225899794, 0.8035981400559679],
              [99.84546013799792, 0.8034049160559819],
              [99.84542942799794, 0.8033433690559518],
              [99.84540485299794, 0.8032994720559399],
              [99.84539162099793, 0.8032746610559368],
              [99.84537460999792, 0.8032422170559388],
              [99.8453670649979, 0.8032155060559628],
              [99.8453638189979, 0.8032073370559518],
              [99.84536175299792, 0.8032025660559868],
              [99.84535998299793, 0.8031974980559798],
              [99.84535761999791, 0.8031936200559499],
              [99.84535466599795, 0.8031879550559469],
              [99.84535171099793, 0.8031837790559418],
              [99.84534846299795, 0.8031775170559429],
              [99.84534521299793, 0.8031718510559498],
              [99.84534196199792, 0.8031673760559809],
              [99.8453387119979, 0.8031626040559698],
              [99.84533605399793, 0.8031578330559488],
              [99.8453316539979, 0.8031512340559889],
              [99.84530434699792, 0.8031075090559768],
              [99.84531970699794, 0.8030836870559739],
              [99.84527048899793, 0.8028054250559788],
              [99.84501466299785, 0.8013590750559129],
              [99.84501455999794, 0.8013586230559469],
              [99.84456966299786, 0.7994060750559129],
              [99.84435766299787, 0.7976830750559128],
              [99.84463066299786, 0.7968370750559128],
              [99.84553666299786, 0.7954760750559129],
              [99.84565859299789, 0.7953453260559659],
              [99.84571195399792, 0.7952857920559638],
              [99.84578304799794, 0.7952501210559858],
              [99.84593711999793, 0.7951430340559829],
              [99.84605560199793, 0.7950895430559658],
              [99.8462629689979, 0.7949765630559829],
              [99.8464229849979, 0.7948516020559429],
              [99.84664818799791, 0.7946790440559679],
              [99.84690892999794, 0.7944946100559629],
              [99.8472053899979, 0.7941552580559379],
              [99.84748981799794, 0.7938587700559339],
              [99.8477448849979, 0.7935865490559448],
              [99.84804833599793, 0.7933389920559788],
              [99.8483707559979, 0.7930723840559748],
              [99.84869319999791, 0.7927867040559848],
              [99.8490535609979, 0.7924819990559658],
              [99.84928120199794, 0.7922534170559888],
              [99.84947092599793, 0.7920438590559369],
              [99.8496038109979, 0.7918342300559549],
              [99.8497557369979, 0.7915483350559639],
              [99.84985086999791, 0.7912242250559558],
              [99.8498604269979, 0.7911751140559459],
              [99.8498794719979, 0.7910772440559558],
              [99.84986783699793, 0.7909103470559699],
              [99.84979496699793, 0.7907339710559569],
              [99.8497655739979, 0.7906628290559329],
              [99.84961926099794, 0.7903919590559808],
              [99.8494671019979, 0.7901328680559488],
              [99.8493120049979, 0.7898413920559758],
              [99.84921836999791, 0.7896853460559469],
              [99.84909839899791, 0.7894674710559708],
              [99.8489755039979, 0.7892761050559468],
              [99.84889357699791, 0.7891553890559778],
              [99.84878238699793, 0.7889875760559588],
              [99.84867998099793, 0.7888815920559439],
              [99.8486126929979, 0.7888079870559328],
              [99.84842836899793, 0.7886342990559708],
              [99.84833182899791, 0.7885607020559888],
              [99.8482089509979, 0.7884488320559768],
              [99.8481118609979, 0.7883719830559388],
              [99.8479895249979, 0.7882751520559879],
              [99.8477847349979, 0.7881220770559738],
              [99.84760919799794, 0.7879807740559528],
              [99.84740733899793, 0.7878365260559829],
              [99.84715574399792, 0.7876716810559539],
              [99.8469070679979, 0.7875009480559498],
              [99.84659696599795, 0.7873155070559649],
              [99.8464126649979, 0.7872065910559768],
              [99.84622834799791, 0.7870652900559348],
              [99.8460498649979, 0.7867973750559398],
              [99.84595913799791, 0.7865794940559708],
              [99.84595398099793, 0.7865370880559368],
              [99.84592691199794, 0.7863144900559429],
              [99.84586250699795, 0.7860583210559329],
              [99.84580395999791, 0.7858316040559569],
              [99.84574753799791, 0.7857038850559799],
              [99.84573372299792, 0.7856726120559329],
              [99.84562544699793, 0.7854635660559809],
              [99.84553474199794, 0.7853134160559558],
              [99.8454979689979, 0.7852804260559338],
              [99.84512159799795, 0.7849427730559598],
              [99.84488838299791, 0.7847459550559538],
              [99.84462131499794, 0.7845415710559819],
              [99.8444068959979, 0.7842841750559868],
              [99.84415859699794, 0.7838791410559478],
              [99.84407367599795, 0.7837885670559358],
              [99.8440382109979, 0.7837408430559808],
              [99.84399091799793, 0.7836811830559468],
              [99.8439465929979, 0.7836155680559639],
              [99.84390325499794, 0.7835811850559509],
              [99.8438878749979, 0.7835582350559348],
              [99.84388007699795, 0.7835439210559368],
              [99.84387156999793, 0.7835281760559528],
              [99.84387083999792, 0.7835266350559349],
              [99.84386377499794, 0.7835117160559688],
              [99.84385243499793, 0.7834888160559358],
              [99.8438446389979, 0.7834730710559509],
              [99.84383400499792, 0.7834544630559468],
              [99.84382124899793, 0.7834272690559628],
              [99.84380920199794, 0.7834022220559549],
              [99.84379785799791, 0.7833828980559618],
              [99.84378273699792, 0.7833533170559829],
              [99.84375248399795, 0.7833036920559519],
              [99.8437222379979, 0.7832483440559629],
              [99.84370712999794, 0.7832082740559518],
              [99.84367687899794, 0.7831567420559649],
              [99.84364475699795, 0.7830861350559668],
              [99.84358867899795, 0.7829798970559668],
              [99.8435414309979, 0.7828844770559868],
              [99.84350088599791, 0.7828071850559728],
              [99.84347394099791, 0.7827628090559668],
              [99.8434441689979, 0.7827069860559418],
              [99.8434158269979, 0.7826440120559398],
              [99.84337755199795, 0.7825695830559458],
              [99.8433568729979, 0.7825144390559589],
              [99.84332379299792, 0.7824524140559819],
              [99.84329073099792, 0.7823760840559688],
              [99.84325767399793, 0.7822949860559588],
              [99.84323405599793, 0.7822425100559518],
              [99.84321563499793, 0.7821995730559619],
              [99.84319438599795, 0.7821466220559758],
              [99.8431717189979, 0.7820908080559689],
              [99.84315047199794, 0.7820349950559519],
              [99.84313063999792, 0.7819849060559388],
              [99.8431122269979, 0.7819362500559488],
              [99.84310231199794, 0.7819104900559778],
              [99.8430895599979, 0.7818804350559528],
              [99.84308188799793, 0.7818595670559748],
              [99.8430742149979, 0.7818398880559838],
              [99.84307068099793, 0.7818255800559798],
              [99.8430665549979, 0.7818100780559828],
              [99.84306419999791, 0.7817993470559519],
              [99.84305948599791, 0.7817808650559779],
              [99.84305654299794, 0.7817665580559638],
              [99.84305182899794, 0.7817480760559339],
              [99.8430483009979, 0.7817284030559368],
              [99.84304536599791, 0.7817075390559718],
              [99.84304598699794, 0.7816837000559789],
              [99.84304305199794, 0.7816634320559639],
              [99.8430418939979, 0.7816413780559659],
              [99.84304014399794, 0.7816199210559629],
              [99.84303839699794, 0.7815960780559549],
              [99.8430319399979, 0.7815505350559558],
              [99.84302968599792, 0.7815111220559888],
              [99.84302904199791, 0.7814998710559419],
              [99.84302319799792, 0.7814372840559398],
              [99.84301735399794, 0.7813746960559489],
              [99.8430203829979, 0.7813180790559638],
              [99.84301734299794, 0.7812862480559628],
              [99.84301523099793, 0.7812705110559508],
              [99.84301170099792, 0.7812519120559639],
              [99.8430102999979, 0.7812361750559519],
              [99.84300961299795, 0.7812168640559348],
              [99.84300680999792, 0.7811846770559469],
              [99.84300684299791, 0.7811574980559759],
              [99.84300687499791, 0.7811317510559799],
              [99.84300548199792, 0.7811088630559339],
              [99.84300338599792, 0.7810795370559869],
              [99.84300439199791, 0.7810313810559388],
              [99.84300635199793, 0.7809779810559828],
              [99.84300833099792, 0.7809093240559408],
              [99.84301413099791, 0.7808139700559449],
              [99.84301611699794, 0.7807395920559799],
              [99.8430199969979, 0.7806652160559369],
              [99.84302204299792, 0.7805412490559579],
              [99.84301841199795, 0.7804115530559699],
              [99.84302616299794, 0.7802704290559889],
              [99.84303014299792, 0.7801140420559849],
              [99.8430397719979, 0.7799862710559329],
              [99.84305133999794, 0.7798222650559549],
              [99.84306476799793, 0.7796868690559369],
              [99.84308386699792, 0.7795610170559398],
              [99.84310489199794, 0.7794103740559568],
              [99.84313165199791, 0.7792177770559339],
              [99.84315076799794, 0.7790785740559868],
              [99.84324824699792, 0.7786044930559368],
              [99.84342641299793, 0.7781577090559748],
              [99.84381212799792, 0.7774429790559478],
              [99.84399040199793, 0.7769067930559719],
              [99.8442274829979, 0.7766984830559669],
              [99.84437909899793, 0.7764477950559718],
              [99.84473175599794, 0.7758646970559798],
              [99.84485074899794, 0.7753880370559758],
              [99.84482168699793, 0.7749409970559359],
              [99.84473664299793, 0.7744144820559459],
              [99.84472409899792, 0.7735287870559798],
              [99.84472174999792, 0.7733629620559699],
              [99.84488882599794, 0.7722903560559329],
              [99.84522078899795, 0.7719569980559559],
              [99.84552903999793, 0.7716474520559728],
              [99.8458373189979, 0.7713140650559609],
              [99.84614579999794, 0.7708137960559749],
              [99.84640671299792, 0.7704803500559618],
              [99.84673887599791, 0.7699801100559538],
              [99.84697662299794, 0.7692175080559448],
              [99.8471668879979, 0.7685502100559488],
              [99.8474518849979, 0.7678830280559769],
              [99.84783152599795, 0.7672874800559408],
              [99.84799807799794, 0.7666439930559509],
              [99.84814080399792, 0.7661196780559438],
              [99.8483164849979, 0.7655252310559748],
              [99.84830772499794, 0.7651662650559529],
              [99.84826121399794, 0.7644509980559778],
              [99.84819099199791, 0.7637595410559609],
              [99.84790765099791, 0.7630439880559409],
              [99.84752892399791, 0.7628766470559328],
              [99.84703181199791, 0.7626853240559659],
              [99.84698065499794, 0.7625820200559729],
              [99.8468900559979, 0.7623990680559839],
              [99.84681968899793, 0.7618268150559548],
              [99.84658328699794, 0.7614689250559789],
              [99.84629963199791, 0.7610156170559459],
              [99.84580297499792, 0.7604428510559419],
              [99.84518804499794, 0.7597507420559428],
              [99.84412283199794, 0.7593203350559888],
              [99.84319968899791, 0.7589139410559509],
              [99.8425367729979, 0.7587462620559369],
              [99.84185025899791, 0.7585070340559379],
              [99.8411399509979, 0.7583631390559868],
              [99.84056992699794, 0.7583033740559838],
              [99.84009797499795, 0.7583142050559818],
              [99.83952945199792, 0.7584327220559568],
              [99.83911081999793, 0.7585426870559359],
              [99.83877479799793, 0.7586309520559809],
              [99.83863169599795, 0.7586340560559538],
              [99.83761666299786, 0.7586560750559128],
              [99.8369068269979, 0.7585138390559368],
              [99.83599175999791, 0.7583304800559888],
              [99.83550066299786, 0.7582320750559128],
              [99.83444566299787, 0.7571300750559129],
              [99.8340533629979, 0.7565852330559578],
              [99.8336527069979, 0.7560287860559498],
              [99.83331666299786, 0.7555620750559129],
              [99.83324766299786, 0.7544950750559128],
              [99.83306966299786, 0.7527480750559128],
              [99.8330697269979, 0.7527478010559459],
              [99.83335466299786, 0.7515210750559128],
              [99.83308121699793, 0.7496094140559678],
              [99.83302166299787, 0.7491930750559128],
              [99.83196366299786, 0.7463210750559128],
              [99.83084766899793, 0.7449700820559568],
              [99.82866866299786, 0.7431770750559128],
              [99.82865649899793, 0.7431648230559769],
              [99.82836779799794, 0.7428740350559478],
              [99.82686966299786, 0.7413650750559129],
              [99.82682034099793, 0.7412128750559789],
              [99.82631066299786, 0.7396400760559488],
              [99.8262670349979, 0.7392186910559668],
              [99.82614517999792, 0.7380417490559379],
              [99.8259694769979, 0.7378333240559558],
              [99.82583707999794, 0.7376424520559368],
              [99.82572369399793, 0.7373943880559328],
              [99.82557248299793, 0.7370890650559688],
              [99.82542111699792, 0.7369172430559419],
              [99.8252319489979, 0.7366690910559588],
              [99.82508064999791, 0.7364400530559718],
              [99.82500023099794, 0.7363541370559828],
              [99.82495293899791, 0.7362920990559728],
              [99.82491036599794, 0.7362443700559569],
              [99.82486779999795, 0.7361918730559438],
              [99.82482522699792, 0.7361441440559848],
              [99.82473665099792, 0.7360811760559759],
              [99.82470186899792, 0.7359866590559389],
              [99.82467832499793, 0.7358674340559478],
              [99.82474956299791, 0.7357006410559418],
              [99.8248562969979, 0.7355577290559409],
              [99.82497495399792, 0.7353433120559458],
              [99.82505796399795, 0.7352361320559598],
              [99.8251766069979, 0.7350336350559838],
              [99.82528339599793, 0.7348430440559498],
              [99.82542580299793, 0.7345690560559458],
              [99.8268858059979, 0.7314716170559589],
              [99.82704032699792, 0.7309592460559459],
              [99.82709977799794, 0.7307447590559518],
              [99.82714750999793, 0.7304229800559628],
              [99.82715832799789, 0.7303706500559458],
              [99.8272189519979, 0.7300773890559779],
              [99.82731428099794, 0.7295530290559359],
              [99.8274096219979, 0.7290167480559409],
              [99.82749325899795, 0.7283612570559659],
              [99.82752946299792, 0.7277653090559538],
              [99.82758951099794, 0.7270263500559648],
              [99.82759005499793, 0.7265495590559818],
              [99.82754316699794, 0.7261323120559529],
              [99.8275144359979, 0.7255255590559528],
              [99.8274567019979, 0.7251154530559488],
              [99.82745710899792, 0.7247578610559489],
              [99.82763498099791, 0.7245315890559848],
              [99.82786047299794, 0.7240788960559859],
              [99.82803866999791, 0.7235665490559459],
              [99.82837102899794, 0.7228517430559829],
              [99.82870356199794, 0.7219819780559789],
              [99.82882241699792, 0.7215887600559798],
              [99.8288701449979, 0.7212669800559438],
              [99.82888287599792, 0.7204802860559458],
              [99.8288834419979, 0.7199796540559329],
              [99.82890833499795, 0.7189068980559479],
              [99.82889305999794, 0.7185825330559649],
              [99.8288505139979, 0.7176790900559379],
              [99.82889881599795, 0.7168447580559838],
              [99.82890326199794, 0.7163589120559808],
              [99.82904163199794, 0.7162012500559879],
              [99.82921940699794, 0.7160584140559788],
              [99.82938532699791, 0.7159274850559568],
              [99.82958678399791, 0.7157846760559469],
              [99.82972903699795, 0.7156418000559629],
              [99.82983579299793, 0.7154750430559749],
              [99.8300372359979, 0.7153441540559838],
              [99.83033339399793, 0.7152252930559508],
              [99.83067704999792, 0.7149872860559439],
              [99.8310324129979, 0.7148684910559528],
              [99.83143528799792, 0.7146186320559449],
              [99.83169619099795, 0.7144761250559808],
              [99.83185662199793, 0.7143102030559728],
              [99.83232666299786, 0.7138240750559128],
              [99.83519866299787, 0.7108000750559128],
              [99.83529266299786, 0.7088590750559128],
              [99.83529265199792, 0.7088588550559648],
              [99.83526135599794, 0.7082440100559348],
              [99.83516266299786, 0.7063050750559129],
              [99.83511160699794, 0.7061145890559859],
              [99.83454974299792, 0.7040183000559779],
              [99.83398439199794, 0.7019089980559698],
              [99.83392866299786, 0.7017010750559128],
              [99.8336066739979, 0.7011623490559629],
              [99.83205400699791, 0.6985645570559459],
              [99.83104376699794, 0.6968743060559889],
              [99.83062456299791, 0.6961729280559579],
              [99.83056977699795, 0.6960812650559799],
              [99.83056966299786, 0.6960810750559129],
              [99.83059474199791, 0.6960591560559378],
              [99.83093466299786, 0.6957620750559128],
              [99.83224930899792, 0.6946117600559348],
              [99.83501440899795, 0.6921922970559679],
              [99.83501466299786, 0.6921920750559128],
              [99.83731866299786, 0.6911430750559129],
              [99.83754118799794, 0.6910418130559749],
              [99.84029062999792, 0.6897906510559578],
              [99.84279220899793, 0.6886522820559688],
              [99.84294769499792, 0.6885387210559348],
              [99.8430837019979, 0.6884393860559759],
              [99.84669661699792, 0.6857990890559479],
              [99.84857123099795, 0.6844291330559858],
              [99.84904066299787, 0.6840860750559128],
              [99.85029221899794, 0.6835812540559378],
              [99.85029266299786, 0.6835810750559128],
              [99.8509447919979, 0.6835629600559658],
              [99.85338866299786, 0.6834950750559129],
              [99.85634653299792, 0.6835528350559489],
              [99.8577922049979, 0.6835810660559358],
              [99.85779266299787, 0.6835810750559128],
              [99.8594435639979, 0.6839367680559718],
              [99.86106129699795, 0.6842853150559588],
              [99.86166230699791, 0.6844148040559759],
              [99.86423447699792, 0.6849689860559498],
              [99.86427666299787, 0.6849780750559128],
              [99.86593063599793, 0.6855456820559458],
              [99.86668066299787, 0.6858030750559129],
              [99.8666811479979, 0.6858032140559799],
              [99.86792998699792, 0.6861615020559528],
              [99.86804318899794, 0.6861939800559328],
              [99.86951677799794, 0.6866167470559649],
              [99.87103048399791, 0.6870510240559748],
              [99.87103066299787, 0.6870510750559129],
              [99.87266266099795, 0.6872041400559539],
              [99.88046666299786, 0.6879360750559128],
              [99.88046706199793, 0.6879361480559538],
              [99.88110000899792, 0.6880522220559588],
              [99.88417466299786, 0.6886160750559128],
              [99.88636366299787, 0.6886750750559129],
              [99.88791051199792, 0.6874545900559639],
              [99.88848644799793, 0.6870001680559459],
              [99.88876666299787, 0.6867790750559128],
              [99.89072043299791, 0.6834527950559418],
              [99.89074310899792, 0.6834141890559668],
              [99.89097166299786, 0.6830250750559128],
              [99.89098212799792, 0.6829955720559868],
              [99.89109311299791, 0.6826826980559558],
              [99.89252407099792, 0.6786487170559359],
              [99.8925317859979, 0.6786269670559618],
              [99.8925966199979, 0.6784441960559349],
              [99.89259666299786, 0.6784440750559129],
              [99.89423759799791, 0.6775457070559838],
              [99.89439766299786, 0.6774580750559128],
              [99.8951408189979, 0.6770264560559699],
              [99.89580231799795, 0.6766422630559679],
              [99.89593866299786, 0.6765630750559128],
              [99.89754066299786, 0.6766820750559128],
              [99.90069035599794, 0.6784359040559739],
              [99.90069066299786, 0.6784360750559129],
              [99.90221766299786, 0.6794240750559128],
              [99.90439066299786, 0.6810080750559129],
              [99.9052395629979, 0.6811569100559749],
              [99.90706566299787, 0.6814770750559128],
              [99.9092225259979, 0.6806971250559428],
              [99.90922266299786, 0.6806970750559128],
              [99.91105266299786, 0.6797800750559129],
              [99.91195266299786, 0.6782560750559128],
              [99.9119916929979, 0.6779909340559839],
              [99.9121438989979, 0.6769569620559679],
              [99.91218966299786, 0.6766460750559129],
              [99.91216243799795, 0.6739438590559669],
              [99.91210053199791, 0.6737601550559729],
              [99.9120592139979, 0.6736349370559789],
              [99.91203565899792, 0.6735097380559548],
              [99.9120180259979, 0.6733845460559709],
              [99.91200632599794, 0.6732474360559448],
              [99.9120173589979, 0.6730538570559619],
              [99.91202959199791, 0.6729665930559608],
              [99.9120403429979, 0.6728771940559708],
              [99.91206532299793, 0.6727699280559848],
              [99.91209383099795, 0.6726877000559879],
              [99.91212590199791, 0.6725947470559528],
              [99.9121342179979, 0.6725691250559438],
              [99.91214253499794, 0.6725429060559378],
              [99.91215559099794, 0.6725143090559559],
              [99.91216509899795, 0.6724821310559859],
              [99.9121834209979, 0.6724385600559368],
              [99.91219134199793, 0.6722696710559859],
              [99.91232066299786, 0.6695120760559379],
              [99.9123297419979, 0.6694634090559508],
              [99.91254869199793, 0.6682897400559829],
              [99.91334158699794, 0.6640394830559588],
              [99.91334166299787, 0.6640390750559129],
              [99.91390691699792, 0.6618752540559428],
              [99.91465004499793, 0.6590305330559688],
              [99.91485366299786, 0.6582510750559128],
              [99.9155296279979, 0.6554282210559709],
              [99.91552966299786, 0.6554280750559128],
              [99.91558469699794, 0.6552211170559449],
              [99.91563069299792, 0.6550481460559608],
              [99.91602666299787, 0.6535590760559699],
              [99.91594557399793, 0.6510993790559638],
              [99.9159406369979, 0.6509496160559398],
              [99.91592766299786, 0.6505560750559128],
              [99.91569066299786, 0.6495420760559368],
              [99.91586666299786, 0.6490650750559128],
              [99.91710995099794, 0.6473320310559668],
              [99.91722118199795, 0.6471769850559358],
              [99.91744563999794, 0.6468641090559828],
              [99.91744566299786, 0.6468640750559128],
              [99.9180212959979, 0.6461436940559369],
              [99.9187247949979, 0.6452632950559548],
              [99.9203667519979, 0.6432084550559839],
              [99.92053166299786, 0.6430020750559129],
              [99.9205357549979, 0.6429866560559528],
              [99.92058124699793, 0.6429988910559389],
              [99.92061585099793, 0.6426848650559829],
              [99.92064009099795, 0.6424648960559839],
              [99.9207116699979, 0.6420449040559358],
              [99.92072840399794, 0.6419467180559338],
              [99.92075734599791, 0.6417295740559579],
              [99.92076426799792, 0.6416817850559509],
              [99.92076372599792, 0.6416817050559448],
              [99.92077743999795, 0.6414878810559368],
              [99.92077871399795, 0.6414218080559668],
              [99.9207813309979, 0.6412861620559769],
              [99.92078129699792, 0.6410963000559629],
              [99.92078125999791, 0.6408906180559628],
              [99.92078711899791, 0.6406869070559789],
              [99.9207929949979, 0.6405801170559609],
              [99.92083420299792, 0.6403190480559858],
              [99.9208832789979, 0.6400757790559768],
              [99.92096574999795, 0.6398582150559519],
              [99.92106553599791, 0.6396638340559808],
              [99.92111500299791, 0.6395674720559579],
              [99.9212799809979, 0.6392767170559779],
              [99.92138210499792, 0.6390986980559459],
              [99.92157653799791, 0.6387505870559519],
              [99.92170223299792, 0.6385310420559589],
              [99.92181614499793, 0.6383016110559798],
              [99.92183018099792, 0.6382691970559479],
              [99.92189665399792, 0.6381156900559548],
              [99.92194967099795, 0.6379535110559829],
              [99.92200071899794, 0.6377913220559468],
              [99.9220596219979, 0.6375836580559878],
              [99.92211655599795, 0.6373680790559458],
              [99.9221695739979, 0.6372157780559888],
              [99.92225991599793, 0.6370397510559799],
              [99.92234043399793, 0.6369012950559778],
              [99.92243668099792, 0.6367786570559848],
              [99.9225191789979, 0.6367114020559509],
              [99.92268615699794, 0.6366461050559589],
              [99.9228531529979, 0.6366342150559628],
              [99.92296709599793, 0.6366282620559358],
              [99.92299759399793, 0.6366236820559409],
              [99.92315176399791, 0.6366005370559409],
              [99.92332267099795, 0.6365431530559389],
              [99.92353482199792, 0.6364284110559448],
              [99.92368018799795, 0.6363176330559809],
              [99.92383732599791, 0.6361495000559358],
              [99.92386405999792, 0.6361166460559529],
              [99.92395321199791, 0.6360070850559648],
              [99.92405138399795, 0.6356945870559368],
              [99.92416918699791, 0.6353148460559769],
              [99.9242005889979, 0.6351328870559458],
              [99.9242182359979, 0.6349252300559698],
              [99.92423193999792, 0.6346720810559678],
              [99.92423387299795, 0.6344743050559738],
              [99.9242377639979, 0.6342706040559418],
              [99.92424007699793, 0.6341578090559349],
              [99.92424165699794, 0.6340807430559748],
              [99.92425146099794, 0.6339284590559519],
              [99.92428089399795, 0.6337465000559779],
              [99.92434764899792, 0.6335249850559559],
              [99.92444388299793, 0.6333351080559878],
              [99.9245479799979, 0.6331926940559498],
              [99.9247090489979, 0.6330542240559819],
              [99.92486113799794, 0.6329791410559689],
              [99.92490942299793, 0.6329553040559548],
              [99.92509998099791, 0.6328979180559738],
              [99.92533571899793, 0.6328247010559518],
              [99.92558716899794, 0.6327277450559589],
              [99.92578163899793, 0.6326406960559579],
              [99.92595254499793, 0.6325318860559859],
              [99.9260664669979, 0.6324092540559858],
              [99.92608414399791, 0.6323677220559748],
              [99.92609984299793, 0.6322628910559869],
              [99.92610964199793, 0.6321343440559558],
              [99.92611157599794, 0.6319978840559348],
              [99.92610172599791, 0.6318376870559779],
              [99.92605651999793, 0.6317012350559849],
              [99.9259582659979, 0.6315529230559629],
              [99.9257715859979, 0.6313314540559678],
              [99.92561832199794, 0.6311495370559469],
              [99.92542926299791, 0.6309291690559609],
              [99.92510566299786, 0.6307270750559129],
              [99.92502268799791, 0.6307061260559549],
              [99.92439666299786, 0.6305480760559729],
              [99.92344266299786, 0.6307270750559129],
              [99.92309166299786, 0.6307270750559129],
              [99.92297624099791, 0.6307436030559328],
              [99.9226989699979, 0.6307833090559849],
              [99.92267266299787, 0.6307870750559128],
              [99.92233012599792, 0.6306796320559589],
              [99.92140727199791, 0.6303901620559739],
              [99.91794000099793, 0.6293025880559778],
              [99.91777734699792, 0.6292515690559668],
              [99.91716366299787, 0.6290590750559129],
              [99.91099080599793, 0.6292530710559419],
              [99.91099066299786, 0.6292530750559129],
              [99.91098308299792, 0.6292510650559539],
              [99.90927066299786, 0.6287970750559129],
              [99.90870766299786, 0.6284100750559128],
              [99.9085156739979, 0.6277151140559598],
              [99.90851566299786, 0.6277150750559128],
              [99.9086431699979, 0.6270813710559788],
              [99.90866329599794, 0.6269813430559599],
              [99.90874866299787, 0.6265570750559128],
              [99.90898466299787, 0.6256030750559128],
              [99.90969466299786, 0.6247680750559128],
              [99.91523866299787, 0.6218290750559129],
              [99.91523879799792, 0.6218289830559488],
              [99.91603727099795, 0.6212841890559418],
              [99.91905931299794, 0.6192222620559419],
              [99.91933352199794, 0.6190351710559558],
              [99.91933366299786, 0.6190350750559128],
              [99.9200791649979, 0.6183659900559778],
              [99.9202489789979, 0.6182135820559579],
              [99.92060890699793, 0.6178905470559498],
              [99.9215776139979, 0.6170211360559539],
              [99.9224665139979, 0.6162233510559788],
              [99.92268966299787, 0.6160230750559128],
              [99.92261866299786, 0.6157260750559128],
              [99.92268866299786, 0.6151070750559129],
              [99.92268859999791, 0.6151067580559728],
              [99.92237814099792, 0.6135461860559558],
              [99.92223871599793, 0.6128453440559408],
              [99.92223866299786, 0.6128450750559128],
              [99.9207083749979, 0.6083805380559538],
              [99.92063985499794, 0.6081806350559449],
              [99.92044442499792, 0.6072811900559858],
              [99.92024566299786, 0.6063660760559768],
              [99.92024566299786, 0.6058290750559129],
              [99.92065766299787, 0.6053520750559128],
              [99.9203920209979, 0.6051887230559738],
              [99.92014866299786, 0.6050390760559738],
              [99.92014893199791, 0.6050389730559829],
              [99.92026583299793, 0.6049948530559418],
              [99.92063412299791, 0.6048558540559409],
              [99.92064560799793, 0.6048515190559698],
              [99.92175166299786, 0.6044340760559659],
              [99.92179855899792, 0.6044391600559749],
              [99.92270007499792, 0.6045369150559878],
              [99.92390966299786, 0.6046680760559439],
              [99.92539128299791, 0.6044581290559708],
              [99.92539128799791, 0.6044581670559669],
              [99.92612216999794, 0.6041523250559778],
              [99.92659765799795, 0.6039990620559619],
              [99.92708266199793, 0.6038840930559819],
              [99.92785294599793, 0.6036063200559878],
              [99.9283487599979, 0.6033897280559728],
              [99.92862797499794, 0.6031108240559458],
              [99.92890845299792, 0.6028306590559539],
              [99.92917468199795, 0.6024859560559579],
              [99.92941678799792, 0.6020572620559649],
              [99.9294395209979, 0.6018055470559749],
              [99.92946633399794, 0.6015086340559749],
              [99.92954295999795, 0.6006601970559728],
              [99.92972766299786, 0.5986150750559128],
              [99.93090066299786, 0.5973020750559128],
              [99.93180483399794, 0.5969487500559718],
              [99.93232500199792, 0.5967454830559549],
              [99.93257796899792, 0.5966466310559468],
              [99.93469180299792, 0.5958206050559769],
              [99.9347365739979, 0.5958031100559679],
              [99.93473666299786, 0.5958030750559128],
              [99.93521424099794, 0.5954925310559388],
              [99.9364920139979, 0.5946616650559379],
              [99.93696966299787, 0.5943510750559129],
              [99.93957866299786, 0.5934560750559128],
              [99.94084758999793, 0.5921921480559859],
              [99.94084766299787, 0.5921920750559129],
              [99.9436083259979, 0.5888793790559388],
              [99.94413426699793, 0.5882482680559779],
              [99.94640326399792, 0.5855255530559729],
              [99.94640366299787, 0.5855250750559129],
              [99.94653020799791, 0.5853892680559768],
              [99.94858966299786, 0.5831790750559128],
              [99.94901166299786, 0.5811610750559129],
              [99.94928048299795, 0.5809624470559388],
              [99.95009166299786, 0.5803630750559129],
              [99.95140466299786, 0.5801290750559128],
              [99.95210866299786, 0.5793310750559129],
              [99.95234959199792, 0.5780254610559868],
              [99.95234966299786, 0.5780250750559128],
              [99.95342422599794, 0.5762332190559648],
              [99.95355419599792, 0.5760164910559669],
              [99.95468966299786, 0.5741230750559129],
              [99.95640366299786, 0.5716370750559129],
              [99.95764566299786, 0.5706980750559129],
              [99.9588070949979, 0.5693381020559658],
              [99.9593594199979, 0.5686913600559509],
              [99.95935966299785, 0.5686910750559129],
              [99.95947566299786, 0.5671790750559128],
              [99.95947566399792, 0.5659536450559839],
              [99.95947566499791, 0.5650286740559668],
              [99.9594756659979, 0.5640471170559779],
              [99.95959772099792, 0.5637253720559698],
              [99.95966892299793, 0.5635585220559418],
              [99.95996105399792, 0.5632093930559708],
              [99.96008387299793, 0.5630432460559548],
              [99.9601076929979, 0.5628882780559509],
              [99.96013161499792, 0.5626140850559549],
              [99.96015556699791, 0.5623041270559529],
              [99.9601796219979, 0.5618749460559368],
              [99.96021546899794, 0.5615053860559699],
              [99.9601801649979, 0.5612430650559328],
              [99.96025171399793, 0.5606708580559858],
              [99.9603704409979, 0.5603252150559829],
              [99.96035871999794, 0.5601821370559749],
              [99.96083812399792, 0.5591560820559639],
              [99.96084716299794, 0.5591423000559669],
              [99.96191566299787, 0.5575130760559689],
              [99.96208884599793, 0.5573397560559809],
              [99.96318166299785, 0.5562460760559849],
              [99.96421433299793, 0.5554966630559338],
              [99.9642822499979, 0.5554473750559769],
              [99.96428266299786, 0.5554470760559549],
              [99.96435466299786, 0.5543690750559128],
              [99.96430757999792, 0.5530285990559638],
              [99.96429967299792, 0.5528034800559708],
              [99.9642961919979, 0.5527043840559859],
              [99.96425266299786, 0.5514650750559128],
              [99.96420959299792, 0.5496970860559859],
              [99.96419166299786, 0.5489610750559129],
              [99.96420966299786, 0.5458860750559128],
              [99.96420955299794, 0.5458857520559518],
              [99.9636844939979, 0.5443460440559559],
              [99.96342409699793, 0.5435824450559749],
              [99.96330666299787, 0.5432380760559709],
              [99.96224315299793, 0.5420819100559838],
              [99.96219703299795, 0.5420317730559678],
              [99.96180079999795, 0.5416010180559429],
              [99.9609900729979, 0.5407196580559488],
              [99.96042566299786, 0.5401060750559128],
              [99.96042562099791, 0.5401059880559419],
              [99.95803141499795, 0.5350616490559479],
              [99.95784366299786, 0.5346660750559128],
              [99.95688966299787, 0.5318050750559128],
              [99.9563691879979, 0.5308401250559458],
              [99.95624218299793, 0.5306046590559529],
              [99.95598566299786, 0.5301290750559129],
              [99.9559856279979, 0.5301290200559519],
              [99.95597571299794, 0.5301134560559858],
              [99.9557346239979, 0.5297349840559629],
              [99.95507252999795, 0.5286955980559609],
              [99.95436066299786, 0.5275780760559459],
              [99.95414847799793, 0.5273658900559468],
              [99.95257766299787, 0.5257950750559128],
              [99.95131166299787, 0.5254200750559128],
              [99.95004583799795, 0.5247291710559379],
              [99.95004566299787, 0.5247290750559128],
              [99.95001409999793, 0.5241030840559379],
              [99.94999766299786, 0.5237770750559129],
              [99.95041966299786, 0.5227450750559128],
              [99.95108466299786, 0.5217900750559128],
              [99.9526785149979, 0.5204595350559349],
              [99.95393566299786, 0.5194100750559129],
              [99.95393594299793, 0.5194098550559398],
              [99.95430930199791, 0.5191158730559808],
              [99.95481534099792, 0.5187174190559889],
              [99.95514311599794, 0.5184593300559328],
              [99.95576066299786, 0.5179730750559128],
              [99.95676572499792, 0.5173563240559389],
              [99.9575850039979, 0.5168535780559439],
              [99.95854566299786, 0.5162640750559129],
              [99.95891527099792, 0.5160899450559808],
              [99.95942866299787, 0.5158480750559128],
              [99.9594566439979, 0.5157876100559659],
              [99.95955868799791, 0.5155671050559508],
              [99.95991966299786, 0.5147870750559128],
              [99.95991977299792, 0.5147868320559749],
              [99.95991988499793, 0.5147867440559398],
              [99.95992012099794, 0.5147865890559868],
              [99.9602390799979, 0.5144475380559609],
              [99.96055466299786, 0.5141120750559128],
              [99.96046008399793, 0.5134227940559558],
              [99.9604549269979, 0.5133852140559868],
              [99.96040326099791, 0.5133824350559878],
              [99.96020814299794, 0.5133866440559839],
              [99.96018849799793, 0.5133884450559808],
              [99.95993415099792, 0.5134117610559339],
              [99.9595999699979, 0.5134891280559518],
              [99.95940485799792, 0.5135288600559559],
              [99.95920558999791, 0.5135393390559808],
              [99.95901877099794, 0.5135184700559559],
              [99.95888591899791, 0.5134808770559548],
              [99.95882139499793, 0.5134545560559478],
              [99.95880911199794, 0.5134495450559629],
              [99.95869908499793, 0.5133638860559838],
              [99.9585682959979, 0.5132406190559349],
              [99.95843750799793, 0.5131257090559559],
              [99.95825482699792, 0.5130108050559699],
              [99.95801817899792, 0.5129084490559559],
              [99.95775906599795, 0.5127734400559378],
              [99.95774273299793, 0.5127649300559508],
              [99.95760922799792, 0.5126953690559758],
              [99.95741824699792, 0.5125930040559439],
              [99.95732772299795, 0.5125378950559848],
              [99.95725009699794, 0.5124906380559788],
              [99.95708194399793, 0.5123631950559828],
              [99.95695945899791, 0.5122503730559769],
              [99.95682659099793, 0.5121062080559828],
              [99.95673316099794, 0.5119578590559538],
              [99.95666048799791, 0.5118011480559659],
              [99.95661829799792, 0.5116818240559409],
              [99.95658365299795, 0.5115838360559478],
              [99.95648693199792, 0.5112371620559348],
              [99.95639268399793, 0.5110841800559598],
              [99.95624221399794, 0.5109495710559738],
              [99.95613430399794, 0.5108945150559658],
              [99.95604463999791, 0.5108700510559888],
              [99.9558987399979, 0.5108333540559469],
              [99.95583186199792, 0.5107966450559759],
              [99.95579234299794, 0.5107400410559678],
              [99.95579081599794, 0.5106849690559588],
              [99.9557923249979, 0.5106191780559608],
              [99.95581814799795, 0.5105380940559738],
              [99.95583637599793, 0.5104508870559389],
              [99.95584395499793, 0.5103575580559578],
              [99.9558424259979, 0.5102825950559828],
              [99.95581534499792, 0.5102269560559448],
              [99.95580594099795, 0.5102076350559769],
              [99.95575881999793, 0.5101571560559388],
              [99.95569954499791, 0.5101265620559868],
              [99.95561443999793, 0.5101265750559638],
              [99.95552629999793, 0.5101418850559438],
              [99.95544575599791, 0.5101740280559428],
              [99.95531811299793, 0.5102383010559638],
              [99.95520718299792, 0.5103041100559409],
              [99.95518267399791, 0.5103191600559428],
              [99.95508257899792, 0.5103806220559618],
              [99.95494580999792, 0.5104678460559878],
              [99.95478017899791, 0.5105688430559359],
              [99.9546403689979, 0.5106361850559579],
              [99.95448232499791, 0.5106897520559669],
              [99.9543151569979, 0.5107234370559719],
              [99.95416774599789, 0.5107295740559858],
              [99.95405376499792, 0.5107035830559569],
              [99.95388202699792, 0.5106347690559828],
              [99.95370724499793, 0.5105904240559338],
              [99.95351576399793, 0.5105766850559379],
              [99.95342609599794, 0.5105889380559598],
              [99.9533318859979, 0.5106363800559418],
              [99.95317537299792, 0.5107740930559569],
              [99.95307204599794, 0.5109056840559698],
              [99.95297480599794, 0.5110586840559819],
              [99.9528730169979, 0.5112606530559698],
              [99.9527848979979, 0.5114167190559589],
              [99.95266942199794, 0.5116094980559328],
              [99.9525250729979, 0.5117931100559329],
              [99.9523548929979, 0.5119935590559659],
              [99.9521695129979, 0.5121618710559378],
              [99.9519552519979, 0.5123286660559788],
              [99.95177594799793, 0.5124465000559578],
              [99.9515890229979, 0.5125046580559598],
              [99.95135650999794, 0.5125414110559778],
              [99.9511923859979, 0.5125536750559408],
              [99.95107536099795, 0.5125414530559879],
              [99.9509385809979, 0.5124986400559378],
              [99.9507865899979, 0.5124114590559689],
              [99.95067411599791, 0.5123043790559478],
              [99.95056467799793, 0.5121835320559428],
              [99.95046751299793, 0.5120735230559749],
              [99.95046739899794, 0.5120733930559849],
              [99.95036100099793, 0.5119785510559749],
              [99.9502257349979, 0.5119020780559398],
              [99.95007831399795, 0.5118500860559858],
              [99.9499506499979, 0.5118393940559398],
              [99.94983667299795, 0.5118348240559528],
              [99.94965430399793, 0.5118256700559558],
              [99.94951600899793, 0.5118119220559408],
              [99.94941113999795, 0.5117828640559449],
              [99.94930626799794, 0.5117369890559328],
              [99.94919076299794, 0.5116650990559748],
              [99.9490828469979, 0.5115763830559819],
              [99.94897644999793, 0.5114830710559348],
              [99.94884421699794, 0.5113821180559769],
              [99.94872415699791, 0.5113224680559508],
              [99.9485782579979, 0.5112934150559598],
              [99.94839284299792, 0.5112873280559849],
              [99.94828342199793, 0.5112873440559869],
              [99.94814513199793, 0.5113026620559399],
              [99.94801140099793, 0.5113409280559869],
              [99.9477355289979, 0.5114047370559689],
              [99.9477135389979, 0.5114098230559558],
              [99.94739592499792, 0.5114710670559508],
              [99.94707526799795, 0.5114986500559698],
              [99.94684426999794, 0.5115124530559708],
              [99.9465600829979, 0.5115140240559558],
              [99.94634579499791, 0.5115002870559379],
              [99.94574090899795, 0.5113030190559729],
              [99.94552965299795, 0.5111883100559709],
              [99.94539133499791, 0.5110781760559608],
              [99.94530469599795, 0.5109741510559759],
              [99.94522565599794, 0.5108410580559879],
              [99.94514964499791, 0.5106666620559538],
              [99.94507514699791, 0.5105075620559348],
              [99.94500522699792, 0.5103790630559648],
              [99.94488058599791, 0.5102689280559648],
              [99.94471036799791, 0.5102199950559478],
              [99.94447936799793, 0.5102169630559529],
              [99.94431372299795, 0.5102185250559759],
              [99.94417542099791, 0.5102185460559808],
              [99.94400520599794, 0.5101879680559729],
              [99.9438577829979, 0.5101176110559469],
              [99.94372099399794, 0.5100105440559588],
              [99.94354772099791, 0.5098392190559619],
              [99.94324524899793, 0.5095470490559388],
              [99.94298534499791, 0.5093237120559738],
              [99.9428090269979, 0.5091523880559659],
              [99.94267070899792, 0.5089764710559879],
              [99.94257797699794, 0.5088081910559619],
              [99.94253996399794, 0.5086659200559468],
              [99.94251258399794, 0.5084838630559858],
              [99.9425004019979, 0.5083125150559479],
              [99.94249125799791, 0.5081503470559738],
              [99.94239548799794, 0.5079774720559418],
              [99.9422830139979, 0.5078704020559859],
              [99.94212191299795, 0.5077954600559589],
              [99.94196080999791, 0.5077587660559428],
              [99.94177539899795, 0.5077236030559359],
              [99.94160518199794, 0.5076777290559709],
              [99.9414227989979, 0.5075721880559878],
              [99.94127840599793, 0.5074620540559779],
              [99.94115225199795, 0.5073228540559428],
              [99.94102456499792, 0.5071591750559749],
              [99.9409257619979, 0.5070092510559479],
              [99.94085867999792, 0.5068967380559708],
              [99.9408254369979, 0.5068409830559658],
              [99.9406947099979, 0.5066466990559348],
              [99.94058381899794, 0.5064846650559648],
              [99.9405366239979, 0.5064157040559538],
              [99.94047853999791, 0.5063341550559388],
              [99.94041350199791, 0.5062428430559438],
              [99.94022806599793, 0.5060332720559728],
              [99.94006435699794, 0.5058849860559609],
              [99.9400304759979, 0.5058542970559329],
              [99.93982072099794, 0.5056799190559358],
              [99.93966265299792, 0.5055743740559389],
              [99.93947115699791, 0.5054627190559838],
              [99.93930397099791, 0.5053785970559519],
              [99.93912462899794, 0.5052944760559659],
              [99.9389164139979, 0.5052103600559829],
              [99.9386853999979, 0.5051140070559799],
              [99.93846806099793, 0.5050038850559558],
              [99.93822336099794, 0.5048448090559678],
              [99.93794217799791, 0.5046168970559538],
              [99.93779903499791, 0.5044438500559778],
              [99.93773675399791, 0.5043737050559829],
              [99.93765148899791, 0.5042655090559408],
              [99.93758400799794, 0.5041640210559568],
              [99.9375202369979, 0.5040528270559579],
              [99.93746832799792, 0.5039453670559768],
              [99.93742383099794, 0.5038199940559739],
              [99.93736376599793, 0.5036767140559418],
              [99.93730444199792, 0.5035543280559548],
              [99.93724585799794, 0.5034535910559869],
              [99.93717022699792, 0.5033535970559488],
              [99.9370627219979, 0.5032394240559629],
              [99.93690924099792, 0.5030976480559418],
              [99.93673056399791, 0.5029603550559758],
              [99.93635985699791, 0.5026865200559458],
              [99.9362137909979, 0.5025551920559368],
              [99.9360551239979, 0.5024074460559549],
              [99.93601865699793, 0.5023677300559508],
              [99.93590164799792, 0.5022402970559628],
              [99.9357607699979, 0.5020709020559618],
              [99.93559541499792, 0.5018336020559818],
              [99.9354322839979, 0.5015776480559708],
              [99.93525432299793, 0.5012896020559339],
              [99.9351800749979, 0.5011757850559349],
              [99.9351403479979, 0.5011148890559558],
              [99.93511307399791, 0.5010730790559849],
              [99.9350303909979, 0.5009463340559388],
              [99.9349747849979, 0.5008791740559818],
              [99.93488136499792, 0.5007918660559338],
              [99.93480499599792, 0.5007448640559599],
              [99.93471158199793, 0.5006993500559388],
              [99.9346018579979, 0.5006545860559438],
              [99.93448250299792, 0.5006232590559558],
              [99.93432533599793, 0.5006008920559708],
              [99.93421265199794, 0.5005919530559738],
              [99.93401841999793, 0.5005785470559798],
              [99.9337953359979, 0.5005747430559638],
              [99.93357138199792, 0.5005787290559879],
              [99.93341618699793, 0.5005866660559518],
              [99.93331796399792, 0.5006005210559719],
              [99.93320598399794, 0.5006163580559498],
              [99.93307239199794, 0.5006163780559658],
              [99.93288693299792, 0.5005994330559388],
              [99.93285629599791, 0.5005966340559809],
              [99.9326539359979, 0.5005472180559568],
              [99.93247712099793, 0.5004819830559338],
              [99.93231601999793, 0.5004088330559429],
              [99.9321863539979, 0.5003455650559798],
              [99.9320959729979, 0.5002763570559668],
              [99.9319780819979, 0.5001814440559689],
              [99.93189556199792, 0.5000964140559888],
              [99.9318208939979, 0.5000014950559408],
              [99.93180078399791, 0.49997007705594887],
              [99.93178878399794, 0.49995133005593584],
              [99.93164856999795, 0.49973574505595786],
              [99.93162985499794, 0.4996844260559359],
              [99.93157027199794, 0.4995210460559889],
              [99.93154873599792, 0.4994107420559568],
              [99.93154089699794, 0.49932604405593384],
              [99.9315408849979, 0.4992374010559648],
              [99.93154281599794, 0.4990404220559559],
              [99.93154081699794, 0.49875480905593883],
              [99.93145862099794, 0.4986110250559508],
              [99.9313862129979, 0.4985558810559638],
              [99.93132359999794, 0.4985539180559758],
              [99.93124141499794, 0.49855787305598687],
              [99.9311768539979, 0.49857166905594885],
              [99.9310653269979, 0.4986209320559428],
              [99.93101837299793, 0.49866033605594884],
              [99.93096359699791, 0.49873716205594587],
              [99.93085599399791, 0.49882187505598086],
              [99.93076598599794, 0.4988514330559748],
              [99.93066032899793, 0.49884948505594184],
              [99.93054683399794, 0.49882389305595587],
              [99.9304685609979, 0.49878056305597385],
              [99.93036875999792, 0.4986880000559639],
              [99.93029830199794, 0.4985619430559749],
              [99.9302513269979, 0.4984555850559358],
              [99.93021804399791, 0.49833936605598683],
              [99.9302062949979, 0.4982428540559598],
              [99.93019649999792, 0.49817785005593884],
              [99.93013191299792, 0.49807148705595283],
              [99.9300184209979, 0.49800650705596183],
              [99.9298853609979, 0.4979631860559408],
              [99.9297973069979, 0.49795729105598285],
              [99.92964664199792, 0.49796912705598084],
              [99.92949989799791, 0.4980006640559649],
              [99.92936098199795, 0.49804599505593183],
              [99.9292122799979, 0.4980775340559518],
              [99.92907334899792, 0.49808148805597385],
              [99.92887767999792, 0.49806773005595084],
              [99.92853721599795, 0.4980264100559708],
              [99.9284832919979, 0.4980100600559608],
              [99.92839436999793, 0.49798309905595783],
              [99.92830240399792, 0.4979496240559489],
              [99.92817912699792, 0.4978905430559879],
              [99.92791690499791, 0.4977290620559669],
              [99.92759597299795, 0.49746909505593384],
              [99.92734493099795, 0.49725553305593484],
              [99.92710659299792, 0.49705532405597785],
              [99.92690518099795, 0.4968861340559698],
              [99.92661361699794, 0.4966931320559669],
              [99.92649815599793, 0.4966261800559688],
              [99.92634356399793, 0.49650210705597386],
              [99.9262828989979, 0.4964351390559758],
              [99.92622418299794, 0.49635438205594085],
              [99.92616155599791, 0.49625787905598884],
              [99.92610675499793, 0.4961613640559368],
              [99.92603042999792, 0.49603333605598676],
              [99.92594823599791, 0.4959072810559779],
              [99.92589261899792, 0.4958295440559508],
              [99.92584254999792, 0.4957595630559839],
              [99.92574664699794, 0.4955862350559668],
              [99.92558029699791, 0.49531442305597284],
              [99.9253963149979, 0.49495004405595483],
              [99.92528278899795, 0.49464277305595783],
              [99.92520448299791, 0.49436306805593183],
              [99.92516559099795, 0.49422977005595187],
              [99.92514183999793, 0.49414836805597384],
              [99.92511638899794, 0.49406367205598684],
              [99.9251099369979, 0.49405018705597586],
              [99.9249637189979, 0.49374459205593285],
              [99.92471321899791, 0.4934117290559498],
              [99.92440792299794, 0.49302766505594786],
              [99.92409089299792, 0.49264556505597984],
              [99.9238599659979, 0.4924013430559878],
              [99.9234822829979, 0.49203501805597183],
              [99.92338248199792, 0.49200154405595287],
              [99.9232807339979, 0.4919936780559768],
              [99.92317898699793, 0.49200157305598685],
              [99.92300485699792, 0.49205872405595086],
              [99.92280137299792, 0.4921395050559598],
              [99.92267809899795, 0.49216119705597783],
              [99.92259983099791, 0.49215726405596183],
              [99.92252743699794, 0.49212970305593684],
              [99.9224745929979, 0.49208046205593786],
              [99.92242958399794, 0.49202334205598686],
              [99.92237869999792, 0.49191894705593586],
              [99.92233171699792, 0.49175153005593586],
              [99.92231211999791, 0.49156045905597484],
              [99.92230427799791, 0.4914481790559788],
              [99.92228273999791, 0.49133196705595583],
              [99.92223965799792, 0.4911093840559748],
              [99.9221887739979, 0.49100302705598187],
              [99.9221241819979, 0.49086317305598487],
              [99.92201850399795, 0.49069576205597787],
              [99.9219069489979, 0.49054015705594584],
              [99.92161536199791, 0.4902506400559478],
              [99.92124550199793, 0.48992173805596884],
              [99.92090303599792, 0.48955934305594484],
              [99.9206623369979, 0.48934269505595285],
              [99.9205331809979, 0.48926589305598583],
              [99.92038838299794, 0.48920485105595884],
              [99.9202514089979, 0.48919501905596985],
              [99.9200733539979, 0.4892029230559418],
              [99.91994380299792, 0.48923594205594184],
              [99.9199109579979, 0.4892443130559768],
              [99.91971137799794, 0.48929358805595785],
              [99.91959006799794, 0.48928768905598485],
              [99.9195059259979, 0.48924239705594585],
              [99.91944525299795, 0.48917149305596286],
              [99.9194041539979, 0.48905725405593586],
              [99.91936694399794, 0.4888661870559328],
              [99.91935716999791, 0.48881817105593983],
              [99.91933366499791, 0.48870270105597086],
              [99.91928275099792, 0.48843678005597685],
              [99.91921228699795, 0.48826344705595687],
              [99.91907921399792, 0.48813149105593784],
              [99.91893441599791, 0.48807045005595784],
              [99.9187700529979, 0.48805668705598787],
              [99.91862557999792, 0.4880528740559528],
              [99.91862134499792, 0.48805276205594383],
              [99.91831804599792, 0.48800552905596783],
              [99.91822803799795, 0.48796811705598486],
              [99.91817128299795, 0.48790509105596386],
              [99.91813408899793, 0.48775539205594487],
              [99.91814581199793, 0.48767265505598784],
              [99.91818689399793, 0.48758992205598883],
              [99.9182350729979, 0.4875155960559848],
              [99.91827883599791, 0.48744808405594187],
              [99.91835903699791, 0.48725502805594084],
              [99.91838053399795, 0.48707577605598784],
              [99.91838052099791, 0.48698122605595984],
              [99.91835311699793, 0.4868709210559388],
              [99.91826896599792, 0.48674881105598883],
              [99.91814372099793, 0.48662866805598487],
              [99.91804196199791, 0.48654398205594884],
              [99.91794411499791, 0.48648096205597785],
              [99.91778365799792, 0.48637658305598586],
              [99.91772215099792, 0.48633699105597783],
              [99.91769272499795, 0.48610330205595187],
              [99.91765172099792, 0.48577765805596584],
              [99.91763666299786, 0.48565807505591285],
              [99.91757566299786, 0.4847070750559128],
              [99.91754934799792, 0.4845246570559568],
              [99.9174518249979, 0.4838486190559618],
              [99.9174310549979, 0.48370464605598285],
              [99.91736966299786, 0.48327907505591283],
              [99.91689666299786, 0.4821920750559128],
              [99.91673901399793, 0.48203390905594284],
              [99.91628666299786, 0.4815800750559128],
              [99.91627251799792, 0.4815698580559488],
              [99.91512366299786, 0.4807400750559128],
              [99.91425399599791, 0.4802587730559508],
              [99.91344866299787, 0.47981307505591286],
              [99.91311266299786, 0.47947307505591286],
              [99.91257066299787, 0.47852107505591285],
              [99.91236466299786, 0.4779100750559128],
              [99.91202966299787, 0.47689007505591285],
              [99.91138166299785, 0.4758250750559128],
              [99.9105548909979, 0.47467601805597287],
              [99.91053766299787, 0.47465207605598886],
              [99.90945866299786, 0.47333807505591285],
              [99.90938462999793, 0.47326701405593485],
              [99.90877368099791, 0.47268059405594487],
              [99.90852331599791, 0.47244028005594885],
              [99.90822553699792, 0.4721544550559568],
              [99.9080886999979, 0.47202311105594685],
              [99.9078785779979, 0.47192196005597986],
              [99.9076851359979, 0.47182885405597086],
              [99.90712563199793, 0.47155956005595084],
              [99.90701866299786, 0.47150807505591286],
              [99.90494166299786, 0.4710590750559128],
              [99.90260766299787, 0.47085107505591284],
              [99.90229233499792, 0.47088984505593584],
              [99.89955766299786, 0.47122607505591285],
              [99.89732634899792, 0.47130573105597784],
              [99.89720466299786, 0.4713100750559128],
              [99.8972045309979, 0.4713100820559508],
              [99.89671519299793, 0.47133275005593583],
              [99.89495966299786, 0.47141407605597885],
              [99.89214466299786, 0.47150807505591286],
              [99.89095790799792, 0.47137410305596483],
              [99.89095766299786, 0.47137407505591283],
              [99.89025726699793, 0.4708407760559368],
              [99.88946966299787, 0.47024107505591284],
              [99.88758073399794, 0.46843267205595385],
              [99.88726466299786, 0.46813007505591286],
              [99.88386987299793, 0.46700714405598387],
              [99.88386966299787, 0.46700707605596387],
              [99.88214864099791, 0.4668388480559568],
              [99.88191566299786, 0.4668160750559128],
              [99.88032066299786, 0.46719107505591284],
              [99.87784166299787, 0.4682270750559128],
              [99.8765119079979, 0.46864699805594484],
              [99.87651166299786, 0.46864707505591285],
              [99.87465266299786, 0.46838807505591284],
              [99.87324358499791, 0.46767948905598183],
              [99.87273766299786, 0.46742507505591285],
              [99.87084266299786, 0.46569007505591287],
              [99.87038321299792, 0.46554563805598587],
              [99.86963557299794, 0.46531060205593583],
              [99.86880418199792, 0.46504923805595383],
              [99.86880366299786, 0.46504907505591286],
              [99.86731366299786, 0.46507207505591286],
              [99.86550466299786, 0.4651790750559128],
              [99.86408566299787, 0.46526807505591283],
              [99.86173966299786, 0.46479807505591286],
              [99.86056066299786, 0.46416307505591287],
              [99.85967286099793, 0.46391192605598486],
              [99.85935801199793, 0.46382285905595183],
              [99.85838678299791, 0.46354810905593485],
              [99.8576579419979, 0.46363651905598185],
              [99.85683766299786, 0.46373607505591286],
              [99.8563959259979, 0.46406216205595285],
              [99.85547174599793, 0.46474438605595486],
              [99.85535228499793, 0.46483257105593584],
              [99.85488966299786, 0.4651740760559878],
              [99.8547154079979, 0.46530878705597484],
              [99.85461202699793, 0.46538870805598287],
              [99.8537994119979, 0.46601691905597387],
              [99.85252766299786, 0.46700007505591284],
              [99.85216669599794, 0.46734019305593183],
              [99.85008666299787, 0.46930007505591287],
              [99.84904966299786, 0.4699490750559128],
              [99.84741566299786, 0.46957907505591284],
              [99.84224877999793, 0.46456885405594084],
              [99.8412250759979, 0.46357620105597186],
              [99.83897366299786, 0.46139307505591287],
              [99.83701666299787, 0.4595940750559128],
              [99.83645068199792, 0.45924139105598283],
              [99.83635714999792, 0.45918310705594884],
              [99.83553866299786, 0.45867307505591287],
              [99.83553847599791, 0.45867309105598486],
              [99.82668201399792, 0.4594139620559328],
              [99.82668110899795, 0.45941451505593983],
              [99.82708295899795, 0.4445472690559458],
              [99.82810114699794, 0.44175175805595784],
              [99.8284394189979, 0.4386305570559588],
              [99.8283786699979, 0.43437449105597686],
              [99.8280413909979, 0.42941291005594484],
              [99.82795906799794, 0.42820189105596285],
              [99.82785778299791, 0.42788263205598287],
              [99.82751931499791, 0.42681575705593383],
              [99.82699582499794, 0.42516567405597483],
              [99.82660765599792, 0.42394213305597384],
              [99.82570023699793, 0.42108187505597483],
              [99.82329916099792, 0.41840469505594086],
              [99.8197195869979, 0.4164299110559708],
              [99.81679487799789, 0.41542069105595686],
              [99.81504877199791, 0.41476248505598784],
              [99.81482248899795, 0.41469076205596883],
              [99.81261916199793, 0.41399239505598484],
              [99.8090031249979, 0.4144742350559478],
              [99.80554669899794, 0.41570499205597883],
              [99.80262198399794, 0.4162937430559878],
              [99.79948444799794, 0.41581260405594384],
              [99.7977294569979, 0.41468936205593787],
              [99.79682529299794, 0.41324506505596087],
              [99.7957042149979, 0.41270582805596184],
              [99.7956021529979, 0.41265673605597886],
              [99.79448536799794, 0.41228237105595184],
              [99.79352817799793, 0.41238946005593385],
              [99.79291012099793, 0.41272099605596685],
              [99.79177352699793, 0.41333068405596385],
              [99.7914234729979, 0.41351845805594684],
              [99.7886583919979, 0.41517711205598584],
              [99.78443459699793, 0.41756777005595286],
              [99.7844043809979, 0.41758487205596884],
              [99.77970460599795, 0.41854771005593283],
              [99.77827862599793, 0.41883984905594185],
              [99.76750965999793, 0.42104607505591285],
              [99.76668966199793, 0.4208540720559458],
              [99.7664466639979, 0.4199940730559458],
              [99.7658066599979, 0.4189850720559458],
              [99.76503066399795, 0.4188600710559878],
              [99.7701682369979, 0.4109263450559548],
              [99.7716781729979, 0.40744699405594487],
              [99.7725030459979, 0.4052288560559558],
              [99.77288081099795, 0.40322497805597385],
              [99.77274319499793, 0.40135934705598686],
              [99.77180045399791, 0.40005971805597085],
              [99.77062041599794, 0.39934209005595284],
              [99.76951365999793, 0.39866902805597687],
              [99.7672801689979, 0.3984552520559678],
              [99.7623611609979, 0.40016256105594983],
              [99.75712370799795, 0.40121636105597286],
              [99.75546475799791, 0.40145166705595187],
              [99.75285288699791, 0.40182213605596884],
              [99.74908424699794, 0.40140908905597383],
              [99.74819328499791, 0.3992043890559808],
              [99.74812460099793, 0.39741300805594887],
              [99.74874987499794, 0.39612749405598885],
              [99.7491521489979, 0.39513322805596784],
              [99.74902449299793, 0.39455561005594586],
              [99.7488329989979, 0.39346454305594186],
              [99.7485138759979, 0.39198841305598386],
              [99.74806719499793, 0.39102573005597185],
              [99.74736527299791, 0.38967798605598586],
              [99.7469070119979, 0.38900197305595485],
              [99.74640816499794, 0.38826608905596083],
              [99.74481308499793, 0.38717513605594384],
              [99.74379219499792, 0.3860841500559358],
              [99.74372799099791, 0.38602674905594386],
              [99.74321795999793, 0.38557075505595184],
              [99.74315407799793, 0.38454386105594585],
              [99.74321775799791, 0.38313186105598585],
              [99.74340907199792, 0.38216912105595185],
              [99.74468496399794, 0.38120629505597486],
              [99.7457695099979, 0.38062856105598586],
              [99.74634363199795, 0.37972998205596287],
              [99.74763180999793, 0.37928299405594185],
              [99.74819374899795, 0.37908800505597684],
              [99.74995808699794, 0.37901025005596983],
              [99.7544074359979, 0.3759013510559868],
              [99.75483454699793, 0.37560291405596086],
              [99.75572339899793, 0.37490147805597485],
              [99.76174281699792, 0.37015125705597984],
              [99.76621300099794, 0.36824300905597385],
              [99.7679739709979, 0.36735706005596586],
              [99.76926079499793, 0.36633486705598284],
              [99.76926066099793, 0.36476770805593584],
              [99.7698023359979, 0.36265537905593687],
              [99.7729855379979, 0.35999772005597186],
              [99.77413695799794, 0.35972506905598284],
              [99.7748819609979, 0.35911177205595385],
              [99.77589793499794, 0.35897540005596784],
              [99.7763043199979, 0.35883908905596185],
              [99.77657521899795, 0.35856652305598385],
              [99.77610098599791, 0.3572719410559698],
              [99.77542349099792, 0.3551597190559758],
              [99.7750168919979, 0.35270678305597886],
              [99.7749340729979, 0.35252353005593284],
              [99.7746781709979, 0.35195730205596487],
              [99.77406849199792, 0.35086714305596484],
              [99.77311748399791, 0.3500823680559648],
              [99.77257556399792, 0.34926476505593484],
              [99.7710176309979, 0.34831095105597887],
              [99.7665472309979, 0.34735739205593985],
              [99.7621445829979, 0.34674450705598786],
              [99.7599770909979, 0.34599516105596684],
              [99.75973666299787, 0.34583107705596183],
              [99.75624114299791, 0.33974827205595687],
              [99.75215193999793, 0.33297274605594385],
              [99.7530408969979, 0.32405280505595585],
              [99.75632033799792, 0.31741241605597287],
              [99.76359866499791, 0.31185732505595387],
              [99.77198277099791, 0.31330414705594484],
              [99.77879461899795, 0.31893958905597186],
              [99.78628912599794, 0.3208840030559518],
              [99.78898448999792, 0.31502169605597885],
              [99.79002607499791, 0.30891699905596687],
              [99.79164405099795, 0.30484718505597685],
              [99.79482774199795, 0.29978388905597386],
              [99.79504266399795, 0.2994420790559648],
              [99.80170866499793, 0.29999807205594187],
              [99.80745866299786, 0.29972007505591286],
              [99.81437566299786, 0.2999700720559558],
              [99.82093066299787, 0.3041920740559618],
              [99.82890366499794, 0.30569207905598683],
              [99.83012172499792, 0.30766379105598685],
              [99.83229636599793, 0.30827877205594184],
              [99.83440803299794, 0.30797103005598087],
              [99.8364366649979, 0.3071534060559458],
              [99.83795729499792, 0.30574535105593287],
              [99.83953870699793, 0.30436113805593784],
              [99.84087768999791, 0.30544659205595787],
              [99.84409447899793, 0.30335663805597385],
              [99.84743110799792, 0.30241451805598285],
              [99.84923665899794, 0.30230340505597986],
              [99.84907266799792, 0.30347384705596886],
              [99.84907275199794, 0.30455035805597686],
              [99.8489829869979, 0.3057444790559458],
              [99.84941999199793, 0.30682007705594583],
              [99.8484080759979, 0.30810561205596787],
              [99.8473747959979, 0.30932694705593583],
              [99.84670995799792, 0.31080155005595583],
              [99.84726999999793, 0.31233674605597583],
              [99.84671020299794, 0.31385920505597686],
              [99.84637785699795, 0.31549661505597687],
              [99.84709684799793, 0.31697110505594184],
              [99.85037674299792, 0.3175226590559678],
              [99.8519043479979, 0.31757681105598584],
              [99.8539890869979, 0.3177485170559318],
              [99.8559366589979, 0.31830340805596785],
              [99.8559366649979, 0.3185867380559698],
              [99.85760157799791, 0.31980172405594987],
              [99.8598210969979, 0.31991009205593485],
              [99.86318181299794, 0.31994599305598087],
              [99.8678184669979, 0.31938473005597284],
              [99.86926520899794, 0.31963790305594886],
              [99.8729851369979, 0.31714081905597885],
              [99.8747375299979, 0.31899515105597187],
              [99.87576181899794, 0.31785523605596183],
              [99.87962549399793, 0.3151410340559688],
              [99.88395622399793, 0.31000240905593984],
              [99.89433163399792, 0.3103156700559708],
              [99.8959073509979, 0.31036324505596685],
              [99.90298665999791, 0.3113311860559658],
              [99.9041506679979, 0.31202893305596985],
              [99.90979077599792, 0.31540981005595387],
              [99.91528993999793, 0.31418809405597886],
              [99.91979221999793, 0.30758118505595183],
              [99.91815332999795, 0.29805340805593483],
              [99.9194866609979, 0.29927562705593386],
              [99.92054221799793, 0.29730340805595284],
              [99.92279221699795, 0.29685896305598186],
              [99.92271931799792, 0.29593314605598686],
              [99.92251444099793, 0.29333118605593683],
              [99.9260144359979, 0.2933311840559578],
              [99.92645820899793, 0.29320101105595586],
              [99.92670928199794, 0.29312736305594483],
              [99.92809776999792, 0.29272007205595685],
              [99.93012554799793, 0.29216451605596183],
              [99.93140332999792, 0.2904700750559128],
              [99.93443541899791, 0.29165170205597285],
              [99.9351811069979, 0.29194230205594385],
              [99.93639784099793, 0.29150683605594485],
              [99.9378199989979, 0.2909978490559548],
              [99.93915332599789, 0.2902478530559878],
              [99.93965314899793, 0.28799866605596985],
              [99.93965690299791, 0.28799749805598684],
              [99.94829170299795, 0.28980587505596084],
              [99.9482922449979, 0.2898059900559388],
              [99.95198563099791, 0.28911622705597084],
              [99.95648666299786, 0.28827563105598086],
              [99.96460101599791, 0.28869194305595186],
              [99.96538630499793, 0.28838697705596383],
              [99.96931733899794, 0.28686036605593285],
              [99.97124113399792, 0.28611326305595286],
              [99.97707221899793, 0.27969011405595284],
              [99.97848776799793, 0.2832309720559608],
              [99.98012794299791, 0.28733370905594285],
              [99.9829266459979, 0.28517985005596785],
              [99.98687563199792, 0.2821407430559618],
              [99.98868078599793, 0.27925896205597683],
              [99.9907590989979, 0.2759411070559418],
              [99.99181700099791, 0.27425225405598086],
              [100.0002634369979, 0.27524659805597185],
              [100.00173618799795, 0.26466274805598283],
              [100.00789979399792, 0.25949703505598587],
              [100.00864351699789, 0.25890023105593185],
              [100.01440483299791, 0.25427703705595683],
              [100.01939904199793, 0.25058648105597586],
              [100.0222396829979, 0.24883080605594887],
              [100.02550890499793, 0.2514527680559838],
              [100.0267056979979, 0.2524126130559378],
              [100.03365159599792, 0.25499916605595285],
              [100.04168111199795, 0.25308118305595384],
              [100.0475152019979, 0.24519240205593484],
              [100.04778794699791, 0.24457057205593485],
              [100.0512922189979, 0.23658118305594683],
              [100.0560977699979, 0.23908118205595486],
              [100.05866521799794, 0.24003368205593784],
              [100.05920416199791, 0.24222243205595384],
              [100.0603360809979, 0.24415796205597884],
              [100.06095183899794, 0.23941824405598283],
              [100.06014769399792, 0.23572863005598785],
              [100.05973449199792, 0.23352182305593785],
              [100.06046224699793, 0.23137832305594985],
              [100.05869255099793, 0.22744399505593585],
              [100.05900705099793, 0.22555374305598283],
              [100.05868369299793, 0.22297610605598084],
              [100.06007632699794, 0.21890618605597484],
              [100.0609747719979, 0.21683507905596885],
              [100.06183727299793, 0.21472776605595784],
              [100.06275374399792, 0.21042268705595285],
              [100.06261905499792, 0.20788121305595583],
              [100.06388583199794, 0.20600907405595584],
              [100.06323902299795, 0.20455293405593986],
              [100.0610020509979, 0.20476088205596485],
              [100.05878305099793, 0.20446235705595983],
              [100.05686955199792, 0.20201130005598583],
              [100.05744457599792, 0.19983163205593285],
              [100.05798366699793, 0.19761576605596085],
              [100.06062499499791, 0.19511960205598183],
              [100.0608316619979, 0.19321127005595384],
              [100.05952010699792, 0.18946688005594584],
              [100.06491046899794, 0.18723307305596384],
              [100.0642546929979, 0.18546941105593384],
              [100.0636169099979, 0.18331682505596783],
              [100.0619819089979, 0.17988899205597883],
              [100.06053558299794, 0.17818862905598085],
              [100.05997863299791, 0.17597274105595784],
              [100.05793285099793, 0.16435867305598584],
              [100.05943291199793, 0.15510478505593983],
              [100.06211313599795, 0.15138498405595185],
              [100.06335020399791, 0.14966809505598586],
              [100.06042978799792, 0.14505490405595384],
              [100.05840519499793, 0.14645207605595084],
              [100.05531735599794, 0.14858299405598485],
              [100.04779666499792, 0.14785969105595584],
              [100.04210019999795, 0.15203007805594385],
              [100.04202442899793, 0.14474849705597184],
              [100.04201896699794, 0.14422355105598683],
              [100.04073381999791, 0.13855188705595384],
              [100.03940370099792, 0.13157762405593584],
              [100.03220610199793, 0.12197124905595985],
              [100.0272100449979, 0.11582931005598585],
              [100.0220432039979, 0.10766108305598684],
              [100.01395628099795, 0.10388922105597985],
              [100.00639942499794, 0.09829909305598485],
              [99.9984292289979, 0.09250089305596984],
              [99.99527883999792, 0.08549834105595285],
              [99.99462818499791, 0.08405209205598384],
              [99.98987480699793, 0.07994535105593985],
              [99.98834682999791, 0.07812421905596484],
              [99.98215612899793, 0.07074578205596585],
              [99.98037701499794, 0.07074581905597184],
              [99.9845999999979, 0.06249580705595284],
              [99.9905122379979, 0.05325073205598584],
              [99.9947352409979, 0.04430422805593584],
              [99.99765539899795, 0.036886524055958846],
              [100.00350877399791, 0.030548714055967846],
              [100.0107922179979, 0.025470075055912842],
              [100.01695866699794, 0.019859076055936845],
              [100.02909766299786, 0.015025073055951844],
              [100.03384777299794, 0.012025634055944846],
              [100.03620888699794, 0.009497851055939843],
              [100.02782794799793, 0.005361400055974843],
              [100.02789077099794, 0.002604885055987844],
              [100.02804359199791, -0.0041004779440501566],
              [100.02790895199792, -0.006073078944027156],
              [100.0277491529979, -0.008414295944064155],
              [100.02716061799794, -0.014017901944029156],
              [100.02686651499795, -0.014905965944067156],
              [100.02434406999794, -0.020361503944045158],
              [100.02375552799793, -0.022391491944049158],
              [100.02369493099792, -0.023149377944023157],
              [100.02370710399794, -0.023750871944045158],
              [100.02512587499791, -0.024516660944059156],
              [100.02612994699791, -0.025379459944062155],
              [100.02696644599791, -0.026158073944018156],
              [100.02786587099791, -0.026978563944041155],
              [100.02870978099793, -0.028910430944037155],
              [100.03086031599793, -0.028976608944035157],
              [100.03101651099792, -0.029157878944019156],
              [100.03125379299792, -0.030145578944015157],
              [100.03117308999794, -0.030539489944019158],
              [100.03158905999794, -0.031063048944062158],
              [100.0323463939979, -0.031113911944018156],
              [100.03260474199794, -0.03148328494403116],
              [100.03267048999794, -0.03184962094404416],
              [100.03262034299792, -0.03231432194404216],
              [100.0328085259979, -0.03315469994406316],
              [100.0327634399979, -0.03395793894405616],
              [100.03281907299794, -0.034120453944055155],
              [100.0327215139979, -0.034597086944060156],
              [100.03325738799793, -0.03548045194405316],
              [100.0337060159979, -0.03567289994406016],
              [100.03401493499791, -0.035737497944055154],
              [100.03432406499792, -0.035911039944025155],
              [100.03543140899791, -0.036189464944058156],
              [100.03710495499791, -0.035985512944066156],
              [100.03774112499792, -0.03620575794404616],
              [100.0383718199979, -0.03678569794401216],
              [100.0384575899979, -0.037332442944020154],
              [100.0383615059979, -0.03775505294406416],
              [100.03824940699792, -0.03812937994403816],
              [100.03785494199792, -0.038537587944049156],
              [100.03757047599794, -0.039124065944051156],
              [100.03760967599794, -0.03964965394406716],
              [100.03736566599792, -0.040053132944067156],
              [100.03647684999794, -0.04056027394402416],
              [100.0367075939979, -0.040908374944067155],
              [100.03697837299791, -0.04102249294406616],
              [100.03722913899793, -0.04166298594405716],
              [100.0372630749979, -0.042420529944067156],
              [100.03776018399793, -0.043684296944022157],
              [100.03770287599792, -0.04426739694405016],
              [100.03738089699795, -0.044490578944064156],
              [100.03682248699795, -0.04459154094404016],
              [100.03623752999795, -0.04500087694405815],
              [100.03579945699789, -0.04617732294404716],
              [100.03553438199793, -0.04698551694404816],
              [100.03553849599791, -0.04740425494405515],
              [100.0355430339979, -0.04786618694406316],
              [100.03524211399792, -0.04836946994406316],
              [100.0351755459979, -0.04848080394405915],
              [100.03493301599792, -0.04921280494402016],
              [100.0351079229979, -0.04968943294402116],
              [100.03560438599794, -0.04996741294404216],
              [100.03613751399791, -0.05013138294405916],
              [100.03677410699794, -0.050352299944038156],
              [100.03680567399795, -0.050376223944042155],
              [100.03718543999793, -0.05066404494401416],
              [100.0371123249979, -0.05100404594405416],
              [100.03680235899793, -0.051332683944039156],
              [100.03489407299793, -0.051754423944018156],
              [100.0346060209979, -0.05201204594406716],
              [100.03414583099794, -0.053580939944012154],
              [100.03401625499794, -0.05459430394402916],
              [100.03309028499791, -0.05573092194406116],
              [100.0328953219979, -0.05597023694404916],
              [100.03228774499792, -0.05685143894406516],
              [100.03202561399792, -0.05722532094402816],
              [100.03112752999795, -0.057897234944036154],
              [100.03027348699794, -0.05853988694404716],
              [100.02998300999792, -0.05896875194405016],
              [100.0299646669979, -0.058995833944024155],
              [100.02987112599794, -0.05913393794405416],
              [100.02965631499791, -0.060312270944038154],
              [100.02954813399793, -0.06080648294401716],
              [100.02955053699793, -0.06113496694403816],
              [100.0296686569979, -0.061380435944031156],
              [100.02981827499792, -0.06161006894403415],
              [100.03007026099795, -0.061966394944065153],
              [100.0304518029979, -0.06233024494405015],
              [100.03084380199795, -0.06255425894401916],
              [100.03132038699795, -0.06269482894406016],
              [100.03187307499792, -0.06273963894402315],
              [100.03222730799791, -0.062390726944031166],
              [100.03263540799793, -0.06167952594402916],
              [100.03265649399793, -0.06164277794401616],
              [100.03294344399791, -0.061194384944016154],
              [100.03330544899791, -0.06094132794406416],
              [100.03372926399794, -0.060861408944035154],
              [100.03443973599792, -0.061096894944043155],
              [100.03468777799793, -0.06139547294405616],
              [100.03501155099792, -0.061785212944059156],
              [100.0351321529979, -0.06199976194402315],
              [100.03527229499792, -0.06224907394401716],
              [100.0357049249979, -0.06324295594406215],
              [100.03604293499791, -0.06386611394405815],
              [100.0361327309979, -0.06423676894404215],
              [100.03617675399789, -0.06441848594401715],
              [100.03614157799791, -0.06512662294402116],
              [100.03622501899792, -0.06533636394401315],
              [100.03636462699791, -0.06533172094405916],
              [100.03654980299791, -0.06529384794406215],
              [100.03660435099795, -0.06541713494401316],
              [100.0366801219979, -0.06552570294404315],
              [100.03685779599795, -0.06578028294403315],
              [100.0369110079979, -0.06590937594403115],
              [100.03709558399794, -0.06635716294401516],
              [100.03719083999795, -0.06657590094401615],
              [100.03727787899794, -0.06675090894405816],
              [100.03724622599793, -0.06692392794404615],
              [100.03717210799795, -0.06706675794406215],
              [100.03694840499793, -0.06722330994402616],
              [100.03688935599791, -0.06726463394402016],
              [100.03653707399792, -0.06727266794403916],
              [100.03652647699795, -0.06727360294404115],
              [100.0363427459979, -0.06728981594402215],
              [100.03623390299794, -0.06729592794401616],
              [100.03608416499793, -0.06732704194404016],
              [100.03599285999792, -0.06736686094403416],
              [100.03633906799791, -0.06810120494405715],
              [100.03594909899795, -0.06859693294403216],
              [100.0360108309979, -0.06884656294401716],
              [100.03572019799793, -0.06931603194401216],
              [100.03539420999795, -0.06897486694406016],
              [100.03528965399789, -0.06882445994402515],
              [100.03513429999794, -0.06888761194402115],
              [100.0349954649979, -0.06899866794405815],
              [100.03483951199792, -0.06908291894403315],
              [100.03467975499791, -0.06915759594402016],
              [100.03460181599792, -0.06916977994403316],
              [100.03426324499793, -0.06932226794405916],
              [100.03417538799795, -0.06936183794401515],
              [100.0343621489979, -0.06957692294405116],
              [100.0345406919979, -0.06972812094402016],
              [100.03448086499793, -0.06978692894402616],
              [100.0344262729979, -0.06981519194401616],
              [100.03424118699792, -0.06991101394406515],
              [100.03404535799791, -0.07012101394404616],
              [100.03407795599793, -0.07020755994402315],
              [100.03398409799792, -0.07028013894402815],
              [100.0338538829979, -0.07038083094401816],
              [100.03368884299795, -0.07045765294405716],
              [100.0336570969979, -0.07047142494404615],
              [100.03378347699794, -0.07073220694404415],
              [100.0336678469979, -0.07095998094403916],
              [100.03334365299793, -0.07107459294404316],
              [100.03300824199795, -0.07121195594406515],
              [100.03296180499791, -0.07123097394405416],
              [100.03284053699792, -0.07128063794401415],
              [100.03274333399793, -0.07105253694406616],
              [100.03268974799795, -0.07092678994403916],
              [100.03266617099791, -0.07086596594403716],
              [100.03272956699794, -0.07083416394401315],
              [100.0325883199979, -0.07047380794402616],
              [100.03254692399793, -0.07048847394405315],
              [100.03241757299793, -0.07015063594404615],
              [100.0324773469979, -0.07012945894403816],
              [100.03232371899793, -0.06972418994404016],
              [100.03260163199792, -0.06964010694405015],
              [100.03277919699792, -0.06960115894405315],
              [100.03295191499791, -0.06954955194406416],
              [100.03311985299791, -0.06948546194404015],
              [100.03307994199793, -0.06913834994405516],
              [100.03305489399793, -0.06894616794402016],
              [100.0331241169979, -0.06893521594405215],
              [100.0331151989979, -0.06888536994402715],
              [100.03311546999794, -0.06877141194404116],
              [100.03303287599795, -0.06858623094403515],
              [100.03297668199792, -0.06847084594402016],
              [100.03277250399793, -0.06853093594405416],
              [100.03256652799791, -0.06859155494406416],
              [100.03248283199792, -0.06859004394401316],
              [100.0324360389979, -0.06858919894402515],
              [100.03204413599792, -0.06858212594401916],
              [100.03158194499792, -0.06857420294402015],
              [100.03126027899793, -0.06856128794406416],
              [100.03118978199791, -0.06855845794403616],
              [100.03099612099794, -0.06858365894406415],
              [100.03088324999794, -0.06859834694402915],
              [100.0308117069979, -0.06860765594403516],
              [100.0307962799979, -0.06860966394405915],
              [100.03064032399794, -0.06859305694403915],
              [100.03016024099793, -0.06854193394404716],
              [100.02992785499794, -0.06857413194403215],
              [100.02974360599791, -0.06857007894403516],
              [100.02968965399793, -0.06856889194402516],
              [100.02967683499793, -0.06856968494405216],
              [100.0296020869979, -0.06857494594406416],
              [100.02957472399794, -0.06857687094405615],
              [100.0294997559979, -0.06858214694402416],
              [100.02944979399791, -0.06858566294401716],
              [100.02932544099792, -0.06857571594405015],
              [100.02926616299794, -0.06857097494405216],
              [100.0291533659979, -0.06856195194403415],
              [100.02910376699793, -0.06855023594401616],
              [100.02875893999794, -0.06846878394405516],
              [100.02837958599793, -0.06835541594402615],
              [100.02803220999795, -0.06819957194402115],
              [100.02789772799792, -0.06815531194403916],
              [100.02748908199794, -0.06802983794402416],
              [100.02719945799794, -0.06799005594403716],
              [100.0268529739979, -0.06794246394405015],
              [100.02664602499794, -0.06791403794402115],
              [100.02654022499792, -0.06790458994406416],
              [100.02642950799793, -0.06791403594404216],
              [100.02637111399793, -0.06795097294404716],
              [100.02632295899792, -0.06798143294405215],
              [100.0262844009979, -0.06800582394406215],
              [100.02619323599794, -0.06808783494402315],
              [100.02597296499795, -0.06828598794406515],
              [100.02594013099792, -0.06831901694401615],
              [100.02586689099792, -0.06839269194402715],
              [100.02585823499794, -0.06839271394402116],
              [100.02547519499791, -0.06883249294405415],
              [100.02511494199791, -0.06917028594402516],
              [100.0246282369979, -0.06958022094401915],
              [100.0241292589979, -0.06981188194406215],
              [100.02358369299793, -0.07005461894401316],
              [100.02324677899793, -0.07010710894404315],
              [100.02292337199793, -0.07018496694404015],
              [100.02286262299793, -0.07019959194404615],
              [100.02255517499793, -0.07032518494405315],
              [100.02250808499792, -0.07035421394401416],
              [100.02235746299795, -0.07044706494404816],
              [100.02220845599794, -0.07053891894405216],
              [100.02199812499794, -0.07086692194404516],
              [100.02190751699794, -0.07116123694406416],
              [100.02186540299795, -0.07129803294405716],
              [100.02181936099794, -0.07163865694404616],
              [100.02175577999793, -0.07175795194403616],
              [100.02125176099793, -0.07213730894402216],
              [100.0209356239979, -0.07230590294402316],
              [100.02078785599792, -0.07231797894404215],
              [100.0206601999979, -0.07225121794401415],
              [100.0205089569979, -0.07217212094404615],
              [100.02036011499791, -0.07206552594401215],
              [100.02013009799794, -0.07175688994401215],
              [100.01989648899792, -0.07124339294402615],
              [100.01983505499794, -0.07103957694401716],
              [100.01980119799794, -0.07037415994402316],
              [100.01982087499795, -0.07029483294404315],
              [100.02004069599792, -0.06952862594401615],
              [100.02008598399794, -0.06939472694402615],
              [100.02024608099794, -0.06892138494406215],
              [100.02025200899794, -0.06890385694406116],
              [100.0203229309979, -0.06867311994402316],
              [100.0204419619979, -0.06839021494401716],
              [100.02049316899792, -0.06826850994404715],
              [100.02063097899793, -0.06771158294405716],
              [100.0206493909979, -0.06728716394404416],
              [100.02056386699792, -0.06705130794402715],
              [100.02027457899794, -0.06652936494406016],
              [100.02013656999793, -0.06634659494402216],
              [100.01999192599794, -0.06618116894405515],
              [100.01978239099793, -0.06608415494405015],
              [100.0195532819979, -0.06614226194402316],
              [100.0193712659979, -0.06623611994403715],
              [100.01907823199792, -0.06629757894403115],
              [100.01882726399793, -0.06624620294404315],
              [100.01860301799792, -0.06619079394401715],
              [100.01856797099794, -0.06618213394402515],
              [100.0181671189979, -0.06589095494403815],
              [100.0179955949979, -0.06576396194405716],
              [100.01777966299787, -0.06560408994401716],
              [100.01777767199792, -0.06560099394401715],
              [100.0176847229979, -0.06545645794402316],
              [100.0176805839979, -0.06544844094405315],
              [100.0175909499979, -0.06527482794403716],
              [100.01743028599793, -0.06507158094403516],
              [100.01710108999794, -0.06490474294405116],
              [100.01660573999794, -0.06483843594405415],
              [100.01573471299793, -0.06485802294405116],
              [100.01551087499791, -0.06486228794402416],
              [100.0154165059979, -0.06486035094404516],
              [100.01538436599793, -0.06485969094403315],
              [100.01494383199793, -0.06494311494405716],
              [100.01484464699791, -0.06499809794404116],
              [100.0145893059979, -0.06513964794406515],
              [100.01457325999792, -0.06514854294401616],
              [100.0142230329979, -0.06546746794406015],
              [100.01416823199793, -0.06551506694403016],
              [100.01401368199794, -0.06564930494401716],
              [100.01394592899794, -0.06570815294405416],
              [100.01371822799791, -0.06588484194405415],
              [100.0135525269979, -0.06597315294406815],
              [100.01332105699794, -0.06608829994404215],
              [100.01311902899795, -0.06613749794404115],
              [100.01260998999794, -0.06622292894404315],
              [100.0123431109979, -0.06633356394404216],
              [100.01212626599795, -0.06644151394401415],
              [100.0119565259979, -0.06659047494405015],
              [100.01180224999791, -0.06673572294401715],
              [100.01153063099792, -0.06701482894406716],
              [100.01137286599794, -0.06719358294405715],
              [100.01123771099793, -0.06736062194401915],
              [100.0109856779979, -0.06763499094402915],
              [100.01077988699791, -0.06791687094401816],
              [100.01068039699794, -0.06811800694406116],
              [100.0106460379979, -0.06823490594403815],
              [100.01061998299792, -0.06832355094404316],
              [100.01060713699792, -0.06849009894402516],
              [100.01058036899792, -0.06869369694406616],
              [100.01055314199795, -0.06890078894404916],
              [100.01055173699791, -0.06891147494404516],
              [100.01047586299791, -0.06915003694403715],
              [100.01024994799792, -0.06947761094402016],
              [100.01007966699791, -0.06971478694406115],
              [100.0100393709979, -0.06982989794401816],
              [100.00999189199791, -0.06996553094403216],
              [100.00996997699792, -0.07002922694401516],
              [100.0099276829979, -0.07015215194404316],
              [100.00988511399794, -0.07037750994406615],
              [100.0099263769979, -0.07088846394405815],
              [100.00998084499793, -0.07108272994405215],
              [100.01004592699792, -0.07131484994401616],
              [100.01017874299794, -0.07170286594406115],
              [100.01020825699794, -0.07199312894401516],
              [100.01020311499792, -0.07204692894406116],
              [100.01018806799794, -0.07220435694402716],
              [100.0101830459979, -0.07225689794403016],
              [100.01016759499794, -0.07249556194402415],
              [100.01018236699792, -0.07266503094403716],
              [100.01024910499791, -0.07285448894406016],
              [100.0103893299979, -0.07305160894405516],
              [100.01048674399794, -0.07314507494406515],
              [100.01056199499794, -0.07321727694402115],
              [100.01072632799793, -0.07332163794403315],
              [100.01089190499795, -0.07343737394403116],
              [100.01103139899794, -0.07354234194404816],
              [100.01121796499791, -0.07362191394405215],
              [100.01142290399793, -0.07374879594401315],
              [100.01156327899793, -0.07383570394402715],
              [100.0117366589979, -0.07396893494403416],
              [100.01188582999794, -0.07410168394402215],
              [100.01204982199795, -0.07424594194405616],
              [100.01229958499795, -0.07451384594405415],
              [100.01259269899793, -0.07483581394403416],
              [100.0127298519979, -0.07500231894401516],
              [100.01281596399792, -0.07511105194406316],
              [100.01283916199793, -0.07531683594406516],
              [100.01295542299795, -0.07561724294406216],
              [100.01306892499792, -0.07580663894405816],
              [100.0134251169979, -0.07624577294403416],
              [100.01367795099793, -0.07664623594403916],
              [100.01382703499792, -0.07684295194404415],
              [100.01392166299786, -0.07701785594404915],
              [100.01392545799791, -0.07702486994405415],
              [100.01397783499795, -0.07732037994405516],
              [100.0139891429979, -0.07771340794401715],
              [100.01398318999793, -0.07807998794406516],
              [100.0139447229979, -0.07835402394401615],
              [100.01387744499795, -0.07853438394401716],
              [100.0137679859979, -0.07867822394403816],
              [100.01364673799793, -0.07885859294405816],
              [100.01355280399792, -0.07903789094403615],
              [100.01355279199794, -0.07903791394402016],
              [100.01347339799793, -0.07918178994405915],
              [100.0133506019979, -0.07940431894404315],
              [100.01327591199794, -0.07953614594406115],
              [100.0131909029979, -0.07968618494406615],
              [100.01304331899792, -0.07989330094402215],
              [100.01292147699792, -0.08005589494403816],
              [100.01281959899791, -0.08022310594405715],
              [100.0126824609979, -0.08060697594406416],
              [100.0126033339979, -0.08095871194403516],
              [100.0125964109979, -0.08101964694405715],
              [100.01259593199791, -0.08102385994401115],
              [100.01254287199794, -0.08149084894402815],
              [100.01256169999795, -0.08158662594404116],
              [100.01258785499795, -0.08171968094403316],
              [100.01261833399792, -0.08208127494405916],
              [100.0125827309979, -0.08241005894403515],
              [100.01256647999793, -0.08269023794405016],
              [100.01256169699792, -0.08277270094406215],
              [100.01263075599792, -0.08293153394406215],
              [100.01276036799794, -0.08314525794405415],
              [100.0127708209979, -0.08316294694405715],
              [100.0128748769979, -0.08333904694403316],
              [100.01298031599794, -0.08358064694401415],
              [100.01300026699795, -0.08361886494405715],
              [100.01303767599791, -0.08369052694403915],
              [100.01311930399794, -0.08396847894401516],
              [100.0131999819979, -0.08413246494403416],
              [100.01333451599794, -0.08430705294402716],
              [100.01350022099791, -0.08444593394402515],
              [100.0136773889979, -0.08463113594403615],
              [100.01389928399794, -0.08477486194401215],
              [100.01424556999791, -0.08491704494404916],
              [100.01433319299792, -0.08495302194403116],
              [100.01441442599793, -0.08498541994406116],
              [100.0145664189979, -0.08504603794402515],
              [100.0148508409979, -0.08507606494406116],
              [100.01512276899791, -0.08512075994404715],
              [100.01539307199795, -0.08510944094403816],
              [100.0156391789979, -0.08522289494406715],
              [100.01574672399789, -0.08529169794404416],
              [100.01581313599792, -0.08533418594406315],
              [100.0159611129979, -0.08547273094403315],
              [100.01616938299793, -0.08566094194405616],
              [100.01630313099793, -0.08580500894406416],
              [100.01633747199793, -0.08584773194404216],
              [100.0164312909979, -0.08596444694403216],
              [100.01650624399792, -0.08617371994402816],
              [100.01653544799791, -0.08628979994402616],
              [100.0165610019979, -0.08639136994405315],
              [100.01655391499793, -0.08663538794404216],
              [100.01657310899793, -0.08689168094404916],
              [100.01659879599794, -0.08710165994402516],
              [100.01664951199791, -0.08730450594406115],
              [100.01670885999795, -0.08742717994401515],
              [100.01671439699794, -0.08743862494405616],
              [100.01675101199794, -0.08751430794403316],
              [100.01689004499792, -0.08770141694405716],
              [100.01702569599792, -0.08790649894403615],
              [100.01712567999795, -0.08811542294402816],
              [100.01715899099793, -0.08823321894401216],
              [100.01720012799791, -0.08837869194404416],
              [100.0172259779979, -0.08859687894401716],
              [100.01725856999792, -0.08874775394404816],
              [100.0172720639979, -0.08881022194405816],
              [100.01727601299791, -0.08882309694404016],
              [100.0173285339979, -0.08899433794401515],
              [100.01734766199792, -0.08904696694405316],
              [100.01739731499794, -0.08918358194402716],
              [100.0174755419979, -0.08935704894405215],
              [100.01755319099794, -0.08956582394402815],
              [100.01762770199792, -0.08976058894403116],
              [100.01766022699792, -0.08987211694402215],
              [100.0176936939979, -0.08998687494401715],
              [100.01773761699792, -0.09024741194404816],
              [100.0177176939979, -0.09047290494406515],
              [100.0176353149979, -0.09082893794406716],
              [100.0174904419979, -0.09113694194404316],
              [100.01741668599794, -0.09131091094404516],
              [100.01732223299791, -0.09149217194401116],
              [100.01722652899792, -0.09168607994404016],
              [100.01708371199794, -0.09187450694405215],
              [100.01696107399795, -0.09200962594404416],
              [100.0168514169979, -0.09214659494402616],
              [100.0167209799979, -0.09227370494402015],
              [100.01661238599792, -0.09237431194405615],
              [100.01659044999792, -0.09239463394406716],
              [100.0163871399979, -0.09256224894402015],
              [100.01634668999793, -0.09259538694401216],
              [100.01623582899794, -0.09268620694403716],
              [100.01613436999793, -0.09276878194405916],
              [100.01596271599794, -0.09288471094406216],
              [100.01579422099792, -0.09304412894401516],
              [100.0156207209979, -0.09325460294404316],
              [100.0155764899979, -0.09330825894402016],
              [100.01544681299794, -0.09354005694403615],
              [100.0153902709979, -0.09370265294403216],
              [100.0153743869979, -0.09374832994403416],
              [100.01532497299792, -0.09389042994403915],
              [100.0153136759979, -0.09416130794402015],
              [100.01535242099794, -0.09441151094402715],
              [100.01535577199792, -0.09443694694401515],
              [100.01537737899793, -0.09460096694401415],
              [100.01538588899791, -0.09480208494402116],
              [100.01535498999795, -0.09500054394406715],
              [100.01531669599791, -0.09521471494404915],
              [100.01522162399795, -0.09534644094405516],
              [100.01514662099794, -0.09545036194406016],
              [100.01513323799793, -0.09545912994404615],
              [100.01488607299791, -0.09562105894404715],
              [100.01475441099791, -0.09572598194402816],
              [100.01468734099791, -0.09577943194402416],
              [100.01456432599792, -0.09587300794406416],
              [100.01557743299793, -0.09729769094404615],
              [100.01563610699793, -0.09738020294405215],
              [100.01551531499791, -0.09777928094403916],
              [100.01568246799792, -0.09818959194403516],
              [100.0158933179979, -0.09841022294402516],
              [100.01611696899795, -0.09864424794402316],
              [100.01664918599795, -0.09877219394404316],
              [100.01680729499793, -0.09881020294402315],
              [100.01709193699793, -0.09880408594402515],
              [100.01724602199795, -0.09880077494402416],
              [100.01748559099792, -0.09873598894402816],
              [100.01763762299794, -0.09869487494403016],
              [100.01770031999791, -0.09867791994405216],
              [100.01774754999792, -0.09861980794401816],
              [100.01783633899794, -0.09851055994401715],
              [100.0184437239979, -0.09776321994404216],
              [100.01851993399794, -0.09766944894401816],
              [100.0185563699979, -0.09758669894402816],
              [100.01890082399791, -0.09680441494406015],
              [100.01906056999792, -0.09654806694406616],
              [100.01918744599794, -0.09634446594405716],
              [100.01964461599795, -0.09607294394406515],
              [100.01986448799789, -0.09596894194406516],
              [100.02044761599791, -0.09569311594405816],
              [100.02092092999794, -0.09555418194405216],
              [100.0211671009979, -0.09548192194402816],
              [100.02162861599794, -0.09527549594405116],
              [100.02172766899793, -0.09523119194402316],
              [100.02197651799793, -0.09511988494402615],
              [100.0224405489979, -0.09479049694401416],
              [100.02254016099795, -0.09471978794401516],
              [100.0228159059979, -0.09452405194404916],
              [100.02322456599791, -0.09413950194401416],
              [100.0233929839979, -0.09398101894406316],
              [100.0237527149979, -0.09356620594404316],
              [100.0239400999979, -0.09342682294406715],
              [100.02409746399792, -0.09330976994401416],
              [100.02444221499792, -0.09315138194402516],
              [100.0248374509979, -0.09302155294402316],
              [100.02521738899793, -0.09298189394404216],
              [100.0253307899979, -0.09305949494402915],
              [100.02545024099794, -0.09306607694405515],
              [100.02561878199793, -0.09305454594401416],
              [100.02577259499793, -0.09302161394406015],
              [100.02597222399794, -0.09300020494406215],
              [100.02610148999793, -0.09296562394403915],
              [100.02619148599791, -0.09292281394401415],
              [100.0263272989979, -0.09289152494402216],
              [100.02643529699793, -0.09290963394401816],
              [100.02650075099791, -0.09296067294404516],
              [100.02696939199791, -0.09294136194402816],
              [100.02745437599793, -0.09297006794405116],
              [100.02758559299792, -0.09299377494402015],
              [100.0280106819979, -0.09307057394401816],
              [100.02838155399792, -0.09314236494405716],
              [100.02859551699794, -0.09317107894405316],
              [100.02888079999792, -0.09314234994404516],
              [100.02915181899795, -0.09311362194402716],
              [100.0293676809979, -0.09302745394403215],
              [100.02967754599791, -0.09288251094402215],
              [100.02987208999792, -0.09289761494402216],
              [100.03006188399792, -0.09291234994405816],
              [100.0305629319979, -0.09295124894406116],
              [100.03075719099792, -0.09296633094406516],
              [100.03099508999793, -0.09298479994406215],
              [100.0312433349979, -0.09300407394401615],
              [100.03147163299792, -0.09298183494404115],
              [100.03166678799795, -0.09292254394402716],
              [100.03188771699791, -0.09280025894405215],
              [100.0319542989979, -0.09274721294404716],
              [100.03206351399791, -0.09266020094405315],
              [100.03206445799793, -0.09265944894404715],
              [100.03207062799794, -0.09265022894406616],
              [100.0321859649979, -0.09247788194402015],
              [100.03228169599794, -0.09223332194402216],
              [100.03230338499793, -0.09201717694405416],
              [100.03231850599792, -0.09186648894403515],
              [100.03231856599791, -0.09164865494402316],
              [100.0323186529979, -0.09133464194404416],
              [100.03225235999793, -0.09092705194403515],
              [100.0322425589979, -0.09089413394404716],
              [100.0321513059979, -0.09058764894403716],
              [100.03203843799793, -0.09045077894403115],
              [100.03182427299794, -0.09016829994401115],
              [100.0317027199979, -0.08999648294404515],
              [100.03162457799795, -0.08985378494405416],
              [100.0315145979979, -0.08952470694406116],
              [100.03150007899791, -0.08923684594405716],
              [100.03149486399792, -0.08913345194405016],
              [100.0314943279979, -0.08912282194403115],
              [100.03152919299794, -0.08894426194403615],
              [100.03154770599792, -0.08890927194401815],
              [100.0315791689979, -0.08884980594403616],
              [100.03164784099795, -0.08872001694406616],
              [100.0318070059979, -0.08851033194405016],
              [100.03209640199793, -0.08831811794401316],
              [100.03253084099794, -0.08806964094405616],
              [100.03305753899792, -0.08773471994406616],
              [100.0336376559979, -0.08736363694406216],
              [100.03374716399793, -0.08729358694402815],
              [100.03403903999794, -0.08709023494405715],
              [100.03415127099794, -0.08701204394405716],
              [100.0341609979979, -0.08700526694404716],
              [100.03447353999792, -0.08667035294404016],
              [100.0347371509979, -0.08631415994402415],
              [100.03475612199793, -0.08628361294402916],
              [100.03511335399793, -0.08570840594403216],
              [100.03537710899792, -0.08523561394405016],
              [100.03571888299791, -0.08474551894401816],
              [100.03582099599794, -0.08459884294403215],
              [100.03605746899791, -0.08425916994404715],
              [100.03637356299794, -0.08379226294401616],
              [100.0365381289979, -0.08358340394401816],
              [100.03678591299791, -0.08326892994402615],
              [100.03686279099793, -0.08317135994404616],
              [100.03725092499792, -0.08275096894401215],
              [100.03756759399795, -0.08248503694402115],
              [100.0376705469979, -0.08239857794403316],
              [100.0378491009979, -0.08224787494405916],
              [100.03800976799795, -0.08211227094402315],
              [100.03803090799789, -0.08209673794401316],
              [100.03819208499795, -0.08197830394401216],
              [100.03844185099791, -0.08184685294405415],
              [100.0387399309979, -0.08177986594402815],
              [100.0389106759979, -0.08179442294401415],
              [100.03927242899795, -0.08193128694402715],
              [100.0394998629979, -0.08209669894402816],
              [100.03972387099793, -0.08225961894406415],
              [100.0398494359979, -0.08235094194405716],
              [100.0401185809979, -0.08255770294401515],
              [100.0402806489979, -0.08268583494405815],
              [100.04043692699793, -0.08277902194406316],
              [100.04056897699792, -0.08283006394405816],
              [100.04091154499793, -0.08296247794406515],
              [100.0413731739979, -0.08308289894402815],
              [100.04193171599792, -0.08317316394406715],
              [100.04254491099795, -0.08324256494402915],
              [100.04262627599792, -0.08325177394401316],
              [100.04314719499791, -0.08330126694401915],
              [100.04370485999794, -0.08336558694405516],
              [100.0441997349979, -0.08344420294405115],
              [100.0443973389979, -0.08344545594404415],
              [100.04440697499791, -0.08344551694402516],
              [100.04465698399792, -0.08344710294402116],
              [100.04490586499793, -0.08340341294403715],
              [100.04494747499791, -0.08338923694405716],
              [100.04521725699794, -0.08329732194401615],
              [100.04546150699792, -0.08321410494401915],
              [100.0462878279979, -0.08290484594401415],
              [100.0469563299979, -0.08260778294406616],
              [100.04732579199793, -0.08241346894401115],
              [100.04750414399791, -0.08231966694403116],
              [100.0475322239979, -0.08230489894405915],
              [100.04788019899792, -0.08209647894402415],
              [100.04817791299791, -0.08191816194401716],
              [100.04828489599794, -0.08185408594401615],
              [100.0483270019979, -0.08182886594401816],
              [100.04853228399793, -0.08172058594401216],
              [100.04874662499793, -0.08160752694401216],
              [100.04899414599794, -0.08148171994405115],
              [100.0490331239979, -0.08146190794404616],
              [100.0493283069979, -0.08132502694404316],
              [100.0495742959979, -0.08129298694403515],
              [100.04972994799795, -0.08130918594405015],
              [100.04977082199792, -0.08131343994402615],
              [100.04982607199793, -0.08131918994404015],
              [100.04997473599792, -0.08133010194403316],
              [100.04999539099794, -0.08133161794403015],
              [100.05041757999794, -0.08136260694401215],
              [100.05092868299795, -0.08146747394401616],
              [100.0511555469979, -0.08151402194401716],
              [100.05126382999794, -0.08154528894401415],
              [100.05205378599794, -0.08177338594406115],
              [100.05246762799794, -0.08186365294402216],
              [100.0525635009979, -0.08186168094401616],
              [100.05274679199795, -0.08185791094403816],
              [100.05275123699795, -0.08185782094402316],
              [100.05304166999792, -0.08181392894401515],
              [100.0532471399979, -0.08174403094402316],
              [100.05355968699791, -0.08163918294404515],
              [100.0538895989979, -0.08158384294402715],
              [100.05418073099793, -0.08158383594404515],
              [100.0542021479979, -0.08158383494405516],
              [100.05436245099793, -0.08156337994402915],
              [100.0546261749979, -0.08152972794401615],
              [100.0546608069979, -0.08152530894402316],
              [100.05510068899792, -0.08142336994403315],
              [100.05536114699794, -0.08142918794406716],
              [100.05555215099793, -0.08149033894402216],
              [100.0561685709979, -0.08161263494405116],
              [100.0562511579979, -0.08162490594405415],
              [100.05630165799795, -0.08163240994404916],
              [100.05666274399795, -0.08168606294405815],
              [100.05699494099792, -0.08174709194405215],
              [100.05721737199792, -0.08184591094401115],
              [100.0573844949979, -0.08202991594406216],
              [100.05743494799793, -0.08209622494403816],
              [100.05759846299793, -0.08231113094403515],
              [100.0579729039979, -0.08267610694404916],
              [100.05805517499795, -0.08277167094404116],
              [100.05820470199791, -0.08294535494404416],
              [100.0583300439979, -0.08306489294402315],
              [100.0585434819979, -0.08326844994404316],
              [100.0587574529979, -0.08365736594406316],
              [100.05888821799795, -0.08406423394403316],
              [100.05904869799792, -0.08442921694403116],
              [100.05920917599792, -0.08469846494402615],
              [100.05934587899793, -0.08491984794402216],
              [100.05952078999792, -0.08514721394401216],
              [100.05964280299793, -0.08527326194403916],
              [100.05973784599792, -0.08537144694405216],
              [100.0599693669979, -0.08555782194405015],
              [100.06004211499794, -0.08559915494406316],
              [100.0603655949979, -0.08578294794402516],
              [100.06042795399793, -0.08581837894404015],
              [100.06056855599792, -0.08589826494402115],
              [100.06064077899794, -0.08593929994405916],
              [100.0607057399979, -0.08595816294403816],
              [100.0614333299979, -0.08616945294402016],
              [100.06158544599793, -0.08621362694405815],
              [100.0616901289979, -0.08622431094401815],
              [100.0623182209979, -0.08628841294402916],
              [100.06238418399795, -0.08629514594404916],
              [100.06249832899795, -0.08627494194404016],
              [100.06289458699791, -0.08620480294403915],
              [100.06321292299793, -0.08618149794402516],
              [100.06321759499792, -0.08618049394401316],
              [100.0635109999979, -0.08611742094403516],
              [100.06369910499791, -0.08604169894401516],
              [100.06444400999794, -0.08577909194404716],
              [100.06500778899795, -0.08554232994406116],
              [100.06512298899793, -0.08549395094404115],
              [100.06521379599792, -0.08545581694401916],
              [100.06583749699791, -0.08514018094403715],
              [100.06662701599794, -0.08475141994402716],
              [100.06664779699793, -0.08474118794406116],
              [100.0666499329979, -0.08473993894402515],
              [100.06675367499793, -0.08467929794402115],
              [100.0668245529979, -0.08463786794406715],
              [100.06713108099791, -0.08445869094406115],
              [100.0673627249979, -0.08430746994405115],
              [100.06761845099794, -0.08414052794402915],
              [100.06786732799793, -0.08399491194403215],
              [100.06811002299793, -0.08387589094404316],
              [100.0681174489979, -0.08387224894401915],
              [100.06823389299791, -0.08384245494401915],
              [100.06826683899794, -0.08383402494403916],
              [100.06845893399793, -0.08378487394405415],
              [100.0687512269979, -0.08379069094404215],
              [100.0687594299979, -0.08379200494401616],
              [100.0688771709979, -0.08381086794405215],
              [100.06920557999791, -0.08386348294406816],
              [100.06960784699794, -0.08403529094401516],
              [100.06982406999794, -0.08416422194402215],
              [100.06999853799795, -0.08426825494403516],
              [100.07012285599791, -0.08434277694401215],
              [100.07027659199792, -0.08441112894404015],
              [100.07036776199794, -0.08444350494401916],
              [100.07063590399792, -0.08449026794401916],
              [100.07108025099791, -0.08449911094406516],
              [100.07126811299793, -0.08450284894404116],
              [100.07131947599794, -0.08450065894406615],
              [100.07146265899792, -0.08449455294406516],
              [100.07177645499792, -0.08448117194403415],
              [100.0718169089979, -0.08447944694403016],
              [100.07195463799792, -0.08445326394404115],
              [100.07198377499793, -0.08444772494401316],
              [100.07213867799794, -0.08441827694404916],
              [100.0722702359979, -0.08438221494405716],
              [100.0722996809979, -0.08437414394403216],
              [100.07239898799793, -0.08434692294405016],
              [100.07265800099793, -0.08427592394404816],
              [100.07286536199791, -0.08416079094404015],
              [100.07293425899792, -0.08411126394405216],
              [100.07300300499793, -0.08406184794402816],
              [100.0733125729979, -0.08382409894402115],
              [100.07362182399794, -0.08359923194403515],
              [100.0737637019979, -0.08352510594401916],
              [100.07411400699795, -0.08337558794401916],
              [100.07416048299791, -0.08336839194406316],
              [100.0742445009979, -0.08336479094406016],
              [100.07436427099793, -0.08337198294405816],
              [100.07455018499792, -0.08344033494402915],
              [100.07472894899792, -0.08356445094402416],
              [100.07483827299791, -0.08367528394403216],
              [100.07484502799792, -0.08368213194403015],
              [100.07487090299793, -0.08369186694402216],
              [100.07505889499794, -0.08376259594403716],
              [100.07532577799793, -0.08392304094404315],
              [100.07537950599794, -0.08395534194401916],
              [100.07548077899793, -0.08401622494402215],
              [100.07575525299791, -0.08418001894402516],
              [100.0759765989979, -0.08431210994403715],
              [100.07620541799793, -0.08449918494402216],
              [100.07621554599791, -0.08451036694405915],
              [100.0763341309979, -0.08464129194406715],
              [100.0765011129979, -0.08485362094403115],
              [100.07661182699792, -0.08499440094401216],
              [100.07689824499795, -0.08530668494402915],
              [100.07697872199793, -0.08539442994406016],
              [100.0771467599979, -0.08551854594405515],
              [100.07731658699794, -0.08561028394403515],
              [100.0776222699979, -0.08565164794406116],
              [100.0776729999979, -0.08565049194406515],
              [100.07790207699793, -0.08564526994403816],
              [100.07801733099791, -0.08564264294402316],
              [100.07809425699793, -0.08561234894402515],
              [100.07818178799795, -0.08557787994401216],
              [100.07831323499789, -0.08548397294406115],
              [100.0785027159979, -0.08525191394402015],
              [100.07867967999795, -0.08495509594403916],
              [100.07872161299792, -0.08485461994403916],
              [100.07875475499793, -0.08477520794404815],
              [100.0787587089979, -0.08474133994404516],
              [100.07877269599794, -0.08462154394406715],
              [100.07877268999795, -0.08438409394402416],
              [100.0787458679979, -0.08417542694404316],
              [100.07864038599791, -0.08366455094402216],
              [100.07861247099794, -0.08353090394403716],
              [100.07857150999791, -0.08333479994404015],
              [100.07854915199795, -0.08322776194403016],
              [100.07854638899789, -0.08321453194405115],
              [100.0784634509979, -0.08288936394403415],
              [100.07845200099791, -0.08253253894405116],
              [100.07853554599791, -0.08190495094406415],
              [100.07864792399795, -0.08146148594401816],
              [100.0786762389979, -0.08134974794403116],
              [100.07870935799792, -0.08121905494401416],
              [100.07884658199794, -0.08084618394404716],
              [100.07912557599792, -0.08068825294405715],
              [100.07913934499794, -0.08068045894405916],
              [100.07922330099791, -0.08065799794404416],
              [100.07931582099792, -0.08063324694403215],
              [100.07934488999791, -0.08062546994402416],
              [100.07950072799792, -0.08058377894404616],
              [100.07955628999792, -0.08058579794406716],
              [100.0796453569979, -0.08058903494405416],
              [100.08026009399794, -0.08061137594403116],
              [100.08101845999795, -0.08065146994401616],
              [100.08137423099794, -0.08067027794406516],
              [100.0817521659979, -0.08069619994402916],
              [100.08217934199791, -0.08072549794404416],
              [100.08290668899792, -0.08080373194404415],
              [100.08341784999794, -0.08092221394404915],
              [100.08363069799793, -0.08097154994406716],
              [100.08378042099793, -0.08100625294405016],
              [100.08392969699793, -0.08104546394405115],
              [100.08455145699793, -0.08120877994404915],
              [100.08456204399795, -0.08121130894402015],
              [100.08518731399795, -0.08136067094402216],
              [100.08543927299792, -0.08138042394402616],
              [100.08570399899793, -0.08140117794401616],
              [100.08610854599794, -0.08140795194405816],
              [100.08641195699795, -0.08144186694401916],
              [100.08665939499792, -0.08148814894404716],
              [100.08676256399792, -0.08150744594404116],
              [100.08680657799795, -0.08150699494403615],
              [100.0870106089979, -0.08150490094401115],
              [100.0871859109979, -0.08149132794402215],
              [100.08733185299792, -0.08149053294401616],
              [100.0873753069979, -0.08152514994405616],
              [100.0874302889979, -0.08153979194405316],
              [100.0874368679979, -0.08154154494404516],
              [100.08746674299795, -0.08154518794405916],
              [100.08751377199792, -0.08155430994405316],
              [100.08753572299793, -0.08155856794404316],
              [100.08759225099794, -0.08157084094402516],
              [100.08822549399792, -0.08140576194402616],
              [100.08940793099794, -0.08121669094406016],
              [100.09044454499792, -0.08103769094405816],
              [100.0917766799979, -0.08080766194403616],
              [100.09185801199794, -0.08137644594403115],
              [100.09199948299795, -0.08216504694404116],
              [100.0921631049979, -0.08323188794405216],
              [100.09235010599792, -0.08351441894403415],
              [100.0925687819979, -0.08378185694401416],
              [100.09290069599791, -0.08409153494402216],
              [100.09329745999793, -0.08432043794401516],
              [100.09369511399791, -0.08444125694403215],
              [100.09395435799792, -0.08443218394403115],
              [100.09464642699794, -0.08433923894402516],
              [100.09483171199793, -0.08430824594402915],
              [100.09500333099794, -0.08430568594404515],
              [100.09522425299792, -0.08432834394402315],
              [100.0956593389979, -0.08452778094401515],
              [100.0962801479979, -0.08487288294405415],
              [100.09660966199795, -0.08512218494404115],
              [100.0973835079979, -0.08525796594402416],
              [100.09803448099791, -0.08471874294404816],
              [100.0981969699979, -0.08484897394406216],
              [100.09869121399794, -0.08525412994406216],
              [100.09923614199795, -0.08532210894405516],
              [100.09975572399793, -0.08548381094401215],
              [100.10084278099794, -0.08571919394403016],
              [100.10174385799792, -0.08487471894402215],
              [100.10219216199795, -0.08444498394406716],
              [100.10287325399793, -0.08377704594401815],
              [100.10396056799794, -0.08442557994406716],
              [100.10463051299791, -0.08487109394404516],
              [100.10586596399793, -0.08569266994406616],
              [100.10783349799794, -0.08596122994406116],
              [100.10797693999791, -0.08600844694403516],
              [100.10819199399793, -0.08621420894404215],
              [100.10837814299794, -0.08659195394402315],
              [100.1084835779979, -0.08680099594401716],
              [100.10871991199792, -0.08726956594402716],
              [100.10897433099791, -0.08768185394403316],
              [100.10911322599793, -0.08783264994404716],
              [100.10955100799794, -0.08823811294404016],
              [100.11027208199795, -0.08894708494402416],
              [100.11028622199791, -0.08937824594401915],
              [100.10993580199795, -0.08999749994403315],
              [100.1102952049979, -0.09002462594405315],
              [100.11103793799793, -0.09035330794402816],
              [100.11161719299793, -0.09061496294405916],
              [100.11227670299792, -0.09091286894401615],
              [100.1124049209979, -0.09096040894404216],
              [100.1124207189979, -0.09096626594406115],
              [100.11295481599791, -0.09116428994404616],
              [100.11328050399794, -0.09185366194405716],
              [100.11393424599794, -0.09308192394404116],
              [100.11442984299794, -0.09349653694401616],
              [100.11550935099791, -0.09423028294405315],
              [100.11680054299791, -0.09520754494404615],
              [100.1167575269979, -0.09547044494404115],
              [100.11678264899791, -0.09609575394402715],
              [100.1167835849979, -0.09611903994401416],
              [100.11703781899791, -0.09680802294404615],
              [100.11735036199792, -0.09750798594403416],
              [100.11759130999792, -0.09779455494405916],
              [100.11825502699793, -0.09780360094406115],
              [100.11883983699789, -0.09765160594405116],
              [100.1194058839979, -0.09748547994404115],
              [100.11957302299794, -0.09743932394404416],
              [100.1200561849979, -0.09730589894404315],
              [100.1204316009979, -0.09682520094405316],
              [100.12063719999793, -0.09666375694403916],
              [100.12084959999794, -0.09599482894405716],
              [100.12113420599792, -0.09523393894402016],
              [100.12198486599794, -0.09395004194401216],
              [100.12220083799792, -0.09375108594404916],
              [100.12227734799791, -0.09380974194401416],
              [100.1223437569979, -0.09386065494406616],
              [100.1224432819979, -0.09393695594404515],
              [100.1225077449979, -0.09398637494403815],
              [100.12257435399795, -0.09400911494405716],
              [100.12284227699791, -0.09410058094401516],
              [100.1231199059979, -0.09423013594401615],
              [100.12325447099795, -0.09429292994404616],
              [100.12397828199789, -0.09459640294402015],
              [100.12425307499791, -0.09464448394406616],
              [100.1243490419979, -0.09467572394406415],
              [100.12464514499794, -0.09477211394401716],
              [100.12465929199794, -0.09477671894403315],
              [100.12470917499792, -0.09480286094405715],
              [100.1249460339979, -0.09492699294405316],
              [100.1250551749979, -0.09499705094405915],
              [100.12527311099791, -0.09513694394404115],
              [100.12529251699794, -0.09514940094406615],
              [100.12556326599793, -0.09535063194401516],
              [100.12581821699791, -0.09554012094405116],
              [100.12593986399793, -0.09562005794406016],
              [100.12640365499794, -0.09592482494404915],
              [100.12653923699793, -0.09597841994404616],
              [100.12654837999793, -0.09598203394402516],
              [100.12657092099795, -0.09599094394404516],
              [100.12660047499793, -0.09599156294403616],
              [100.12667840799793, -0.09599319394401115],
              [100.12681801099791, -0.09599611594403215],
              [100.1268576579979, -0.09599694694405515],
              [100.1268831949979, -0.09598341994403416],
              [100.12692076899793, -0.09596351794401416],
              [100.12697115699791, -0.09593682894403316],
              [100.1272543329979, -0.09576081194403216],
              [100.1273773619979, -0.09568433994404316],
              [100.12772383199791, -0.09551601194401416],
              [100.12779766299786, -0.09549261994406816],
              [100.12804640799794, -0.09541380794404115],
              [100.12815710299793, -0.09532762294405515],
              [100.12826319099793, -0.09524502694402816],
              [100.12831713899794, -0.09520302394405215],
              [100.12846050199795, -0.09502267894406216],
              [100.12863373599794, -0.09490244594404415],
              [100.12871736699793, -0.09486637594402215],
              [100.12875133899792, -0.09486250494403216],
              [100.12899482699794, -0.09483475894403216],
              [100.1290339719979, -0.09483029694403916],
              [100.12921915699792, -0.09484231494404616],
              [100.12956940499794, -0.09493448194403716],
              [100.12960745099792, -0.09494449394405516],
              [100.1296085499979, -0.09494494594405016],
              [100.1298702989979, -0.09505268994404016],
              [100.13016898799793, -0.09518492894402215],
              [100.1302884629979, -0.09520295894405716],
              [100.1305274109979, -0.09517890594405316],
              [100.13090408699793, -0.09500535594405315],
              [100.1309599319979, -0.09497962594404916],
              [100.13130042799793, -0.09480528694403716],
              [100.13145573999793, -0.09473314494401516],
              [100.13147911099793, -0.09472018394403416],
              [100.13165700899793, -0.09462153494403916],
              [100.1317484469979, -0.09457082994406116],
              [100.13193960499791, -0.09455279094406416],
              [100.13200238899793, -0.09455105794403115],
              [100.1320698109979, -0.09454919694404415],
              [100.13237568599794, -0.09454075294404116],
              [100.13243775499791, -0.09455283994405715],
              [100.1325608709979, -0.09457681494403415],
              [100.13258755199791, -0.09458897194404915],
              [100.13270531299793, -0.09464262894401515],
              [100.13287748199792, -0.09472107594403716],
              [100.13318214599792, -0.09487134994405716]
            ]
          ]
        ],
        "type": "MultiPolygon"
      },
      "id": 2
    },
    {
      "type": "Feature",
      "properties": {
        "tier": 3
      },
      "geometry": {
        "coordinates": [
          [
            [100.01251698322511, 0.6683064616987906],
            [100.014694925306, 0.6696092489634111],
            [100.01410052647753, 0.673082899399887],
            [100.01222259004493, 0.6762440467564232],
            [100.008640525109, 0.678893865021962],
            [100.00562640883555, 0.680352205780153],
            [100.00307500237255, 0.6844116504600208],
            [100.0017137885863, 0.6874449952546087],
            [99.99891818005972, 0.690069942989993],
            [99.99734306123418, 0.6933755070203347],
            [99.99535997118176, 0.6976690330633204],
            [99.9923847467312, 0.6998662576405508],
            [99.99090577252053, 0.703053846494555],
            [99.98720995050064, 0.7092260211652359],
            [99.98411805058146, 0.7123371275859967],
            [99.98005864943195, 0.7145606719984983],
            [99.97780292370538, 0.718041218130864],
            [99.97660057277494, 0.7216856646569454],
            [99.97483099483503, 0.7233384357104882],
            [99.9725102077806, 0.725858234183832],
            [99.97029337387687, 0.7274332263389596],
            [99.96879957832692, 0.7305536656175775],
            [99.96650496077746, 0.7324008766567687],
            [99.9639769921584, 0.7358425179015313],
            [99.95989263893568, 0.7397606207442635],
            [99.95839607282522, 0.7429183617521034],
            [99.95510002261233, 0.7431810183797296],
            [99.95257168136305, 0.7456260383672628],
            [99.9506909558861, 0.74786613825583],
            [99.95006868672021, 0.7502577809592168],
            [99.94670454404257, 0.7519299856502926],
            [99.94369307245614, 0.7540356409010229],
            [99.94153457628755, 0.7571856046117347],
            [99.93921763254775, 0.7600911951528531],
            [99.93676744770681, 0.7613550679889869],
            [99.93385976442892, 0.7649419070412193],
            [99.93162608714937, 0.767723445815804],
            [99.928222754638, 0.7709415092997034],
            [99.92691987857262, 0.7727498149701404],
            [99.92429468052791, 0.7753553293130864],
            [99.92229984505747, 0.7763420976065731],
            [99.91953852563353, 0.7809697971468097],
            [99.91614221412061, 0.7843566405888396],
            [99.9137216748585, 0.7845084108478488],
            [99.91099924725745, 0.787386134973687],
            [99.90773831467192, 0.7914502099533394],
            [99.90520703957537, 0.7936683455504578],
            [99.90320411069831, 0.7959432982841435],
            [99.90120118183313, 0.7983154698841304],
            [99.90019300040461, 0.7989163573162585],
            [99.89797091627582, 0.7947744359610738],
            [99.90213234132318, 0.7889606637374698],
            [99.90606629055719, 0.7840507915086476],
            [99.91039001434496, 0.7801757529629043],
            [99.9145903312151, 0.7781535651722038],
            [99.91977357964652, 0.7732093237415256],
            [99.92553056915295, 0.7664699638569346],
            [99.93147165051937, 0.7609340269674192],
            [99.93857923586165, 0.7534496864340241],
            [99.9454391206495, 0.7462228917421356],
            [99.94917273564522, 0.7420812619484565],
            [99.95419868933897, 0.7372462950835512],
            [99.95896230318868, 0.7327598389466345],
            [99.96460874008744, 0.7271034649885166],
            [99.96984693990652, 0.721234061063285],
            [99.97276382662193, 0.7193090679472363],
            [99.9749712023762, 0.7163542333168209],
            [99.97844188494014, 0.7102873680403547],
            [99.98395316201925, 0.7057894065920891],
            [99.98799259000128, 0.6985889121610285],
            [99.99062926683666, 0.6925070257702117],
            [99.99472529319968, 0.6875430391344679],
            [99.99778497351411, 0.6848242609807613],
            [100.00197544650865, 0.6780889767498621],
            [100.00603964199956, 0.6745695119931838],
            [100.00866484004257, 0.6717500494395097],
            [100.01251698322511, 0.6683064616987906]
          ]
        ],
        "type": "Polygon"
      }
    },
    {
      "type": "Feature",
      "properties": {
        "tier": 3
      },
      "geometry": {
        "coordinates": [
          [
            [100.18305071700894, 0.6969728331532821],
            [100.1845873593964, 0.6993241870869014],
            [100.18307399936674, 0.7011866447781472],
            [100.17857320830689, 0.7028829357519015],
            [100.17610526750275, 0.7027432514988448],
            [100.17389343376226, 0.7001823727865144],
            [100.17475488479863, 0.6965505787607356],
            [100.17838694862354, 0.6960849639393274],
            [100.18073847712469, 0.6966437017194664],
            [100.18305071700894, 0.6969728331532821]
          ]
        ],
        "type": "Polygon"
      }
    },
    {
      "type": "Feature",
      "properties": {
        "tier": 3
      },
      "geometry": {
        "coordinates": [
          [
            [100.14271184621629, 0.630090751847959],
            [100.14305252288273, 0.6321822205762402],
            [100.14186026101476, 0.6347156225524344],
            [100.14148804530959, 0.6367279685064346],
            [100.14033304150252, 0.6390005770922897],
            [100.13804166298132, 0.6403604161754117],
            [100.13681214279961, 0.6388888094803917],
            [100.13811617937472, 0.6345112425505732],
            [100.14009086330287, 0.6314190017064476],
            [100.14145078714097, 0.6302081840068183],
            [100.14271184621629, 0.630090751847959]
          ]
        ],
        "type": "Polygon"
      }
    },
    {
      "type": "Feature",
      "properties": {
        "tier": 3
      },
      "geometry": {
        "coordinates": [
          [
            [100.15053133814422, 0.612665390455021],
            [100.1527514257399, 0.6112065589562548],
            [100.15632470958656, 0.6131305250523269],
            [100.1593949391779, 0.6168708626229886],
            [100.15871834105315, 0.6188582540519008],
            [100.15493361995453, 0.618963966153359],
            [100.15106432442826, 0.6173782815940996],
            [100.15055687583475, 0.6153063197242972],
            [100.15057801952707, 0.6141011986746321],
            [100.15053133814422, 0.612665390455021]
          ]
        ],
        "type": "Polygon"
      }
    },
    {
      "type": "Feature",
      "properties": {
        "tier": 2
      },
      "geometry": {
        "coordinates": [
          [
            [100.15613614283569, 0.5663732122560816],
            [100.15850602763282, 0.5693184958495721],
            [100.15789662847794, 0.5720606551439005],
            [100.15383396882578, 0.5741595909570663],
            [100.14838975775507, 0.5792514942457956],
            [100.14524119652464, 0.5803348146845337],
            [100.14283745625886, 0.5776942207393745],
            [100.14547818505827, 0.5735027859484916],
            [100.1497233864676, 0.5696599963876281],
            [100.15381990161683, 0.5668501283307279],
            [100.15613614283569, 0.5663732122560816]
          ]
        ],
        "type": "Polygon"
      }
    },
    {
      "type": "Feature",
      "properties": {
        "tier": 1
      },
      "geometry": {
        "coordinates": [
          [
            [100.11396102619557, 0.3885033294600504],
            [100.11853858769899, 0.39138396955260646],
            [100.11617088347305, 0.39927612910059906],
            [100.11238255671162, 0.40507686154582245],
            [100.11296785867086, 0.4098687328150561],
            [100.11005255356883, 0.4169602106170913],
            [100.10740861718318, 0.42193225625382524],
            [100.10363747577821, 0.42248308794782474],
            [100.10509756005087, 0.4267448385197383],
            [100.10384330910608, 0.4319139782633812],
            [100.10072583187537, 0.4353865116647029],
            [100.09666127295412, 0.4336502451631645],
            [100.09638504095466, 0.42808629732931536],
            [100.09310971677542, 0.4243769966830797],
            [100.09030793344147, 0.4218909750406965],
            [100.08588821888634, 0.42090445829551015],
            [100.09074201254953, 0.4153010408236355],
            [100.09838325687247, 0.41572608425221347],
            [100.1027240479533, 0.41446334180436395],
            [100.10386849918495, 0.40784149326138674],
            [100.10517094923966, 0.3997354596320264],
            [100.1095117403205, 0.39334281132843785],
            [100.11396102619557, 0.3885033294600504]
          ]
        ],
        "type": "Polygon"
      }
    },
    {
      "type": "Feature",
      "properties": {
        "tier": 2
      },
      "geometry": {
        "coordinates": [
          [
            [100.09410039808171, 0.4318371684393014],
            [100.09158979592269, 0.4324648008494165],
            [100.08856069995647, 0.4324102240982626],
            [100.08703250739745, 0.4333380288149442],
            [100.08261166463745, 0.43363820090486627],
            [100.0832938934596, 0.42968138603986006],
            [100.0845491944902, 0.4260247415146665],
            [100.08746913394288, 0.4260520301652235],
            [100.09115316957502, 0.42872629274101826],
            [100.09410039808171, 0.4318371684393014]
          ]
        ],
        "type": "Polygon"
      }
    },
    {
      "type": "Feature",
      "properties": {
        "tier": 2
      },
      "geometry": {
        "coordinates": [
          [
            [100.07938662562356, 0.5000567529756381],
            [100.07801438402504, 0.4987901165442281],
            [100.07847883502728, 0.49651017035388634],
            [100.0792177343501, 0.492963585829699],
            [100.07993552226264, 0.4913380672907266],
            [100.08253222559273, 0.4908314120807944],
            [100.08259555982119, 0.4950113164113219],
            [100.08111776117761, 0.49864234227801774],
            [100.08046330749164, 0.49980342570889036],
            [100.07938662562356, 0.5000567529756381]
          ]
        ],
        "type": "Polygon"
      }
    },
    {
      "type": "Feature",
      "properties": {
        "tier": 2
      },
      "geometry": {
        "coordinates": [
          [
            [100.05099746046164, 0.5638432872959243],
            [100.05375812337388, 0.564836109359689],
            [100.05504114412105, 0.5684186168272589],
            [100.05402528154724, 0.5724696950551049],
            [100.05242700291859, 0.5769737082266744],
            [100.05063499354713, 0.5788140566701401],
            [100.049265790942, 0.5831928450755868],
            [100.04655405454145, 0.5845533351791374],
            [100.0461181549806, 0.5899309583872991],
            [100.04461388660098, 0.5939349806137812],
            [100.04216803597336, 0.5942255611074074],
            [100.03887461339394, 0.5926757981310118],
            [100.04020651228268, 0.5891378742386735],
            [100.04233408352724, 0.581403307989774],
            [100.04422116969681, 0.578032214846516],
            [100.04812000089595, 0.5746420983653309],
            [100.04956705081008, 0.5707895800001808],
            [100.04893742589576, 0.5661402710160814],
            [100.05099746046164, 0.5638432872959243]
          ]
        ],
        "type": "Polygon"
      }
    },
    {
      "type": "Feature",
      "properties": {
        "tier": 2
      },
      "geometry": {
        "coordinates": [
          [
            [100.03931222461136, 0.5749589236860118],
            [100.0383417131186, 0.5722901508363236],
            [100.04106453702985, 0.571912748514805],
            [100.04416478215825, 0.5736110586278755],
            [100.04335602258101, 0.5759563433839503],
            [100.04092974384923, 0.5758485142209224],
            [100.03931222461136, 0.5749589236860118]
          ]
        ],
        "type": "Polygon"
      }
    },
    {
      "type": "Feature",
      "properties": {
        "tier": 3
      },
      "geometry": {
        "coordinates": [
          [
            [100.17220538605847, 0.6857739468016035],
            [100.16987128350883, 0.6863868994836935],
            [100.16737214340617, 0.6847837923032074],
            [100.16649980219063, 0.681836902383381],
            [100.16489658034283, 0.6796208401145805],
            [100.16301043686917, 0.6772633260563339],
            [100.16468438920305, 0.6752594382050887],
            [100.16753718130144, 0.6761081438545347],
            [100.16954960532996, 0.680021131131312],
            [100.17063413782819, 0.683840301195147],
            [100.17220538605847, 0.6857739468016035]
          ]
        ],
        "type": "Polygon"
      }
    },
    {
      "type": "Feature",
      "properties": {
        "tier": 3
      },
      "geometry": {
        "coordinates": [
          [
            [100.17749171608205, 0.6706640632257432],
            [100.17508129636184, 0.6691797819237877],
            [100.17596647874461, 0.6663473906721293],
            [100.17953444483362, 0.6653669470243102],
            [100.1819243970238, 0.6657618478599119],
            [100.18301385263823, 0.6679678452623108],
            [100.18127376345865, 0.6700347489291403],
            [100.17749171608205, 0.6706640632257432]
          ]
        ],
        "type": "Polygon"
      }
    },
    {
      "type": "Feature",
      "properties": {
        "tier": 3
      },
      "geometry": {
        "coordinates": [
          [
            [100.16152251169348, 0.625420967862027],
            [100.16276515710553, 0.6284567947898836],
            [100.16325939107571, 0.63085721483246],
            [100.15933376125099, 0.6316761814173901],
            [100.15610005898594, 0.631732661866792],
            [100.15497038178393, 0.6303630104606412],
            [100.15832853408716, 0.6277110667590193],
            [100.16152251169348, 0.625420967862027]
          ]
        ],
        "type": "Polygon"
      }
    },
    {
      "type": "Feature",
      "properties": {
        "tier": 3
      },
      "geometry": {
        "coordinates": [
          [
            [100.04867331215041, 0.46216563753601747],
            [100.04992277074075, 0.4615554630058938],
            [100.0519952644243, 0.46162512439842374],
            [100.05483405829511, 0.46225207690075365],
            [100.05878747061655, 0.4633318283026995],
            [100.0618526713597, 0.46521268519036596],
            [100.06063671183392, 0.4664590304880676],
            [100.0585969159024, 0.46637195355823735],
            [100.05539585468728, 0.46535264482480443],
            [100.05283571542947, 0.46523073745223087],
            [100.05320144961195, 0.46791269962223225],
            [100.05062389444157, 0.46761663896332095],
            [100.04839465753747, 0.4638723413102639],
            [100.04867331215041, 0.46216563753601747]
          ]
        ],
        "type": "Polygon"
      }
    },
    {
      "type": "Feature",
      "properties": {
        "tier": 2
      },
      "geometry": {
        "coordinates": [
          [
            [100.1128744264575, 0.3878318099111482],
            [100.11076470107975, 0.38420594890925486],
            [100.11124351327197, 0.3788010366439494],
            [100.11240655037182, 0.36559704480283983],
            [100.11276075973969, 0.36281009600538283],
            [100.11385328850363, 0.36256835497266593],
            [100.11520811494857, 0.36288034223606047],
            [100.11615492277991, 0.3644357898245545],
            [100.11847915159638, 0.3671048204026164],
            [100.1186140604405, 0.37326114299811763],
            [100.11895999450331, 0.3785947118377777],
            [100.12687825619093, 0.37852723697081103],
            [100.14033309209884, 0.3794845231877275],
            [100.14178180734007, 0.3833052827868926],
            [100.13525332756274, 0.3859026482741257],
            [100.12878256717283, 0.3869317953842],
            [100.1199133381129, 0.3833141284399062],
            [100.11772931323446, 0.3872827355098991],
            [100.1128744264575, 0.3878318099111482]
          ]
        ],
        "type": "Polygon"
      }
    },
    {
      "type": "Feature",
      "properties": {
        "tier": 2
      },
      "geometry": {
        "coordinates": [
          [
            [100.22111205867833, 0.6584729017835116],
            [100.2234129341357, 0.6588707713400908],
            [100.2211807673761, 0.6648855117076664],
            [100.22085401063975, 0.6689791460040482],
            [100.22342526410142, 0.6723282507569479],
            [100.22370299843772, 0.677617516800467],
            [100.2202508893115, 0.682170211642088],
            [100.21630965354376, 0.6848552830927019],
            [100.21376658047166, 0.6852012546998765],
            [100.21122350740092, 0.6841460412206857],
            [100.2144585731441, 0.6806171288829148],
            [100.21770439683058, 0.6776213411388596],
            [100.21925580860676, 0.6754248865470345],
            [100.21736429376068, 0.6723857804261115],
            [100.21546131391136, 0.6702061531176753],
            [100.21623886884032, 0.6669210073060867],
            [100.2142085828234, 0.6653304913737941],
            [100.21235750242374, 0.6640330924167017],
            [100.21507357366397, 0.661888058733382],
            [100.21893143281238, 0.6594835440671147],
            [100.22111205867833, 0.6584729017835116]
          ]
        ],
        "type": "Polygon"
      }
    },
    {
      "type": "Feature",
      "properties": {
        "tier": 3
      },
      "geometry": {
        "coordinates": [
          [
            [100.15522094936381, 0.5147449120391485],
            [100.15495766731021, 0.5162935673100435],
            [100.15158146215975, 0.5158444573209522],
            [100.14910351342553, 0.5164794059172806],
            [100.14808710345568, 0.5182538346066963],
            [100.14686361626877, 0.5210104392012482],
            [100.14486577010109, 0.5217847661178325],
            [100.14342546241937, 0.5201122198592998],
            [100.14548525731448, 0.5157356937752837],
            [100.14873756497093, 0.5136140355959355],
            [100.15167010106035, 0.5134915098836217],
            [100.15314138312198, 0.5136773485710222],
            [100.15522094936381, 0.5147449120391485]
          ]
        ],
        "type": "Polygon"
      }
    },
    {
      "type": "Feature",
      "properties": {
        "tier": 2
      },
      "geometry": {
        "coordinates": [
          [
            [100.13950992379762, 0.5273112124394288],
            [100.14071792380554, 0.5301297591142884],
            [100.13868910328, 0.532545655243311],
            [100.13526643659014, 0.5335213053343608],
            [100.13233870655017, 0.533708253795794],
            [100.13142496295507, 0.5313543041766025],
            [100.13537419374961, 0.5293100840427059],
            [100.13817737325593, 0.5276994858866999],
            [100.13950992379762, 0.5273112124394288]
          ]
        ],
        "type": "Polygon"
      }
    },
    {
      "type": "Feature",
      "properties": {
        "tier": 3
      },
      "geometry": {
        "coordinates": [
          [
            [100.13572073204949, 0.5883365255056958],
            [100.13836862137993, 0.5870015254804031],
            [100.13997070568013, 0.5901387750330542],
            [100.13892490064984, 0.5928087732589944],
            [100.13621025780787, 0.593921272140193],
            [100.13532021097444, 0.5909842746102214],
            [100.13572073204949, 0.5883365255056958]
          ]
        ],
        "type": "Polygon"
      }
    },
    {
      "type": "Feature",
      "properties": {
        "tier": 3
      },
      "geometry": {
        "coordinates": [
          [
            [100.13420851310457, 0.5848195822319298],
            [100.13319781838942, 0.5854328778122095],
            [100.13152196561254, 0.5838089400741922],
            [100.12941419201775, 0.5832388341619748],
            [100.12823072897515, 0.581744465357616],
            [100.13003615799653, 0.5810015997943765],
            [100.13387161486571, 0.5830919886891195],
            [100.13395799903014, 0.584163096748199],
            [100.13420851310457, 0.5848195822319298]
          ]
        ],
        "type": "Polygon"
      }
    },
    {
      "type": "Feature",
      "properties": {
        "tier": 3
      },
      "geometry": {
        "coordinates": [
          [
            [100.23649542895765, 0.38095000866366036],
            [100.2363850156845, 0.3783967577797114],
            [100.23855187617039, 0.37689240961043424],
            [100.24273377889347, 0.37621614291757055],
            [100.24563212731607, 0.3760091224904585],
            [100.2463222102723, 0.3777342925626783],
            [100.24295955001494, 0.37991779023065675],
            [100.23929325325508, 0.38138361738650417],
            [100.23759564917901, 0.38192187016393575],
            [100.23649542895765, 0.38095000866366036]
          ]
        ],
        "type": "Polygon"
      }
    },
    {
      "type": "Feature",
      "properties": {
        "tier": 2
      },
      "geometry": {
        "coordinates": [
          [
            [100.19612164643524, 0.4726956162812286],
            [100.20025067409591, 0.4743762183813658],
            [100.19991869200732, 0.47719796919298574],
            [100.19817578576493, 0.47921054076888936],
            [100.19872437520854, 0.48116015943537604],
            [100.20308164057815, 0.48003975918547326],
            [100.20725216600425, 0.4791683366418482],
            [100.20914031433023, 0.48055846302771954],
            [100.20828961018151, 0.48315198167810536],
            [100.2038223874028, 0.48498629006472527],
            [100.2002328306927, 0.4856087342179052],
            [100.19833396328039, 0.48803009162296007],
            [100.19549136634794, 0.4891919868043857],
            [100.19323384897535, 0.4913976563362752],
            [100.19232089813602, 0.49430239244887275],
            [100.18909154951967, 0.49596225924335613],
            [100.18655649851507, 0.4956277776197595],
            [100.18601702756456, 0.49174788058664376],
            [100.18964315641784, 0.4868164684329912],
            [100.19299379779187, 0.4825386372517073],
            [100.1944647168358, 0.47828114469298555],
            [100.19612164643524, 0.4726956162812286]
          ]
        ],
        "type": "Polygon"
      }
    },
    {
      "type": "Feature",
      "properties": {
        "tier": 3
      },
      "geometry": {
        "coordinates": [
          [
            [100.16635895902101, 0.5103134629883499],
            [100.1669717492889, 0.5119665058382168],
            [100.16692899648007, 0.5154150938585076],
            [100.16560365977091, 0.5166406247730606],
            [100.15968952113354, 0.5165836233443031],
            [100.15624079450612, 0.5166691254872546],
            [100.1563548019979, 0.5145173212065259],
            [100.16330925899871, 0.5129070301119611],
            [100.16635895902101, 0.5103134629883499]
          ]
        ],
        "type": "Polygon"
      }
    },
    {
      "type": "Feature",
      "properties": {
        "tier": 2
      },
      "geometry": {
        "coordinates": [
          [
            [100.30175438082188, 0.3583568815114404],
            [100.30238818111718, 0.35820087217982177],
            [100.30337300926601, 0.3585128908369626],
            [100.30287571980409, 0.3602484944229474],
            [100.3030334800435, 0.36234732981856155],
            [100.30248743671319, 0.36411218440322557],
            [100.3019566911168, 0.36771175814322987],
            [100.30000653636591, 0.3678775178950673],
            [100.29894370202697, 0.36826754079871193],
            [100.29800275235903, 0.36800915062073614],
            [100.29739332899959, 0.3670974720396316],
            [100.29937273615218, 0.3643868120993119],
            [100.29937869515885, 0.36088361279605863],
            [100.30078280657949, 0.358806738947294],
            [100.30175438082188, 0.3583568815114404]
          ]
        ],
        "type": "Polygon"
      }
    },
    {
      "type": "Feature",
      "properties": {
        "tier": 3
      },
      "geometry": {
        "coordinates": [
          [
            [100.26433886467385, 0.40003284810289585],
            [100.26492430613513, 0.4012555757909695],
            [100.26447225631938, 0.4027852351867409],
            [100.26298143545745, 0.4034315004502673],
            [100.26193653354062, 0.4045356601353234],
            [100.26113618313599, 0.40507662422133706],
            [100.26016394427592, 0.40327996334832505],
            [100.25887756912215, 0.40177819181904795],
            [100.25829953827377, 0.4008222411731168],
            [100.26066353622838, 0.39993298465782345],
            [100.26204932813289, 0.39997003701424205],
            [100.26433886467385, 0.40003284810289585]
          ]
        ],
        "type": "Polygon"
      }
    },
    {
      "type": "Feature",
      "properties": {
        "tier": 3
      },
      "geometry": {
        "coordinates": [
          [
            [100.2531681188641, 0.403236772077463],
            [100.25456685174879, 0.4033432719421626],
            [100.254980131261, 0.4059931041792595],
            [100.25417104344757, 0.40803237433387096],
            [100.25316281974392, 0.40924647199858555],
            [100.25161748305061, 0.41029095559693474],
            [100.25055245801167, 0.4090484581463585],
            [100.25135477834579, 0.4055313149807631],
            [100.25239494910562, 0.40316273602158503],
            [100.2531681188641, 0.403236772077463]
          ]
        ],
        "type": "Polygon"
      }
    },
    {
      "type": "Feature",
      "properties": {
        "tier": 2
      },
      "geometry": {
        "coordinates": [
          [
            [100.30056467904393, 0.34354509184585424],
            [100.30288632266019, 0.3448978361535353],
            [100.30188280488267, 0.34815983624783087],
            [100.29971898286357, 0.34954784880982004],
            [100.29591660591853, 0.3501145386566975],
            [100.29282717464997, 0.3504618646749975],
            [100.29136472197882, 0.3482682264491501],
            [100.29312706783665, 0.34637149543034695],
            [100.29509630954317, 0.3449261652827005],
            [100.29900837043851, 0.3430432914039159],
            [100.30056467904393, 0.34354509184585424]
          ]
        ],
        "type": "Polygon"
      }
    },
    {
      "type": "Feature",
      "properties": {
        "tier": 3
      },
      "geometry": {
        "coordinates": [
          [
            [100.15315504038404, 0.14665137710967713],
            [100.15403964120298, 0.14547191316405872],
            [100.15535425642776, 0.14420644647813674],
            [100.15912609636865, 0.1435552839804899],
            [100.15953153844868, 0.14638108336103528],
            [100.15685316350482, 0.14784312724954418],
            [100.15378163260806, 0.14796598807609485],
            [100.15315504038404, 0.14665137710967713]
          ]
        ],
        "type": "Polygon"
      }
    },
    {
      "type": "Feature",
      "properties": {
        "tier": 2
      },
      "geometry": {
        "coordinates": [
          [
            [100.21561063646533, -0.015219649481608144],
            [100.21574114692504, -0.01165236368221656],
            [100.2158499056423, -0.00765004297616656],
            [100.21541487077673, -0.005801144810163805],
            [100.21317444121792, -0.007606539490012665],
            [100.21084700468776, -0.009585948106163755],
            [100.20764949842459, -0.009085658017340847],
            [100.20503928923091, -0.011260832310981073],
            [100.21036846633552, -0.012848709535248304],
            [100.21365297957004, -0.014175565838499438],
            [100.21561063646533, -0.015219649481608144]
          ]
        ],
        "type": "Polygon"
      }
    },
    {
      "type": "Feature",
      "properties": {
        "tier": 2
      },
      "geometry": {
        "coordinates": [
          [
            [100.16954765777706, -0.012272125960308244],
            [100.17111203420393, -0.012738430460373706],
            [100.172856915603, -0.010316655464791324],
            [100.17467700737672, -0.008135553695069575],
            [100.17472264749205, -0.006405331792066704],
            [100.17275213487693, -0.005126754911913167],
            [100.17201102931608, -0.002542720441525148],
            [100.17052186329505, -0.0015649851760599631],
            [100.1674683208459, -0.001384480203739713],
            [100.16527217701605, -0.0019861634445987875],
            [100.16862656108566, -0.006333324848299071],
            [100.16933666988507, -0.009417891176596527],
            [100.16954765777706, -0.012272125960308244]
          ]
        ],
        "type": "Polygon"
      }
    },
    {
      "type": "Feature",
      "properties": {
        "tier": 1
      },
      "geometry": {
        "coordinates": [
          [
            [100.19069048023954, 0.09977840293385043],
            [100.19300851094096, 0.10173336559731183],
            [100.19303643905221, 0.10403742855457665],
            [100.1919304585544, 0.10761247020118958],
            [100.1917349619888, 0.11060076942791852],
            [100.18941567782178, 0.11235017641183731],
            [100.18617602044935, 0.1138443258229529],
            [100.18393995156151, 0.11675298859729821],
            [100.18519985778386, 0.11966903642861837],
            [100.18828591071133, 0.12004606469498924],
            [100.18483679273356, 0.12142850162442187],
            [100.18374301065836, 0.12410810287775575],
            [100.18041956904347, 0.12563017966580503],
            [100.17891850400184, 0.12715498563844108],
            [100.17929553309324, 0.13021310277162002],
            [100.17991377519695, 0.1324493720244817],
            [100.18083540186592, 0.13398541232649563],
            [100.1788365297524, 0.1354633157391305],
            [100.1763648946025, 0.13613358779559803],
            [100.17536796772896, 0.138906674726897],
            [100.17409035529664, 0.1421669762571014],
            [100.17417413942411, 0.14382513543991138],
            [100.1759336085143, 0.1455985629133636],
            [100.17337818912085, 0.14597559078420375],
            [100.17210701167267, 0.14916883988144036],
            [100.16962678058064, 0.151161484955324],
            [100.16657633852304, 0.15343863271169766],
            [100.16501826898894, 0.15641880907297434],
            [100.16441781525242, 0.15866701107755432],
            [100.16389556360775, 0.16124706563597613],
            [100.16310150689907, 0.16384103512056925],
            [100.16539160952436, 0.16472076604894426],
            [100.16464565925304, 0.16666783675711372],
            [100.16451690788045, 0.16909449442331947],
            [100.16507939254484, 0.17181180017156805],
            [100.16385055698976, 0.17426946007303457],
            [100.16108567699087, 0.174297388024641],
            [100.15910391501643, 0.1739696306195384],
            [100.15653453158308, 0.17482143313743848],
            [100.15341360119965, 0.1752772099356008],
            [100.15196791246996, 0.17737662427087741],
            [100.14816969348169, 0.17968067975203894],
            [100.14433944739744, 0.181428562764836],
            [100.14237051770067, 0.18074432820334607],
            [100.14402725954494, 0.17765225688702913],
            [100.1394073112325, 0.17530958126344842],
            [100.13636315042567, 0.17459741852263733],
            [100.13549009539923, 0.17188419289136903],
            [100.13702613984304, 0.17012473163772768],
            [100.13772230273196, 0.16606430558501017],
            [100.1373015216331, 0.16300013794966617],
            [100.1389632424399, 0.16094743221306373],
            [100.14010685145007, 0.15878542216587732],
            [100.14360713807753, 0.15770420178381528],
            [100.14399813120878, 0.1542969885564247],
            [100.14543105651666, 0.15026569151964964],
            [100.14802524945088, 0.14764423193254572],
            [100.1513766191465, 0.1456473806955927],
            [100.15316040841958, 0.14739244284392328],
            [100.15204774027035, 0.15156769647278168],
            [100.14783693149593, 0.15610107207893975],
            [100.1451242129479, 0.15938520757686092],
            [100.14247178458379, 0.1631519180630363],
            [100.14090682932834, 0.16697444515382642],
            [100.14018351840599, 0.1707360502129518],
            [100.14074208002188, 0.1730819984401819],
            [100.1428087580008, 0.17404551280627345],
            [100.14493129214941, 0.1751626308414842],
            [100.1457830986131, 0.1736405574886959],
            [100.14934392891524, 0.17295632263964933],
            [100.15129072667486, 0.1711409738558558],
            [100.15344092089259, 0.16910771879622644],
            [100.1553782006456, 0.16577615915102228],
            [100.15707000103163, 0.16231465729849504],
            [100.15751685032444, 0.16044348330740377],
            [100.15939446216527, 0.15788122126507176],
            [100.16023270737873, 0.1549744429811426],
            [100.16090298131775, 0.15264245663793474],
            [100.16215172784894, 0.14931682920996536],
            [100.16054586320263, 0.14673349035847139],
            [100.1595758622168, 0.1452931948880689],
            [100.15935243757042, 0.14298913551421322],
            [100.16016906156437, 0.13937616067630643],
            [100.16185527687412, 0.13697270526448335],
            [100.16449448050884, 0.1361069372181305],
            [100.16571219576178, 0.13332027817675396],
            [100.16504192182265, 0.1305972975216747],
            [100.16468120197328, 0.1273924321655926],
            [100.16475102217476, 0.12452981080136283],
            [100.16206236050914, 0.12459135612935768],
            [100.15986927173981, 0.12533658947651816],
            [100.1575799035171, 0.12491252835953048],
            [100.15521099990173, 0.12358774183871901],
            [100.15403050862096, 0.12089685322912658],
            [100.15276037036392, 0.1175961173950526],
            [100.15414762603666, 0.11363565655044283],
            [100.15871557758669, 0.11436880414983364],
            [100.16135788655492, 0.11702702356899408],
            [100.16373339994658, 0.11972747002772621],
            [100.16627616647702, 0.12156051119677613],
            [100.1693082551567, 0.12204013833839156],
            [100.17112080027596, 0.11854679308069649],
            [100.17093926775021, 0.1152373223935399],
            [100.1732877966719, 0.1125334071756896],
            [100.17665313040851, 0.11055051719672804],
            [100.17907724478181, 0.10798744190338994],
            [100.17977544680173, 0.10520860267430976],
            [100.18618656529088, 0.10391715053791017],
            [100.19069048023954, 0.09977840293385043]
          ]
        ],
        "type": "Polygon"
      }
    },
    {
      "type": "Feature",
      "properties": {
        "tier": 2
      },
      "geometry": {
        "coordinates": [
          [
            [100.10903266948293, 0.6142892825263715],
            [100.11060095508662, 0.6142453144295388],
            [100.11151700976308, 0.6152199405047298],
            [100.11226184010883, 0.616397740953488],
            [100.11296568839964, 0.6181974834221791],
            [100.11300233058631, 0.619128140715901],
            [100.11262318395131, 0.6205190991024239],
            [100.11129673678283, 0.6209661075472468],
            [100.1102487702338, 0.6195224899700378],
            [100.10941355927304, 0.6179214990898743],
            [100.1088639264675, 0.6163826165119559],
            [100.10903266948293, 0.6142892825263715]
          ]
        ],
        "type": "Polygon"
      }
    },
    {
      "type": "Feature",
      "properties": {
        "tier": 2
      },
      "geometry": {
        "coordinates": [
          [
            [100.1253980951505, 0.687131901025694],
            [100.12671462611286, 0.688155795806793],
            [100.12726318068047, 0.6892711095147206],
            [100.12724694229962, 0.6906359870640273],
            [100.12816119991231, 0.6921169765684283],
            [100.12941783229365, 0.6930542781196607],
            [100.12907041440161, 0.6942518678223735],
            [100.12731503978512, 0.6945078411546746],
            [100.12573337411402, 0.6943524287763978],
            [100.12407856783534, 0.6939776106652005],
            [100.12291746066683, 0.6933285353303376],
            [100.1219483475981, 0.6924600541083805],
            [100.12154649539195, 0.691244372549221],
            [100.12232361436241, 0.6893245708986768],
            [100.12392644625203, 0.6883327046269869],
            [100.1253980951505, 0.687131901025694]
          ]
        ],
        "type": "Polygon"
      }
    },
    {
      "type": "Feature",
      "properties": {
        "tier": 2
      },
      "geometry": {
        "coordinates": [
          [
            [100.13634633642624, 0.7163561803368736],
            [100.13736116237669, 0.7174714873108741],
            [100.13745816380242, 0.7191732269412654],
            [100.13678161316983, 0.7207547677416812],
            [100.13464225035528, 0.7216049599687295],
            [100.13289232857284, 0.722533581407447],
            [100.1310272429829, 0.7234477663343029],
            [100.12845802380411, 0.7249667055415614],
            [100.12728777405977, 0.7254877906355688],
            [100.12513926866944, 0.7252226771739316],
            [100.12353017527107, 0.7244456203882947],
            [100.12427986651431, 0.7226081091050531],
            [100.12789118408494, 0.7216573567066291],
            [100.131028357876, 0.7191615087812409],
            [100.13421911694405, 0.7176439604417197],
            [100.13634633642624, 0.7163561803368736]
          ]
        ],
        "type": "Polygon"
      }
    },
    {
      "type": "Feature",
      "properties": {
        "tier": 2
      },
      "geometry": {
        "coordinates": [
          [
            [100.20117714931547, 0.09055141057686455],
            [100.2024155620295, 0.09007963489132464],
            [100.20544279320046, 0.09121975961188866],
            [100.20710662913814, 0.09368954350590286],
            [100.20797155230292, 0.09620568016647724],
            [100.20757840542484, 0.09805346793292813],
            [100.20529815344514, 0.09801415330122154],
            [100.20372556587284, 0.09479035334166497],
            [100.20162222999579, 0.0923725031745164],
            [100.20117714931547, 0.09055141057686455]
          ]
        ],
        "type": "Polygon"
      }
    },
    {
      "type": "Feature",
      "properties": {
        "tier": 3
      },
      "geometry": {
        "coordinates": [
          [
            [100.17051634157525, 0.028046777803425016],
            [100.17195107286449, 0.027150070851718056],
            [100.17530731927201, 0.029302167524235756],
            [100.1769982525771, 0.03253031245446891],
            [100.18079824009544, 0.035665871762773804],
            [100.1838470440839, 0.037331184528326844],
            [100.18793553690722, 0.03986881174596135],
            [100.19031821565426, 0.040970480140273935],
            [100.19034383585694, 0.044531687169723],
            [100.18709007025359, 0.043686220767767736],
            [100.1828371167893, 0.04176470618261874],
            [100.17612077347457, 0.03715905906577177],
            [100.17215312343944, 0.03312379869865367],
            [100.17041094973115, 0.029921273984683694],
            [100.17051634157525, 0.028046777803425016]
          ]
        ],
        "type": "Polygon"
      }
    },
    {
      "type": "Feature",
      "properties": {
        "tier": 2
      },
      "geometry": {
        "coordinates": [
          [
            [100.18725205743738, 0.04615900673159956],
            [100.18864400346354, 0.04802625077005018],
            [100.18883072792983, 0.049910469701913485],
            [100.1901435973881, 0.05214982196282847],
            [100.18934577466507, 0.05422076515827712],
            [100.19250311565133, 0.05554481077082585],
            [100.1937458254348, 0.057750740949799706],
            [100.19499535846154, 0.06012612471494094],
            [100.19601385555393, 0.062400766920674755],
            [100.19548763205552, 0.06392851163079172],
            [100.19233029093624, 0.0622140424148796],
            [100.18949547402991, 0.05943015193129497],
            [100.18542229345599, 0.05708983506062282],
            [100.18301185033744, 0.0561392382385435],
            [100.18315777050043, 0.052411727352236426],
            [100.18466471030547, 0.04827921091553833],
            [100.18725205743738, 0.04615900673159956]
          ]
        ],
        "type": "Polygon"
      }
    },
    {
      "type": "Feature",
      "properties": {
        "tier": 3
      },
      "geometry": {
        "coordinates": [
          [
            [100.19111704728965, 0.06194924957911496],
            [100.19258644763931, 0.06361199108256699],
            [100.19254777920906, 0.06628011105568987],
            [100.19057568921653, 0.06848421002020189],
            [100.18783023066851, 0.0699536092974995],
            [100.18696328417388, 0.07166208734307133],
            [100.18570533314744, 0.07364093499901969],
            [100.18545451662482, 0.07578107748219054],
            [100.18419370423027, 0.07998512546835457],
            [100.18503249053435, 0.08173163767838787],
            [100.1854303548422, 0.08402479904469828],
            [100.18597152525274, 0.08658274848775704],
            [100.18367348058263, 0.08630698344117604],
            [100.1828230393836, 0.08257522388531413],
            [100.18181817991365, 0.07983970629719295],
            [100.18254206398524, 0.07705907485303953],
            [100.1837457917967, 0.07274571895835891],
            [100.1828437770925, 0.06990871815635558],
            [100.18346424915251, 0.06808177396874271],
            [100.18754327844238, 0.06705914480126296],
            [100.18911917342609, 0.06475194010616292],
            [100.1902337250906, 0.06236197511982766],
            [100.19111704728965, 0.06194924957911496]
          ]
        ],
        "type": "Polygon"
      }
    },
    {
      "type": "Feature",
      "properties": {
        "tier": 2
      },
      "geometry": {
        "coordinates": [
          [
            [100.18402774443501, 0.0864858241835691],
            [100.18711427007861, 0.08677632038262573],
            [100.18996476729001, 0.08773858902624454],
            [100.18823994413691, 0.09031674262782019],
            [100.18489923402848, 0.09147872729019468],
            [100.1839958609192, 0.09446762703787215],
            [100.18414110918485, 0.0972091842151599],
            [100.18196238520107, 0.09735443227135931],
            [100.17945685261975, 0.09595641970442159],
            [100.17730419931331, 0.09053703463816021],
            [100.18086278182011, 0.08763207283809038],
            [100.18402774443501, 0.0864858241835691]
          ]
        ],
        "type": "Polygon"
      }
    },
    {
      "type": "Feature",
      "properties": {
        "tier": 2
      },
      "geometry": {
        "coordinates": [
          [
            [100.12066267822155, 0.5814303331153923],
            [100.12168232022111, 0.5816011487473958],
            [100.12295078519463, 0.5826704426288529],
            [100.12281979001273, 0.5841616578740769],
            [100.1216080761447, 0.5856217189913053],
            [100.11999142792467, 0.5856513903137426],
            [100.11933830742561, 0.5852336545523116],
            [100.11896934840485, 0.5837266291684955],
            [100.11802108166376, 0.5825180396255973],
            [100.11776468641176, 0.5815425372925773],
            [100.11920925478455, 0.5815237776304087],
            [100.11975331300096, 0.5814862583055316],
            [100.12066267822155, 0.5814303331153923]
          ]
        ],
        "type": "Polygon"
      }
    },
    {
      "type": "Feature",
      "properties": {
        "tier": 3
      },
      "geometry": {
        "coordinates": [
          [
            [100.03583261263242, 0.614044091569184],
            [100.0369077420849, 0.6136443284511159],
            [100.03828362320883, 0.6157546253188997],
            [100.0389078333672, 0.6173125932408539],
            [100.04094930654884, 0.6181017503388802],
            [100.04352665546804, 0.6184828142933441],
            [100.04476563830099, 0.6199475537024028],
            [100.04625719877043, 0.6221641214628022],
            [100.04668326731098, 0.6234951193816727],
            [100.04657514833644, 0.6250107935230602],
            [100.04745666068197, 0.6251444092257685],
            [100.04949249146603, 0.6257091544491828],
            [100.0530591645499, 0.6279912379812771],
            [100.0533218523932, 0.6296066709290926],
            [100.05313493911365, 0.6327279049821612],
            [100.05232060680044, 0.6340937982965045],
            [100.05275585670717, 0.6361146110421458],
            [100.05320242604188, 0.636784423716648],
            [100.05198092756888, 0.6378613772452297],
            [100.05022091901981, 0.6377563086182221],
            [100.04822786300969, 0.6362946001991219],
            [100.04992219959848, 0.6324201919868244],
            [100.04870069013089, 0.6290204904406522],
            [100.04552216722794, 0.6291912272468778],
            [100.04372026957208, 0.6249800138752875],
            [100.0411921235006, 0.6210335190688596],
            [100.03872285777345, 0.6202455017728568],
            [100.03597461511998, 0.618858405678381],
            [100.03523908915867, 0.6156406663305631],
            [100.03583261263242, 0.614044091569184]
          ]
        ],
        "type": "Polygon"
      }
    },
    {
      "type": "Feature",
      "properties": {
        "tier": 2
      },
      "geometry": {
        "coordinates": [
          [
            [100.05205497317348, 0.6382140043702123],
            [100.05321204031628, 0.6373269745163128],
            [100.05701750558961, 0.637095575398746],
            [100.05835456095588, 0.6396152541188798],
            [100.05603703095136, 0.6443022374282208],
            [100.0550342394256, 0.6458448958432541],
            [100.05375141541555, 0.6464051975846559],
            [100.05256753921594, 0.6466036001313569],
            [100.05186647277549, 0.6444476269757331],
            [100.05221864541983, 0.6419613860229845],
            [100.05180858769188, 0.6403146443733334],
            [100.05205497317348, 0.6382140043702123]
          ]
        ],
        "type": "Polygon"
      }
    },
    {
      "type": "Feature",
      "properties": {
        "tier": 2
      },
      "geometry": {
        "coordinates": [
          [
            [100.01347322454359, 0.5674470827614329],
            [100.01448227810789, 0.5680621975140951],
            [100.01513519512031, 0.5693949459214309],
            [100.01428369672152, 0.5705121174640908],
            [100.01360379966656, 0.5712243552147385],
            [100.01285075864786, 0.5715711810217954],
            [100.01123195613809, 0.5715765767614016],
            [100.0100764761583, 0.5716137302751889],
            [100.00905663057779, 0.5726065463189656],
            [100.00663530737972, 0.5736083218112071],
            [100.00549135360637, 0.5742450188543557],
            [100.00458082734173, 0.5755227213867613],
            [100.00381459415468, 0.5765479111634733],
            [100.00258936467509, 0.5771819891742354],
            [100.00124576573916, 0.5778942189822232],
            [100.00017266790019, 0.5785170667394652],
            [99.99942801874579, 0.579725710872026],
            [99.99895818984305, 0.5811372007604803],
            [99.99800075224272, 0.5823067804831368],
            [99.996866775701, 0.5832728822745707],
            [99.99510413042145, 0.5839730822962252],
            [99.99305938064617, 0.5848660959237861],
            [99.99144902882415, 0.5866466625163014],
            [99.99042522963646, 0.5896405273120706],
            [99.98896246606273, 0.5921417760373515],
            [99.98774891731455, 0.5943969955234394],
            [99.98628747140202, 0.5957394748075444],
            [99.98511436624165, 0.5969125164310896],
            [99.98319599427214, 0.5960154846239476],
            [99.98287856581624, 0.5926895654168618],
            [99.98542630534735, 0.5905227461442735],
            [99.98762032771361, 0.5882762548367566],
            [99.98945083067167, 0.5860841236859073],
            [99.99229662449062, 0.5828720367793068],
            [99.99505201545412, 0.58086407640522],
            [99.99731541835285, 0.5767101159682255],
            [100.00049599491126, 0.5742355613715517],
            [100.00506529747332, 0.5706611931681209],
            [100.00934159023114, 0.5684533821286237],
            [100.01206043395871, 0.5670181239247967],
            [100.01347322454359, 0.5674470827614329]
          ]
        ],
        "type": "Polygon"
      }
    },
    {
      "type": "Feature",
      "properties": {
        "tier": 2
      },
      "geometry": {
        "coordinates": [
          [
            [100.01726876273983, 0.5662366996241559],
            [100.01848265923996, 0.5659824499300043],
            [100.0195407176754, 0.5661587843957392],
            [100.01992606244409, 0.5675258304028858],
            [100.02116574897013, 0.5700802631532298],
            [100.02176131632382, 0.5714274364651288],
            [100.02338434906119, 0.5740647837534567],
            [100.02547873082386, 0.5783748692915509],
            [100.0269324337284, 0.581426866950224],
            [100.02677807441631, 0.584676091682411],
            [100.02612941627024, 0.5878778110867557],
            [100.02677498596404, 0.5908253752977402],
            [100.02884517154092, 0.5935026723154948],
            [100.0308477878117, 0.5962990322848327],
            [100.03066943361961, 0.5997091484471184],
            [100.0301063410302, 0.602963321754487],
            [100.0283113513936, 0.6027528863422305],
            [100.02446412497778, 0.597756315943812],
            [100.02053170559407, 0.5925545821087894],
            [100.01957272745221, 0.5856576253491994],
            [100.019458422257, 0.5792268601747992],
            [100.01648749407178, 0.5709239997823801],
            [100.01526891552265, 0.5676268323464768],
            [100.01726876273983, 0.5662366996241559]
          ]
        ],
        "type": "Polygon"
      }
    },
    {
      "type": "Feature",
      "properties": {
        "tier": 2
      },
      "geometry": {
        "coordinates": [
          [
            [100.03117750860378, 0.6061948427236814],
            [100.03682205057879, 0.6048525194554628],
            [100.03800271408727, 0.606518294064017],
            [100.03655369223435, 0.6116150281969084],
            [100.03488782451723, 0.6164506188121095],
            [100.03278940849162, 0.6180136263186142],
            [100.03106429982961, 0.623808293761968],
            [100.02841185030525, 0.625862202656478],
            [100.02683543579082, 0.6270418605974726],
            [100.02583621017442, 0.6326215545076224],
            [100.02567396504253, 0.6363986898678888],
            [100.02530174780469, 0.6384982469015767],
            [100.02534215841933, 0.6414993977004144],
            [100.02400224619697, 0.64478961444091],
            [100.02424284749105, 0.6484304074643603],
            [100.0225366902198, 0.651383069326755],
            [100.0215724757071, 0.6541187265126496],
            [100.02243655385502, 0.6555520045981922],
            [100.02157759100021, 0.6574320554308599],
            [100.01883158916445, 0.6585781936602757],
            [100.0172940099327, 0.6599489284866848],
            [100.01728641596532, 0.6624255499149143],
            [100.01754618482386, 0.664952844365402],
            [100.01661625071301, 0.6674476105434763],
            [100.01487923693873, 0.6689936386042632],
            [100.01267511943217, 0.6679496866592558],
            [100.0128608311357, 0.6633363092722817],
            [100.01343891459379, 0.6587875989933707],
            [100.01498425446295, 0.6538128958764133],
            [100.01804036727964, 0.6505297665016485],
            [100.01965530268723, 0.64441443939279],
            [100.02008490890182, 0.6405151819776052],
            [100.0205320038416, 0.63658191869429],
            [100.02064766705246, 0.6330296238074595],
            [100.02171180767084, 0.6303005774492476],
            [100.02327603726911, 0.6257976811530881],
            [100.02543053248905, 0.6203562366443691],
            [100.02819483386736, 0.6150667704222741],
            [100.02914991937854, 0.6084481830116886],
            [100.03117750860378, 0.6061948427236814]
          ]
        ],
        "type": "Polygon"
      }
    },
    {
      "type": "Feature",
      "properties": {
        "tier": 3
      },
      "geometry": {
        "coordinates": [
          [
            [99.88080153282073, 0.36263051678510294],
            [99.87980598509597, 0.3589695429015194],
            [99.88144382167542, 0.3564967790096034],
            [99.88494429594766, 0.3552443399050844],
            [99.88577531210478, 0.35724300401970766],
            [99.88269063115388, 0.3616100956354842],
            [99.8815573585116, 0.3648339638000948],
            [99.88079394066949, 0.3668760648957914],
            [99.87919253803847, 0.3665519258051688],
            [99.87912573897688, 0.36423309126367087],
            [99.88034716888927, 0.3628033770704917],
            [99.88080153282073, 0.36263051678510294]
          ]
        ],
        "type": "Polygon"
      }
    },
    {
      "type": "Feature",
      "properties": {
        "tier": 3
      },
      "geometry": {
        "coordinates": [
          [
            [100.00173489191445, 0.2933275625953513],
            [100.00033129108078, 0.2969033553803513],
            [99.99823636525934, 0.30111369624320616],
            [99.99694722416064, 0.30532962856888446],
            [99.9957426352093, 0.30884178997249023],
            [99.99681643855081, 0.3144947404212388],
            [99.9968585752548, 0.3199695879590365],
            [99.99264777275374, 0.32169064295226235],
            [99.98910495864288, 0.32489863716648415],
            [99.98638130464491, 0.325901193021906],
            [99.98159750608289, 0.3294827218069969],
            [99.97989313364201, 0.33142099548250314],
            [99.97731986544693, 0.32959968660917127],
            [99.97967256334857, 0.3251592757297317],
            [99.97642107432551, 0.3246469464732087],
            [99.97027546651594, 0.32896168580323604],
            [99.96698868562606, 0.3322724699908264],
            [99.96241386864381, 0.336266911946268],
            [99.96137787755225, 0.33830543973982685],
            [99.95720049411864, 0.3391743203086861],
            [99.9543444746995, 0.3393876966127465],
            [99.95202184951307, 0.34007277545569536],
            [99.95299100246967, 0.33666409001692443],
            [99.95486121378457, 0.3328625387880919],
            [99.95400581797878, 0.3301787483187866],
            [99.95114723486836, 0.32563084418750066],
            [99.9498438912371, 0.32409359179399644],
            [99.9479724234588, 0.32297407088168484],
            [99.94890815734794, 0.3195319610394165],
            [99.95472214892294, 0.32406574805958144],
            [99.9584987447551, 0.33071745032717104],
            [99.96138105945198, 0.33003867227475325],
            [99.96687482949164, 0.32578762674916106],
            [99.97214892127374, 0.32184515396509994],
            [99.97985234954899, 0.31943110320636947],
            [99.98207338928563, 0.3176095699926975],
            [99.98337673291695, 0.31435126046555695],
            [99.98663240813528, 0.3134501520691799],
            [99.98792977953491, 0.31671337561019186],
            [99.98964470249632, 0.31341473070794734],
            [99.99057270770311, 0.3105025963160557],
            [99.98819087465012, 0.30806461740519353],
            [99.9872223683351, 0.3035276482671918],
            [99.99078149901982, 0.3032602994756246],
            [99.99293702887229, 0.3043464039008654],
            [99.99455460509432, 0.29986866198825624],
            [99.99239907524327, 0.2969111146261554],
            [99.99692611152335, 0.29505605780967414],
            [100.00173489191445, 0.2933275625953513]
          ]
        ],
        "type": "Polygon"
      }
    },
    {
      "type": "Feature",
      "properties": {
        "tier": 3
      },
      "geometry": {
        "coordinates": [
          [
            [99.94878492042432, 0.3408968712214602],
            [99.95073408244616, 0.34232440113066787],
            [99.94966574527132, 0.34564644835352],
            [99.94796366012656, 0.34712888251719676],
            [99.94751161940457, 0.3491124921193176],
            [99.94950196090383, 0.352502872364326],
            [99.9503255504901, 0.3544931759833503],
            [99.94777242256731, 0.3539715791838631],
            [99.9448935155927, 0.3513983166473764],
            [99.94360322527643, 0.3543357304922097],
            [99.94094832327085, 0.35686595214903605],
            [99.93878648093255, 0.3561056585400024],
            [99.9352535200021, 0.3535715592639974],
            [99.93242357775978, 0.3512196841273152],
            [99.93037833028575, 0.34972352436932397],
            [99.92280313101764, 0.3534352405796426],
            [99.91958917436688, 0.35317829479595275],
            [99.91703604664866, 0.3515585992407182],
            [99.91764001237914, 0.3496369260666654],
            [99.92464020373842, 0.34854136526678303],
            [99.92720705791311, 0.3485413652277174],
            [99.93090910479299, 0.3458207109907363],
            [99.93778067603478, 0.3500104163066027],
            [99.94123308720839, 0.35191902913865647],
            [99.94130391972499, 0.34891722032638484],
            [99.94428859519792, 0.34589309371668264],
            [99.9436983489714, 0.3418164110178168],
            [99.94589458786788, 0.3403065235276159],
            [99.94878492042432, 0.3408968712214602]
          ]
        ],
        "type": "Polygon"
      }
    },
    {
      "type": "Feature",
      "properties": {
        "tier": 2
      },
      "geometry": {
        "coordinates": [
          [
            [99.93860506332885, 0.35645450258608946],
            [99.94120366021838, 0.35723788790670596],
            [99.94296153458487, 0.3607153536429877],
            [99.94672458635984, 0.36442928257773133],
            [99.95010722932216, 0.36762631602671547],
            [99.94957222408021, 0.37100824310849134],
            [99.95256047410544, 0.37411031951806706],
            [99.95571318415773, 0.378352055230323],
            [99.95576288645566, 0.3818709236923752],
            [99.95238088903244, 0.38380072090141937],
            [99.94683976330361, 0.3833421552650549],
            [99.94122198668367, 0.38195958932043084],
            [99.93906285838494, 0.3832397518607422],
            [99.94192895789547, 0.3861822142863076],
            [99.93951275290112, 0.38870680479958253],
            [99.93561485756686, 0.3890698356993312],
            [99.93397323182853, 0.3931942319075432],
            [99.9320641012136, 0.3968988611825921],
            [99.92934605961449, 0.4018213075036243],
            [99.92516256540677, 0.4056596643556105],
            [99.92204807060608, 0.40736017388519485],
            [99.91828392658147, 0.4084110503813747],
            [99.91492004338397, 0.4092947197458727],
            [99.91270359309584, 0.4072120736942111],
            [99.91346788629863, 0.4039639090538856],
            [99.91942721544189, 0.4023557310447927],
            [99.92368815017119, 0.4009418234184636],
            [99.924133899808, 0.39735594077369285],
            [99.92892983965481, 0.3931333214114119],
            [99.92977278592889, 0.3873369251916756],
            [99.92820723743, 0.38305001051763554],
            [99.933633719167, 0.38368053826394544],
            [99.93817885831362, 0.37883863454480604],
            [99.93757742294451, 0.37465404847064576],
            [99.93666027110118, 0.37090909113558723],
            [99.93787666205901, 0.3701796863891218],
            [99.93885927881018, 0.37162613443783243],
            [99.94138197388492, 0.37500455093496043],
            [99.94373217488254, 0.37380081492709394],
            [99.9456226877353, 0.3695341929975342],
            [99.94164681775248, 0.3644829165845067],
            [99.9394086608699, 0.3605680433757499],
            [99.939179372909, 0.3585235993613054],
            [99.93860506332885, 0.35645450258608946]
          ]
        ],
        "type": "Polygon"
      }
    },
    {
      "type": "Feature",
      "properties": {
        "tier": 3
      },
      "geometry": {
        "coordinates": [
          [
            [100.01001329177052, 0.3340706277389245],
            [100.0098118151314, 0.3367401474664291],
            [100.00744446462153, 0.3390570885243278],
            [100.00281050101285, 0.33905708922704036],
            [99.99862985957003, 0.3410718211635668],
            [99.99480180338622, 0.34187771347968976],
            [99.98850091589719, 0.34217755177230913],
            [99.986687626145, 0.34756695423602935],
            [99.98477359807316, 0.3534096674501228],
            [99.98109664940893, 0.35733838634173765],
            [99.98119166660786, 0.3424591117357494],
            [99.98300495636016, 0.3366667600877804],
            [99.99363284907457, 0.3364652869247635],
            [100.01001329177052, 0.3340706277389245]
          ]
        ],
        "type": "Polygon"
      }
    },
    {
      "type": "Feature",
      "properties": {
        "tier": 1
      },
      "geometry": {
        "coordinates": [
          [
            [100.03214663070582, 0.5232990493525591],
            [100.03571865681505, 0.5235738091254944],
            [100.03642084998177, 0.5255276560520628],
            [100.03620713901796, 0.5290079443747118],
            [100.03342586647085, 0.5320119093110378],
            [100.03156352807201, 0.5348510890629257],
            [100.03064762394143, 0.5398578114425021],
            [100.03553244597111, 0.5401325704785336],
            [100.0375474350584, 0.542941217688508],
            [100.04454298707367, 0.5456671880240123],
            [100.04611409397927, 0.5473084471415888],
            [100.04416016516745, 0.5494759876304016],
            [100.04110715139893, 0.5486517117623606],
            [100.03686760305504, 0.5464134037971178],
            [100.03357034813797, 0.5448869660891376],
            [100.0283029146492, 0.548456949541432],
            [100.02686799800978, 0.5528836156883727],
            [100.02704633365147, 0.5554961645313625],
            [100.03130908962925, 0.5547731885482676],
            [100.03490388407624, 0.5531891559300419],
            [100.03842987408609, 0.5540099883315577],
            [100.0384651431088, 0.5505361509785018],
            [100.04211548695929, 0.5514354694721533],
            [100.04651785193062, 0.5535524739649702],
            [100.04989552114358, 0.5526904689262153],
            [100.05330131727942, 0.5503998751468231],
            [100.05666950894965, 0.5502059044682284],
            [100.05984638704928, 0.5485932676773757],
            [100.06285088399841, 0.5478339099480962],
            [100.06269510211507, 0.5446949360466959],
            [100.05911215032415, 0.5435864991959392],
            [100.06025737272614, 0.5410060936920331],
            [100.06188521989105, 0.5373828677103489],
            [100.06235911718113, 0.5331362042373513],
            [100.06429653573247, 0.5285064060586961],
            [100.06429385188574, 0.5249117148524647],
            [100.0608220429994, 0.5215373224862816],
            [100.05572406995805, 0.5187986026149218],
            [100.05172670465856, 0.52141406029493],
            [100.04649882722026, 0.5233071470590147],
            [100.04323622664702, 0.5237081203358258],
            [100.04296282436354, 0.5214663148689169],
            [100.04781077547847, 0.5191130357991653],
            [100.04915042322204, 0.5182546206652603],
            [100.04749638299063, 0.5162661063894376],
            [100.04647568113512, 0.51407897654137],
            [100.04950133306397, 0.5133681591792794],
            [100.05272747999953, 0.5157010979172867],
            [100.05619125686951, 0.5140259869624089],
            [100.06012824974096, 0.513333395681741],
            [100.06396585432839, 0.5171324313036791],
            [100.06587967030822, 0.5193377861707518],
            [100.07109398507038, 0.5238206113938446],
            [100.07408318367771, 0.5254062780233966],
            [100.07515856650627, 0.5229639861503301],
            [100.07794726999839, 0.5248495939360964],
            [100.08007980780451, 0.5270367200486987],
            [100.07944186853183, 0.5286223860789931],
            [100.07444970236213, 0.528545516232569],
            [100.06905456398289, 0.5281992213998024],
            [100.06830109958173, 0.5353853830512492],
            [100.06577646502274, 0.5407584010369249],
            [100.06550306273925, 0.5438203694506285],
            [100.0675900228336, 0.5466092733160082],
            [100.07036049929866, 0.5486870357484577],
            [100.0698319215528, 0.55071011952883],
            [100.06567620685524, 0.5509470572240218],
            [100.06359022910635, 0.5519042919332549],
            [100.06479592412126, 0.5538209487166625],
            [100.06343032592429, 0.5550532202468901],
            [100.06158571554238, 0.554455553278089],
            [100.06130747820464, 0.5524461552659403],
            [100.0581434710989, 0.5526832280602889],
            [100.05597940305375, 0.5529820616415151],
            [100.05385960666973, 0.5545758592679135],
            [100.05172645388274, 0.5545964684743581],
            [100.04909051339371, 0.555822364024209],
            [100.05036071789999, 0.558095014802916],
            [100.0503916331582, 0.5592491295603566],
            [100.04934329759016, 0.5606622839598145],
            [100.04902191564133, 0.5621545255073102],
            [100.04769255955728, 0.5628964559345349],
            [100.04578611866157, 0.5631231568796267],
            [100.04673418656665, 0.5603512219931446],
            [100.04628187138053, 0.5580496337758234],
            [100.04388078636032, 0.556256633600583],
            [100.04123884546772, 0.5580996125265045],
            [100.03784847219697, 0.5576874286299613],
            [100.03401045690481, 0.5588856032392613],
            [100.0321967617819, 0.5597614938058086],
            [100.02931803947769, 0.5604654078175031],
            [100.02704061548854, 0.5609291144799897],
            [100.02305664164544, 0.5603253856580892],
            [100.02183033642154, 0.5601811213522723],
            [100.02042531802311, 0.5635651179720043],
            [100.01936895757859, 0.5657481568721892],
            [100.0168806418672, 0.5662645745565271],
            [100.01404020600899, 0.5678138273333104],
            [100.01504961688318, 0.5639641680332801],
            [100.01485043611024, 0.559008964495348],
            [100.01409318557211, 0.557321824290824],
            [100.01181614195042, 0.5577678220276994],
            [100.00590052346666, 0.5576035070759531],
            [100.00446856819781, 0.5541763656104877],
            [100.00617707272954, 0.5518232679262667],
            [100.00636487014168, 0.5493115935032762],
            [100.00183360999863, 0.5492786430173524],
            [99.99870965148389, 0.5471824670919467],
            [99.99642139431299, 0.544747911208562],
            [99.9984134658088, 0.5431344990406766],
            [100.00641383640723, 0.5470009364357509],
            [100.01076297438881, 0.5447562424964687],
            [100.01332002132975, 0.5453458630607934],
            [100.01587706827067, 0.5473404496325032],
            [100.01717751000047, 0.5499246567685376],
            [100.01942713602267, 0.5511792392256654],
            [100.02041381371629, 0.5498247501305276],
            [100.0226380672737, 0.5480189624309836],
            [100.02201843139463, 0.5455614644582736],
            [100.01947448916744, 0.5435567540427039],
            [100.02166265158019, 0.5385939619350697],
            [100.02102101304766, 0.5369476480543843],
            [100.02033989158562, 0.5335044892508047],
            [100.01526435577634, 0.5331914169295663],
            [100.01334274406528, 0.5316620794776579],
            [100.0134135320626, 0.5286535846324347],
            [100.01756947874404, 0.5294607320830407],
            [100.02116448654999, 0.5279138461785191],
            [100.02449067037801, 0.5259239817287984],
            [100.03214663070582, 0.5232990493525591]
          ]
        ],
        "type": "Polygon"
      }
    },
    {
      "type": "Feature",
      "properties": {
        "tier": 3
      },
      "geometry": {
        "coordinates": [
          [
            [100.00964144801105, 0.29561447288308784],
            [100.01062731050212, 0.2969177990903944],
            [100.00905661433103, 0.299023171869635],
            [100.00653347473644, 0.2984884740590559],
            [100.00731882282264, 0.2963329732463933],
            [100.00964144801105, 0.29561447288308784]
          ]
        ],
        "type": "Polygon"
      }
    },
    {
      "type": "Feature",
      "properties": {
        "tier": 1
      },
      "geometry": {
        "coordinates": [
          [
            [100.03929420480432, 0.47534851118128074],
            [100.03988281251168, 0.47534364544941354],
            [100.04034071082447, 0.47541972191463344],
            [100.04056725792009, 0.476612616899061],
            [100.04191919730022, 0.48176629586258457],
            [100.04187487322508, 0.485085888155254],
            [100.04265975282755, 0.4890439519873837],
            [100.04617487424741, 0.48986212333595347],
            [100.05034613904962, 0.4901609880775908],
            [100.0519498915404, 0.4908577441278794],
            [100.05341828070937, 0.4922741027896791],
            [100.04904817625953, 0.49306052493514585],
            [100.04373537847022, 0.491965036810214],
            [100.0417961865341, 0.49320022482032755],
            [100.03996701653608, 0.4959189959199648],
            [100.0396421516744, 0.4979070940910617],
            [100.0382777192628, 0.4975302650723563],
            [100.03803543656295, 0.494729067577623],
            [100.03703403504261, 0.49237810186308195],
            [100.03618938641881, 0.49079281969382293],
            [100.0370210404605, 0.4891945430301661],
            [100.0369671457263, 0.48580235817732387],
            [100.0375540892868, 0.48338702043403714],
            [100.03372725232484, 0.4835090735837895],
            [100.03232772164534, 0.48031589913418316],
            [100.03505690720476, 0.4792519517007321],
            [100.03548917418306, 0.4774186073767055],
            [100.03712113177107, 0.4759584755746289],
            [100.03929420480432, 0.47534851118128074]
          ]
        ],
        "type": "Polygon"
      }
    },
    {
      "type": "Feature",
      "properties": {
        "tier": 1
      },
      "geometry": {
        "coordinates": [
          [
            [100.0529967457066, 0.39578510690591884],
            [100.05655729760912, 0.39743716340748847],
            [100.0563009378721, 0.3995164754310281],
            [100.05752576772659, 0.40173820550475625],
            [100.0530537144582, 0.40535563651025086],
            [100.05068867888878, 0.40917425059716095],
            [100.0485585165249, 0.4159372075843635],
            [100.0464791542139, 0.41961159946761484],
            [100.04496178452052, 0.4247184400599764],
            [100.0434957107824, 0.4291634602085139],
            [100.04339872971673, 0.4366008045033425],
            [100.04328479205589, 0.4392497777414093],
            [100.04938559833386, 0.43887753067338053],
            [100.05513945020823, 0.442779780055659],
            [100.0569909371975, 0.4414125688260526],
            [100.05989634754997, 0.4426088786657232],
            [100.06126359948053, 0.43665581113637586],
            [100.06326319131318, 0.43440503780301754],
            [100.0623516900261, 0.4309870054484861],
            [100.0660588274456, 0.4287061845716522],
            [100.06941998844161, 0.43032975061782963],
            [100.07095814686352, 0.43252298841206027],
            [100.0688787845524, 0.43577011852708836],
            [100.06486248200639, 0.4378779039935523],
            [100.06178616516263, 0.4415807689168929],
            [100.06883942859281, 0.43964419196559845],
            [100.07422298306938, 0.43921693830344566],
            [100.07698597134578, 0.4412107885175516],
            [100.0772992999132, 0.4434040231357983],
            [100.07302663763022, 0.44252103265317544],
            [100.06886791234865, 0.4426919339440616],
            [100.06399707734602, 0.4446857832253812],
            [100.0634060214951, 0.4463876808584786],
            [100.06163998775003, 0.449093617675814],
            [100.05853518649104, 0.4487233316434782],
            [100.0575952007888, 0.44490653606665376],
            [100.05265306209185, 0.4452198541025183],
            [100.04957674524906, 0.4424854322897289],
            [100.04539855091502, 0.4422091861575126],
            [100.042550109393, 0.4424655382547513],
            [100.04203738991902, 0.4440321342117812],
            [100.04389376586687, 0.44646035056265987],
            [100.04645736323664, 0.44831178110911196],
            [100.04309620224069, 0.44967899105846243],
            [100.04530720820281, 0.4544704194202609],
            [100.04750346168794, 0.4591376188739815],
            [100.04539561496159, 0.4624132206969165],
            [100.04379472498749, 0.46721384598234295],
            [100.0426378923454, 0.4715210539445991],
            [100.04152700015186, 0.47530935184823875],
            [100.03873552746023, 0.4747966499975007],
            [100.0355167885404, 0.4741700143505767],
            [100.03565921061647, 0.47126470288395694],
            [100.03856462096894, 0.46989749706820305],
            [100.03772231729675, 0.4652882743404376],
            [100.03518280711302, 0.46239377933902404],
            [100.0319976714427, 0.46155854363867377],
            [100.03069466139584, 0.4605339877128216],
            [100.032721565913, 0.45981011658990667],
            [100.03559487012086, 0.4602444392722589],
            [100.03727653265923, 0.4595762505185377],
            [100.04094056948071, 0.4593504816058811],
            [100.04234912378195, 0.45644494400060864],
            [100.04165158981851, 0.45430715718562453],
            [100.0394687695682, 0.45352760298931116],
            [100.03858895936366, 0.4521355417133037],
            [100.0394476034424, 0.45002737231287426],
            [100.03754237104778, 0.44602795521784344],
            [100.03680733973812, 0.4428540518744626],
            [100.03602677573753, 0.4404915442815849],
            [100.0357260811108, 0.43778537213118796],
            [100.0381680006617, 0.43622255043410973],
            [100.03596290667377, 0.4341511582990307],
            [100.03337170370662, 0.43503591404768827],
            [100.03294850386317, 0.4326749720772227],
            [100.03656824455823, 0.43168399109434574],
            [100.03846284052099, 0.42730993624023483],
            [100.03597845538297, 0.42354233019000276],
            [100.03984000549912, 0.4211320197559161],
            [100.0416546559909, 0.4164519187293081],
            [100.04321071772983, 0.41268519912746626],
            [100.04394575310829, 0.4086257036876617],
            [100.04643151498107, 0.4051914402290322],
            [100.04798773009429, 0.401697951947952],
            [100.04841550503056, 0.3998881792038844],
            [100.05238969586179, 0.3988760783604164],
            [100.0529967457066, 0.39578510690591884]
          ]
        ],
        "type": "Polygon"
      }
    },
    {
      "type": "Feature",
      "properties": {
        "tier": 1
      },
      "geometry": {
        "coordinates": [
          [
            [100.03829042929249, 0.4977205867165111],
            [100.03966202457877, 0.49800384026724487],
            [100.0406459951102, 0.49924121089530615],
            [100.04083609786511, 0.5010869102518285],
            [100.0443843552361, 0.5006247599325633],
            [100.04478731705888, 0.5021147684334863],
            [100.04566207181904, 0.5039796481148784],
            [100.05083537143179, 0.5055002708392493],
            [100.0540477049488, 0.5087757157824484],
            [100.05486768039219, 0.5111013721982971],
            [100.05410733912373, 0.5119660390182617],
            [100.05118976214385, 0.5091701011152878],
            [100.04636529362227, 0.5068473869847168],
            [100.04274715217423, 0.5041027238669926],
            [100.04013813940202, 0.5032827801098421],
            [100.04065114602179, 0.5060889980649819],
            [100.03966288595808, 0.5081134893638222],
            [100.03988651562497, 0.5108118473282843],
            [100.03759092839948, 0.5144413859787704],
            [100.03608515531408, 0.5167521322989614],
            [100.03468374922738, 0.5206362141936722],
            [100.03401286022932, 0.5225444416056604],
            [100.03255181307657, 0.5231705785990783],
            [100.03128457830064, 0.5221717409841204],
            [100.03195546730001, 0.5186385380030458],
            [100.0322562446338, 0.516123134763987],
            [100.03354142613665, 0.5132755252209478],
            [100.0344806707343, 0.5101150186482215],
            [100.03637219711749, 0.5080530781474124],
            [100.03621066896687, 0.5044998614461207],
            [100.03650238381101, 0.5017288071446018],
            [100.03423626985983, 0.5005659773623279],
            [100.0334013857726, 0.49876209998393506],
            [100.03829042929249, 0.4977205867165111]
          ]
        ],
        "type": "Polygon"
      }
    },
    {
      "type": "Feature",
      "properties": {
        "tier": 2
      },
      "geometry": {
        "coordinates": [
          [
            [100.20668643466291, -0.08733784504893549],
            [100.20900382823794, -0.0857221992575461],
            [100.2090527872578, -0.0825398664419481],
            [100.20796978909522, -0.07856734546817279],
            [100.20782401605913, -0.07780371851382029],
            [100.20786851653986, -0.07690258460027621],
            [100.20739498561636, -0.07385870492882418],
            [100.20684011673222, -0.0715086738988191],
            [100.20995717428798, -0.07521323664627744],
            [100.2118828957095, -0.07673096490756848],
            [100.21255200230439, -0.07411981948015978],
            [100.2110505923826, -0.07088852680124091],
            [100.21032801801027, -0.06887782941461751],
            [100.21331451818156, -0.06656043745837792],
            [100.21484311551535, -0.06335601973178484],
            [100.21360280826127, -0.061332369588313895],
            [100.21097534089739, -0.06045110774057605],
            [100.21158227901594, -0.05750289847736667],
            [100.21122324620865, -0.05412472775728361],
            [100.2106329007766, -0.05028597955902114],
            [100.2124523315261, -0.04510247835122527],
            [100.21765590189216, -0.04059028792413244],
            [100.22098807015169, -0.03951531233666117],
            [100.22278599493194, -0.03566615937866402],
            [100.22499225493567, -0.03672843250187441],
            [100.22716333128636, -0.03916038225085572],
            [100.22772427514377, -0.04112897719329567],
            [100.23215890677528, -0.04208152311592528],
            [100.23434263045766, -0.04299172091299397],
            [100.23738019436769, -0.04221910034087273],
            [100.24096803596893, -0.0417824930030406],
            [100.24330637258225, -0.038850305155960996],
            [100.2412579021775, -0.03611070942017136],
            [100.23811630963598, -0.034976823183157535],
            [100.23058717351171, -0.03752639844397265],
            [100.22719921835369, -0.034085507187000985],
            [100.22233825586613, -0.031230627231764174],
            [100.2214004764424, -0.02842915996161821],
            [100.22147358466708, -0.02432606889027511],
            [100.2233803919101, -0.019916800357250963],
            [100.22542127514794, -0.016749808527393384],
            [100.22873020242861, -0.01635843004812898],
            [100.23292862629017, -0.01874228077276996],
            [100.23718220637619, -0.022652048682502368],
            [100.23887159256998, -0.021301075529464697],
            [100.23955511253797, -0.01632423058266852],
            [100.23780232444494, -0.014432332391720593],
            [100.23396763580388, -0.009626559248786748],
            [100.23089330113214, -0.008722343181190695],
            [100.23124107654803, -0.006148805129370771],
            [100.2277909296264, -0.0032261440443903666],
            [100.22492946279118, 0.003330484995643701],
            [100.22427497205086, 0.006584238953323052],
            [100.22231149982662, 0.009501397656293875],
            [100.22444105089716, 0.014058592930382474],
            [100.22634683559232, 0.01713206236055953],
            [100.22658200520436, 0.02280688919600493],
            [100.22588357630809, 0.027214215954401766],
            [100.22588357630809, 0.029189083631493418],
            [100.22451080226762, 0.03024876871235449],
            [100.225153285043, 0.03634644288396771],
            [100.22096328206288, 0.034611665194063335],
            [100.21926425407617, 0.027606085076442355],
            [100.21959009506014, 0.0202979379374284],
            [100.21657768458402, 0.011513421819557834],
            [100.21636562865478, -0.0013164650083297147],
            [100.21581443203581, -0.014984430154186157],
            [100.21768876705414, -0.02461379817336251],
            [100.21709301816662, -0.029833424834095013],
            [100.21721447477853, -0.03301558761393153],
            [100.21587330674652, -0.038435314096119555],
            [100.20999480668047, -0.039989958377546486],
            [100.20594500691493, -0.0466113278742597],
            [100.20161647512384, -0.04463113456314716],
            [100.19877046846466, -0.04448885939956426],
            [100.19769889003567, -0.045862899053730644],
            [100.19492090344391, -0.04737983754513664],
            [100.19397895143811, -0.048244013396725904],
            [100.19227652441816, -0.04651566168288923],
            [100.19217049711335, -0.0442296519033647],
            [100.19147235190155, -0.04228340960450794],
            [100.19171189431063, -0.03937339961946407],
            [100.19222175824098, -0.037091975085118634],
            [100.19098994945188, -0.03377710652992505],
            [100.18809373889968, -0.031043842773556207],
            [100.18783448605325, -0.028555015791368987],
            [100.18628761074001, -0.028174778330921413],
            [100.18467160133605, -0.02919450606368912],
            [100.18181019931018, -0.026707228678318984],
            [100.18086533549734, -0.02545602157739779],
            [100.18478474576489, -0.024868748454480283],
            [100.1844685868536, -0.02284271411338068],
            [100.18395791450683, -0.02132346399507412],
            [100.18140455277296, -0.020710657220220696],
            [100.18016617233258, -0.019944648748221994],
            [100.17876182337784, -0.02000848278714784],
            [100.17768294001314, -0.018661324791963807],
            [100.17615092297274, -0.01875069244842109],
            [100.17694604280831, -0.020973668779745935],
            [100.17547785981077, -0.02085876750884097],
            [100.17407351085518, -0.01972252160470589],
            [100.17209465551088, -0.018713943777100894],
            [100.17056736163522, -0.019380918974661654],
            [100.16989072077632, -0.018308507104478622],
            [100.16837147054417, -0.016125382921202913],
            [100.167169705925, -0.015455468370348058],
            [100.16638407621355, -0.013397103869209559],
            [100.16602660557078, -0.012184257075318783],
            [100.16749478856616, -0.011558683464485853],
            [100.16702241664598, -0.010077733685264434],
            [100.16529889747505, -0.010116034110183136],
            [100.16450735530827, -0.010984177128889883],
            [100.16274542435491, -0.008878147513158297],
            [100.16182621413071, -0.007167395168210078],
            [100.16046016559807, -0.005839647027983119],
            [100.1597196906963, -0.004218262333779421],
            [100.15891135163122, -0.002891238796109974],
            [100.15980502823697, -0.0015762575047091332],
            [100.16000929717575, 0.00021109570883481865],
            [100.15851372082523, 0.0007588944042424828],
            [100.15779877953969, 0.002559014426353201],
            [100.15773544183065, 0.0051282989566345805],
            [100.16123899448434, 0.007502493928910781],
            [100.16397694833483, 0.007558143396494188],
            [100.16934650503612, 0.008977474169654442],
            [100.17043723462012, 0.010123853205826094],
            [100.1677758413611, 0.01387462737116607],
            [100.16261817541579, 0.013020649890322034],
            [100.16069270380524, 0.011696192570724406],
            [100.15925694751593, 0.01039399503100924],
            [100.15746503462998, 0.010483034179188166],
            [100.15539487440168, 0.01030495588278768],
            [100.1523829301857, 0.011548019931183262],
            [100.15119518764459, 0.013221841029050552],
            [100.15068321252232, 0.01510279300232753],
            [100.14980395092107, 0.016193522544696748],
            [100.15159711673579, 0.017939782385994363],
            [100.15455766846225, 0.017739444309015084],
            [100.1546467076119, 0.019909773464675595],
            [100.15438297375891, 0.02202360417597049],
            [100.16140712046223, 0.023456894075835066],
            [100.16357744973516, 0.021175266039975327],
            [100.16661591072699, 0.02264441188742694],
            [100.17103239002216, 0.02349431964994153],
            [100.17204521034978, 0.02454052956628061],
            [100.17256831535445, 0.025508830226669943],
            [100.17016083595678, 0.0277902442997231],
            [100.16860265083812, 0.027434087742506108],
            [100.16655475039641, 0.026599345807014174],
            [100.16416703269925, 0.026625932261609364],
            [100.1590876365949, 0.027208936078949364],
            [100.15688391764229, 0.02678600016510302],
            [100.15422387304636, 0.026285155001602334],
            [100.15251305220721, 0.026063570601408514],
            [100.15054306102184, 0.026063570601408514],
            [100.1494734226111, 0.023545942381261398],
            [100.14915065569414, 0.021264314346794322],
            [100.1475746329562, 0.017930047756067324],
            [100.14689570944063, 0.016338473027971645],
            [100.14598305815593, 0.014090234578929994],
            [100.1453652450246, 0.010705503297728569],
            [100.14434129480276, 0.009648163409963217],
            [100.14376197976247, 0.008550000613155362],
            [100.14936438401747, 0.007622984091014473],
            [100.15222604374486, 0.006333221969939018],
            [100.15300830009801, 0.003092340579016195],
            [100.15458019769477, -0.002066707941679624],
            [100.15677782914639, -0.005602737455120632],
            [100.15964357853409, -0.00930309306646393],
            [100.16175521443085, -0.012959059623980806],
            [100.16333180014863, -0.015314526298055853],
            [100.16431314577835, -0.01846123225600138],
            [100.16520968150098, -0.019499940944825767],
            [100.16481500988937, -0.021249296087205494],
            [100.16384433105958, -0.021931971259405714],
            [100.1647298615107, -0.023485260936311647],
            [100.16652188396512, -0.024519940476409374],
            [100.16790118187168, -0.025636840306333397],
            [100.16767717906532, -0.027386195372031352],
            [100.16726117385235, -0.02871954525220133],
            [100.1680253806503, -0.030803119935242762],
            [100.16953725450867, -0.03337291864053782],
            [100.17056126733974, -0.03501560559772088],
            [100.17124738236282, -0.03678530807194136],
            [100.17360474523389, -0.0379906562523189],
            [100.17585488082949, -0.03934341908281169],
            [100.1774762344786, -0.038916747169395194],
            [100.17945272532455, -0.035787303987319774],
            [100.18122333170822, -0.03368728284851841],
            [100.18410571456934, -0.03117549209888182],
            [100.18768810366095, -0.03319316012206741],
            [100.18809144449807, -0.04104481141253302],
            [100.18907272636079, -0.0452379908325895],
            [100.19020957291787, -0.04840993201716515],
            [100.18867974236593, -0.04950467274606751],
            [100.18973237806699, -0.05193275147651377],
            [100.19140096491645, -0.051928544081604855],
            [100.19207465176481, -0.051591700794901385],
            [100.19356237689027, -0.054412763248450347],
            [100.19487671368267, -0.05743708524454405],
            [100.19381004283946, -0.060861658231488036],
            [100.1945619274004, -0.06380896712482809],
            [100.19523385919842, -0.06668677742537454],
            [100.19780229030829, -0.06779555293356054],
            [100.19951457771452, -0.06771134213637708],
            [100.20141987932851, -0.06371663257679927],
            [100.19860913146954, -0.06122407375647754],
            [100.20064810609853, -0.05830290581528175],
            [100.20584534739595, -0.058568076020449666],
            [100.20632263328804, -0.0628107281852408],
            [100.20489071469922, -0.06880346396134485],
            [100.20489676684025, -0.07003332464594791],
            [100.20326419180492, -0.0725644346946126],
            [100.20342715749905, -0.0745898637818243],
            [100.20200702788662, -0.07626608088700948],
            [100.20044721339633, -0.07654545039824256],
            [100.19849162507887, -0.07847775613407748],
            [100.19811913206604, -0.08031693861903477],
            [100.20365970225225, -0.07757013439302796],
            [100.20449781153116, -0.07964212482691835],
            [100.2054290440633, -0.08350673591756674],
            [100.20638355740778, -0.0860210610025689],
            [100.20668643466291, -0.08733784504893549]
          ]
        ],
        "type": "Polygon"
      }
    },
    {
      "type": "Feature",
      "properties": {
        "tier": 2
      },
      "geometry": {
        "coordinates": [
          [
            [100.05617503245293, -0.08151813565892496],
            [100.05509779978144, -0.07920094499489494],
            [100.05233302983402, -0.07577910818669409],
            [100.05178596589536, -0.06954638342973851],
            [100.05257261199534, -0.06489439948207121],
            [100.05158184310994, -0.06330267341532192],
            [100.04893437870874, -0.06437465220044203],
            [100.04300447529073, -0.06383061136455126],
            [100.0398372632771, -0.06465895860036142],
            [100.04129905343694, -0.06743635805901249],
            [100.03871655751584, -0.068902079454503],
            [100.0352569874716, -0.0693731003845528],
            [100.03639393537367, -0.07096482625370015],
            [100.03959363161175, -0.07104603675645649],
            [100.04160765360973, -0.07343362545225318],
            [100.04206079037874, -0.07612593440003934],
            [100.04326270673238, -0.0779288073018023],
            [100.04534169718187, -0.07721415498978956],
            [100.04599138058148, -0.07893581038753439],
            [100.04714441768795, -0.082427693049695],
            [100.0490447448949, -0.08163183033454402],
            [100.05123743013536, -0.08163183033454402],
            [100.05375495763212, -0.08166431452731615],
            [100.05617503245293, -0.08151813565892496]
          ]
        ],
        "type": "Polygon"
      }
    },
    {
      "type": "Feature",
      "properties": {
        "tier": 2
      },
      "geometry": {
        "coordinates": [
          [
            [100.05041236768994, -0.06222913092673821],
            [100.05205767835037, -0.06179615469164901],
            [100.0523867404396, -0.058748001851427034],
            [100.05655935693414, -0.054252185524418906],
            [100.06206660511333, -0.056966062896322],
            [100.06762329478772, -0.05694485465407695],
            [100.07111417691192, -0.05437039440894864],
            [100.07576570398027, -0.054011172854728784],
            [100.07778137721323, -0.05660268455869755],
            [100.0819725896306, -0.05662000361054709],
            [100.0868020268718, -0.05750549550296569],
            [100.08955575734512, -0.058198257532822595],
            [100.09142732117715, -0.0618188328155469],
            [100.0849499928957, -0.06147245182445715],
            [100.08301872561469, -0.06328981889829777],
            [100.08270698254239, -0.06593963332888109],
            [100.08954801107552, -0.06443287612023596],
            [100.09148957676894, -0.06595144192731084],
            [100.09039945776351, -0.06900377302936533],
            [100.08761104806786, -0.07141350798178792],
            [100.08909131492936, -0.07259542555107146],
            [100.09319934234554, -0.07030043995278845],
            [100.09664393454551, -0.06997518317658091],
            [100.09694228290437, -0.07389960850723298],
            [100.09685338061706, -0.0758670131452277],
            [100.10035789723241, -0.07621363061640807],
            [100.10110376813134, -0.07412519389546901],
            [100.10408725172903, -0.07395306998495244],
            [100.10398224393987, -0.07139803973993253],
            [100.10656410474508, -0.06992924893204133],
            [100.10804437160652, -0.07103084204229049],
            [100.10916891542507, -0.07318812847350387],
            [100.11318478981389, -0.07371299072546833],
            [100.11491537742404, -0.07146613842935778],
            [100.1136990341102, -0.0698940732687987],
            [100.11128637743656, -0.06847688533230212],
            [100.10877336625191, -0.06718021837014021],
            [100.10393806283611, -0.0669265808360251],
            [100.10153346293782, -0.06524284240531131],
            [100.0980497826805, -0.06365277001931702],
            [100.09743013608806, -0.06204627981786359],
            [100.0957916110973, -0.0601532540480747],
            [100.09354244149097, -0.057116422186695104],
            [100.09229167336781, -0.05553288165769743],
            [100.09097061260883, -0.05359551470989743],
            [100.08985692519974, -0.05175672038561174],
            [100.08789471098885, -0.05035677863796195],
            [100.0858941307186, -0.05220580255299012],
            [100.08581380617994, -0.053410670366176305],
            [100.08086737031033, -0.05302617656441555],
            [100.0778509463637, -0.05121932298241916],
            [100.07483303795482, -0.04985380602039413],
            [100.06964669116405, -0.0504471783328313],
            [100.06545833918904, -0.051732370756283785],
            [100.0613420211223, -0.05073404643336232],
            [100.05880605976233, -0.05064224508261361],
            [100.06077799338743, -0.04658929304116555],
            [100.0616160092967, -0.04356942484950821],
            [100.06391142371763, -0.04052441574285126],
            [100.06567117266536, -0.03824241239449577],
            [100.06417943086751, -0.0364752724854327],
            [100.06193034323229, -0.03702606934399455],
            [100.05901923507093, -0.040769558917517656],
            [100.05579585807124, -0.04290599783676896],
            [100.05500164938968, -0.04713501296576794],
            [100.05381973088896, -0.04903985182254189],
            [100.05132232686185, -0.05300314764781433],
            [100.04957813645092, -0.054414564268554955],
            [100.04863267938026, -0.05822411195218535],
            [100.05041236768994, -0.06222913092673821]
          ]
        ],
        "type": "Polygon"
      }
    },
    {
      "type": "Feature",
      "properties": {
        "tier": 2
      },
      "geometry": {
        "coordinates": [
          [
            [100.0867816832037, -0.05103952706649295],
            [100.0874964133377, -0.05051722448119733],
            [100.08703825299568, -0.04923437600739078],
            [100.08645879942503, -0.04733208527829902],
            [100.08575323249744, -0.04582931985059702],
            [100.0852027735171, -0.0443333460950015],
            [100.08633586959229, -0.041290466272258186],
            [100.08749043365685, -0.041290466272258186],
            [100.08877841817304, -0.04142573097398383],
            [100.09023536806353, -0.04250698909294215],
            [100.09182060284922, -0.04258029472754288],
            [100.09222378395089, -0.041324935724503575],
            [100.09636586887586, -0.040353918920814635],
            [100.0988005711041, -0.03969416820477534],
            [100.10277228071305, -0.04066914923740228],
            [100.10515471449554, -0.03958789109357497],
            [100.10837100010235, -0.03868073382686532],
            [100.11003472348591, -0.03732478608371537],
            [100.11229577239254, -0.03632119330335115],
            [100.11690921705627, -0.03575363503998119],
            [100.12080455218472, -0.03370738764859027],
            [100.12101548075418, -0.03194964986623461],
            [100.12237479819572, -0.029770054974591176],
            [100.12481219498733, -0.02897321382049256],
            [100.12417827595965, -0.027612809963116547],
            [100.12216018817986, -0.027707407817146645],
            [100.1200054592112, -0.029546810755817887],
            [100.11828913848842, -0.03162312640795051],
            [100.11696476838381, -0.032947496303151524],
            [100.11177217632587, -0.03448906127118789],
            [100.1090288382494, -0.03520380056063743],
            [100.10554540627965, -0.03712158261416221],
            [100.1040003078229, -0.03720566958726579],
            [100.09665768758566, -0.03785802002656169],
            [100.09403231785689, -0.039076492772323945],
            [100.09115233842039, -0.0398122537675647],
            [100.08744200181445, -0.03915006908464136],
            [100.08498576705983, -0.0375465434423603],
            [100.0839241688011, -0.03736785862551528],
            [100.08357730996443, -0.036001445304705726],
            [100.08269439656084, -0.03486627114571661],
            [100.08144360257188, -0.03621166274007237],
            [100.08086550450952, -0.03710508683424507],
            [100.07813971769383, -0.03633178448944818],
            [100.07678381497465, -0.0356380669447276],
            [100.07935001687048, -0.03391776030154858],
            [100.08003121940521, -0.03272216773258663],
            [100.07963180619794, -0.031629037024231366],
            [100.0781602838585, -0.03234377633486929],
            [100.07493088504975, -0.03412508813082127],
            [100.07361702581858, -0.03436683818574693],
            [100.07249236231593, -0.03358903365743515],
            [100.07040069841878, -0.03274816389014745],
            [100.06993821996923, -0.03203342458238012],
            [100.07270072899041, -0.031786315996313874],
            [100.07884505449687, -0.02976733319216862],
            [100.08117267750174, -0.03014264083439855],
            [100.08376886334378, -0.03064716270839085],
            [100.08542958149167, -0.030216216947778207],
            [100.08503377054228, -0.02866692454821873],
            [100.08255320406755, -0.02766839172568325],
            [100.07863220337248, -0.02753565438933947],
            [100.07672973520556, -0.028281926344774888],
            [100.07381822314875, -0.029669361515942683],
            [100.07181064624251, -0.02959578540833263],
            [100.07215784414404, -0.026192641328748323],
            [100.0730255522285, -0.023316051366535362],
            [100.07333036741221, -0.021156229193053377],
            [100.07417123732051, -0.020525576803635204],
            [100.07430787868014, -0.019421935115758515],
            [100.0731306608086, -0.018518000013941105],
            [100.07328832385917, -0.016694333139412265],
            [100.07371803750016, -0.014636596210522157],
            [100.07833231112193, -0.014699661451558654],
            [100.07969872472194, -0.013984922051946569],
            [100.07858457209443, -0.012818215086667806],
            [100.07435729237636, -0.012617723643018053],
            [100.07477727104566, -0.010013987105992328],
            [100.07590193454837, -0.00827969294198283],
            [100.07768954449699, -0.006547284451286828],
            [100.07777363148779, -0.00490758813850789],
            [100.07797333809145, -0.003530663667106637],
            [100.07797545630274, -0.002053968166151776],
            [100.07798596717788, -0.0006244893226323711],
            [100.07731327125128, 0.0004476198103589013],
            [100.07746807918846, 0.0027848611311185323],
            [100.07653854718535, 0.004374850080679948],
            [100.0748751741271, 0.004692847870202854],
            [100.07306503285793, 0.0015373313383548748],
            [100.07395951412832, -0.003807426636356581],
            [100.07240264036153, -0.00722990794628231],
            [100.071644337939, -0.009260201510883803],
            [100.0705099638426, -0.013360901266807446],
            [100.06946469954772, -0.016997233954242574],
            [100.06978588371686, -0.021440507471737646],
            [100.06929525100117, -0.025464149669701897],
            [100.06688162835621, -0.024137234124566476],
            [100.06584531244926, -0.024800476244593028],
            [100.06580385981295, -0.028199592055457856],
            [100.06286394419914, -0.029264075994973382],
            [100.05855287002595, -0.030010223348156728],
            [100.0558584480957, -0.02992731805291271],
            [100.05198707385097, -0.0285949315844789],
            [100.04972662188783, -0.029831782497851123],
            [100.04565776793072, -0.029622758299453267],
            [100.0435369365972, -0.02939985399675038],
            [100.04311043622675, -0.031191155301968365],
            [100.0421379011351, -0.03466847898670267],
            [100.04461160328333, -0.034796429074305024],
            [100.04714928048634, -0.034817754088876995],
            [100.05034803363304, -0.0329624777201758],
            [100.05250186050444, -0.03166165179735003],
            [100.05431125282678, -0.03299994127661421],
            [100.05456715304899, -0.03555894304084006],
            [100.0581924061974, -0.033383791545617214],
            [100.06267144064435, -0.03257159858398495],
            [100.06587019342226, -0.030375122007910704],
            [100.06751221984746, -0.0308442723484319],
            [100.06670186914363, -0.03316869900422148],
            [100.06418551695833, -0.0339577245540994],
            [100.06390829171846, -0.03536517551884799],
            [100.06514514289228, -0.03698587666337971],
            [100.06700041931873, -0.03728442674272969],
            [100.06862111252138, -0.034337650452556545],
            [100.07147150103441, -0.03641512721506501],
            [100.07471868670365, -0.03830629292556864],
            [100.07981959416009, -0.040120404753324124],
            [100.08208004612317, -0.040163054779938534],
            [100.08323159712324, -0.04046160496528728],
            [100.083132587845, -0.044313849509805436],
            [100.08404956364046, -0.04800307651592561],
            [100.0867816832037, -0.05103952706649295]
          ]
        ],
        "type": "Polygon"
      }
    },
    {
      "type": "Feature",
      "properties": {
        "tier": 2
      },
      "geometry": {
        "coordinates": [
          [
            [100.06513173965237, -0.02511606208473438],
            [100.06677347094302, -0.02306389815286991],
            [100.06349000836167, -0.0213475428415677],
            [100.06087816318984, -0.019146130468840283],
            [100.05919553262925, -0.01690416880786927],
            [100.05835312357368, -0.013710869663128733],
            [100.05721523797945, -0.012441689617006091],
            [100.05678901622167, -0.009585854841063224],
            [100.05579255833834, -0.006684520169272901],
            [100.05585091144542, -0.0046129848784772776],
            [100.05679914941527, -0.002658155698838982],
            [100.0579169921923, -0.002221394987074632],
            [100.05864640602192, -0.0036802226740064725],
            [100.06108264824144, -0.005182815175871269],
            [100.0635846229527, -0.00833983283578732],
            [100.0662251013909, -0.008164773548472226],
            [100.06800480408697, -0.007136401260098069],
            [100.06696903643592, -0.004816865267457615],
            [100.06478462714722, -0.0025639577849858597],
            [100.06304862211397, -0.0013093659511014266],
            [100.05999967227018, -0.00015689208595404125],
            [100.05779684247773, 0.0010831114385894125],
            [100.05557942440907, 0.0007184045200432365],
            [100.05409431749638, -0.001940763085741537],
            [100.05238748911512, -0.0013718202926469303],
            [100.0523583125617, -0.0033850024847339455],
            [100.05371296583752, -0.005558020413658937],
            [100.05321389554206, -0.007966948780321559],
            [100.05371296386903, -0.011095723247464662],
            [100.05385142778397, -0.01308325309456393],
            [100.05519015098196, -0.01592274934246518],
            [100.05524809260487, -0.017516143905893955],
            [100.05313322336701, -0.018385268207566696],
            [100.0509414955821, -0.019744089728078507],
            [100.04781264794246, -0.019512323249841756],
            [100.04537909977824, -0.019946885396251446],
            [100.04256893106492, -0.020584243208901398],
            [100.03571165942748, -0.021483953763706154],
            [100.03307531558306, -0.01841304793349252],
            [100.02907734359906, -0.017601865252203197],
            [100.02661482462344, -0.015921558258455093],
            [100.02452892619692, -0.020498946239541738],
            [100.02754189059073, -0.020759683525952255],
            [100.03125015445994, -0.02180263266721738],
            [100.03275663665676, -0.024120297399235824],
            [100.03507430174142, -0.027886502359535825],
            [100.04092640570786, -0.02461280087159423],
            [100.04833326570304, -0.023720582716620697],
            [100.05577876425286, -0.02157674283486699],
            [100.06513173965237, -0.02511606208473438]
          ]
        ],
        "type": "Polygon"
      }
    },
    {
      "type": "Feature",
      "properties": {
        "tier": 2
      },
      "geometry": {
        "coordinates": [
          [
            [100.04028654232991, -0.018843092089014135],
            [100.04151045681272, -0.017890264666007738],
            [100.04555400573372, -0.01570889383128815],
            [100.04580458691731, -0.013556169825704956],
            [100.04945049931172, -0.012448786865604689],
            [100.05170795896333, -0.014716645054420496],
            [100.05428211551049, -0.016402375791059853],
            [100.05471493828225, -0.015582290572965007],
            [100.05367325549236, -0.012640213473218864],
            [100.05206056047308, -0.00987789051140453],
            [100.04914470180626, -0.010948557347930432],
            [100.04995290769216, -0.008360869195115583],
            [100.04933506495075, -0.005808450267096532],
            [100.05042851195077, -0.0037012867853007947],
            [100.04801313272714, -0.0011744665382877884],
            [100.04539399958821, 0.0008328557289587479],
            [100.04208561354608, 0.0047731830318582524],
            [100.03923528376396, 0.004296465032126662],
            [100.0438788070698, -0.0035646308826926543],
            [100.04546121857209, -0.005298260223014495],
            [100.04688285506273, -0.008532921289287287],
            [100.04408031154378, -0.011026755013702427],
            [100.04199447189671, -0.007733563281860256],
            [100.03690788640728, -0.003521279481532247],
            [100.03311711656721, 0.0002735907914939162],
            [100.0334286583248, 0.006030859005633715],
            [100.03092284228302, 0.0044248587306015],
            [100.02890449123561, 0.004971582310773215],
            [100.02803429660344, 0.0017986501192126525],
            [100.02781788521753, -0.000638825484728045],
            [100.03027148132458, -0.0020364740839937667],
            [100.03311900000051, -0.003505793354435127],
            [100.03627731890589, -0.007085006159130103],
            [100.03804395835084, -0.011920809739535798],
            [100.03922940041787, -0.014839780471888275],
            [100.04028654232991, -0.018843092089014135]
          ]
        ],
        "type": "Polygon"
      }
    },
    {
      "type": "Feature",
      "properties": {
        "tier": 2
      },
      "geometry": {
        "coordinates": [
          [
            [100.03349775249467, 0.012454772011281534],
            [100.0342273406406, 0.011902651264009023],
            [100.03523298916815, 0.010897002757232599],
            [100.03984714123192, 0.011389967711991744],
            [100.04582667961898, 0.012029161433758873],
            [100.04697035833567, 0.01285734255385762],
            [100.04943518315685, 0.011102387320207185],
            [100.05101267104186, 0.010333361989665946],
            [100.05257044032754, 0.011457322087451871],
            [100.05120985702752, 0.014119332826894038],
            [100.05105210823899, 0.01591372523442658],
            [100.05255072172974, 0.016919373719829878],
            [100.05365496324924, 0.015578509071488611],
            [100.05540068487835, 0.013322563023919543],
            [100.05614710152958, 0.010970219694087291],
            [100.05630495696971, 0.009136773414539334],
            [100.05559748056424, 0.007995967723729791],
            [100.05416484084225, 0.007023187673695475],
            [100.0525818623845, 0.0055905479619582366],
            [100.04869884106233, 0.006297901726100008],
            [100.04747187652595, 0.008637771173454212],
            [100.0458269938838, 0.009398308300731628],
            [100.04410252014497, 0.008858857547252796],
            [100.04515280920657, 0.0075059038240681275],
            [100.04644691622156, 0.005059830310031543],
            [100.04822230010416, 0.003770637761036255],
            [100.05312041710374, 0.003684295154542383],
            [100.05682781958114, 0.006158926793389696],
            [100.05842848494837, 0.006857559738307373],
            [100.05947201272585, 0.00519499019348757],
            [100.06356242601959, 0.004000598358103957],
            [100.06295839614228, 0.006588521532080449],
            [100.0612756833184, 0.008415458345140792],
            [100.05700240284847, 0.013873501702818203],
            [100.05524760841587, 0.01760296111260118],
            [100.0543896191715, 0.019157679978448527],
            [100.05424812389037, 0.020537258886434984],
            [100.05674881023242, 0.021339549079542053],
            [100.05822566722935, 0.022002808161147414],
            [100.06054265245677, 0.02248919815370698],
            [100.05895769666995, 0.02468008550337686],
            [100.05803797727395, 0.02613925548226348],
            [100.05707009222021, 0.026460752441565205],
            [100.05400254961984, 0.02312898468774449],
            [100.05063969637843, 0.02030337278304728],
            [100.04984378542139, 0.017791831682316683],
            [100.0471377067102, 0.016887231676506076],
            [100.04513908586381, 0.016984509678394488],
            [100.04255087689847, 0.014639025880725853],
            [100.03890737340993, 0.014276444234766927],
            [100.03642983891444, 0.013710987698900112],
            [100.03349775249467, 0.012454772011281534]
          ]
        ],
        "type": "Polygon"
      }
    },
    {
      "type": "Feature",
      "properties": {
        "tier": 2
      },
      "geometry": {
        "coordinates": [
          [
            [100.07702638970511, 0.004481170451455796],
            [100.07881553979576, 0.010284998701365566],
            [100.0823560106, 0.01896513058143512],
            [100.08239964840669, 0.023110721937300127],
            [100.08526433826461, 0.028421220345393294],
            [100.09032632398385, 0.026021141108444112],
            [100.09645263310239, 0.027261480115782888],
            [100.09466348302783, 0.030796142004049898],
            [100.0906488045722, 0.03323985886027003],
            [100.08528458657821, 0.033414410115113924],
            [100.08083353029514, 0.03162526032878077],
            [100.08132942315831, 0.03670605827969098],
            [100.07770080348837, 0.035678567128172745],
            [100.07562471591763, 0.039926474814180324],
            [100.07313693415495, 0.044995584368138],
            [100.07097990868743, 0.04403868089620744],
            [100.06685145800725, 0.04384764185628853],
            [100.0663159959816, 0.041928903469255374],
            [100.0679153170828, 0.03899506819175258],
            [100.07046124668784, 0.03406467113443057],
            [100.06846813803679, 0.03413904084769115],
            [100.06442035332475, 0.03410189599087232],
            [100.06259085807085, 0.03294172846717913],
            [100.06129682484158, 0.03404240022074134],
            [100.05964581692973, 0.03265912355486478],
            [100.05769108867389, 0.03104421472872332],
            [100.05705150903145, 0.029541946478502723],
            [100.05743823160566, 0.02751909018795118],
            [100.0596990712695, 0.02792068665958425],
            [100.06234663351086, 0.03012203023706661],
            [100.06667418471699, 0.031320778923145554],
            [100.07021300015231, 0.03031827033176171],
            [100.07301703365056, 0.028922210858837616],
            [100.07615543607818, 0.02890733691494063],
            [100.07613757187494, 0.024791009550469312],
            [100.07604832820402, 0.02162285949167142],
            [100.07565947827885, 0.019161437792377],
            [100.07351763017613, 0.018640849739611554],
            [100.0728929244795, 0.016677489072193907],
            [100.07549586492695, 0.01700471583261276],
            [100.0770873770582, 0.017926900389511502],
            [100.07809880532898, 0.01658824538610304],
            [100.07632293387763, 0.012192344518254572],
            [100.07521849740755, 0.005309294267007658],
            [100.07702638970511, 0.004481170451455796]
          ]
        ],
        "type": "Polygon"
      }
    },
    {
      "type": "Feature",
      "properties": {
        "tier": 2
      },
      "geometry": {
        "coordinates": [
          [
            [100.06702657119956, 0.010643795756465124],
            [100.06819225815184, 0.012088233908059465],
            [100.065932944395, 0.014963252924232506],
            [100.0641717434662, 0.01654706669481243],
            [100.06295537445067, 0.01801427930411137],
            [100.06126352620026, 0.02061504890895094],
            [100.05897016382517, 0.02061504890895094],
            [100.05827328575742, 0.019525385085685798],
            [100.06009439155099, 0.01597264712302149],
            [100.0637784530793, 0.01280583144827574],
            [100.06702657119956, 0.010643795756465124]
          ]
        ],
        "type": "Polygon"
      }
    },
    {
      "type": "Feature",
      "properties": {
        "tier": 3
      },
      "geometry": {
        "coordinates": [
          [
            [100.08541986561232, 0.038749639268630176],
            [100.07781450050845, 0.0471114089223903],
            [100.07282999827777, 0.05483769032694852],
            [100.06995706509076, 0.05883669251595336],
            [100.0714538759209, 0.06311341715671404],
            [100.07001041277971, 0.06750785293944261],
            [100.06590222554149, 0.07110385883537162],
            [100.06393145737047, 0.07588692974933053],
            [100.06106805550786, 0.08043761970409946],
            [100.05778715244486, 0.08026762490760575],
            [100.05574868893694, 0.07943982327162757],
            [100.05375304985785, 0.0756176970312481],
            [100.05173528140989, 0.07518310112656934],
            [100.04838937176703, 0.0765763883802606],
            [100.04564105643158, 0.07261317707701664],
            [100.0475243069834, 0.07122660908244427],
            [100.04944389686273, 0.06786359905041195],
            [100.05442105903273, 0.06613556263803844],
            [100.0587818483666, 0.06016752014517124],
            [100.05246362971303, 0.057434342508301484],
            [100.05114164705549, 0.04805660325557426],
            [100.03778860444226, 0.04632961033087213],
            [100.03230375918463, 0.03473117284565319],
            [100.04188471951926, 0.02706474689509264],
            [100.04938921763829, 0.020853693200535872],
            [100.05391144806998, 0.0244679164505186],
            [100.05458377565623, 0.031053948612225213],
            [100.06627498594895, 0.036326671987595205],
            [100.06486643513148, 0.04063801410083556],
            [100.0677508728524, 0.046139424484096025],
            [100.0751482764515, 0.044931417926392214],
            [100.07936555909941, 0.03822157951317706],
            [100.08541986561232, 0.038749639268630176]
          ]
        ],
        "type": "Polygon"
      }
    },
    {
      "type": "Feature",
      "properties": {
        "tier": 2
      },
      "geometry": {
        "coordinates": [
          [
            [100.20691654251698, 0.05969511989198395],
            [100.2068682801297, 0.06252367142369053],
            [100.20596581196548, 0.06737261295742769],
            [100.20660188724247, 0.07173724460723463],
            [100.20707613157151, 0.07532635073596339],
            [100.20554714621215, 0.07826917433156666],
            [100.20624059018144, 0.08069184385435335],
            [100.2043796498806, 0.08334745323638515],
            [100.20398207798223, 0.08789234443308658],
            [100.20174894962355, 0.0899343467358591],
            [100.19660292862397, 0.09000862130849896],
            [100.19494317105983, 0.09218139210123866],
            [100.19304199421367, 0.09185950014021671],
            [100.19254909651312, 0.09044116365305399],
            [100.19358518759759, 0.08863052124812043],
            [100.19572740928089, 0.08698163412245208],
            [100.19871922278077, 0.08602736944719425],
            [100.20098328725265, 0.08533271407908671],
            [100.2015865325626, 0.07990714857447756],
            [100.2018653734201, 0.07810314992282485],
            [100.19925284251673, 0.07759064419531114],
            [100.19617404586785, 0.07665519245757935],
            [100.19629475550892, 0.07501555460321185],
            [100.19884748613606, 0.07547917284050243],
            [100.20208428830426, 0.07524333756576596],
            [100.2023171182525, 0.07322055982334064],
            [100.20318220401253, 0.07049453590734345],
            [100.20294752407267, 0.06483542932934938],
            [100.20309841112277, 0.06269283452793672],
            [100.20006860607566, 0.0620076182776188],
            [100.2005413850971, 0.06058928070805791],
            [100.20482286560485, 0.060857837450868146],
            [100.20691654251698, 0.05969511989198395]
          ]
        ],
        "type": "Polygon"
      }
    },
    {
      "type": "Feature",
      "properties": {
        "tier": 2
      },
      "geometry": {
        "coordinates": [
          [
            [100.19285889327381, 0.09205804785408134],
            [100.1941194166372, 0.09313136357607732],
            [100.1939431075192, 0.09600470399288952],
            [100.19324420341417, 0.09745243186175401],
            [100.19807348035528, 0.09812699486887766],
            [100.20252899402692, 0.0984639659945401],
            [100.20689714462168, 0.09822683818154587],
            [100.20778205623611, 0.10056955922385669],
            [100.20593354364144, 0.1029442663753315],
            [100.20215628774702, 0.10374845592031079],
            [100.20057266620239, 0.10608830777314893],
            [100.19699078266319, 0.1054642873141205],
            [100.19420764667268, 0.10551420895131969],
            [100.19492276127988, 0.10207442967130476],
            [100.19243915559849, 0.10040205460583707],
            [100.18984322606656, 0.09907332954441017],
            [100.19002341175343, 0.09499098037001374],
            [100.19285889327381, 0.09205804785408134]
          ]
        ],
        "type": "Polygon"
      }
    },
    {
      "type": "Feature",
      "properties": {
        "tier": 1
      },
      "geometry": {
        "coordinates": [
          [
            [100.1396788673747, 0.1836005974490007],
            [100.14248720370614, 0.18700014470256576],
            [100.13839787185503, 0.19212409873554748],
            [100.14175656218163, 0.19613823879467418],
            [100.13877000566822, 0.1974528263213955],
            [100.13608845497623, 0.19847238754712748],
            [100.13319124004079, 0.1988425141030774],
            [100.12997276784256, 0.20159909176824442],
            [100.12841571340829, 0.20557752875480162],
            [100.12822706578851, 0.209520211685998],
            [100.12689053292019, 0.21235491530963202],
            [100.12481015391563, 0.21278885641024203],
            [100.12409916647573, 0.20959930185736653],
            [100.12601072271798, 0.20643584296949768],
            [100.12329219064088, 0.20652518381851337],
            [100.12100929231434, 0.20408585778065458],
            [100.11901825466458, 0.20275850774471849],
            [100.1188880682941, 0.20112738611472025],
            [100.1239832110212, 0.20087791544005995],
            [100.1255403045094, 0.19842742253136691],
            [100.12500461718582, 0.1945351861950826],
            [100.1285166961386, 0.19366613420750411],
            [100.13053325983668, 0.19115182529230879],
            [100.13285905907725, 0.18943883399637684],
            [100.13587405029767, 0.18871973486338334],
            [100.13901376336366, 0.1851971486175472],
            [100.1396788673747, 0.1836005974490007]
          ]
        ],
        "type": "Polygon"
      }
    },
    {
      "type": "Feature",
      "properties": {
        "tier": 2
      },
      "geometry": {
        "coordinates": [
          [
            [100.12133367616838, 0.21359923377852397],
            [100.12191338176541, 0.2155315734690646],
            [100.11983610218306, 0.21830931114224938],
            [100.11954624911283, 0.22176336682983333],
            [100.11826553218287, 0.22558374016219318],
            [100.1190626278376, 0.22995565450412414],
            [100.11790007025627, 0.23566392710719697],
            [100.11855223959708, 0.2385624320029649],
            [100.12192177382741, 0.24166435187861168],
            [100.1254000094072, 0.24190589386536487],
            [100.12457875933973, 0.24560148572450657],
            [100.12827438464427, 0.24613287793434324],
            [100.12706666395678, 0.24871737610654066],
            [100.12380581809981, 0.2496110809644989],
            [100.1216560752772, 0.25205065337510746],
            [100.11825030293772, 0.25253373696671133],
            [100.1174048984575, 0.2499492395435965],
            [100.11979618541756, 0.24579471925781604],
            [100.11870923679987, 0.24277544498218617],
            [100.11542423653015, 0.24340345408731423],
            [100.11354019225769, 0.24620534050677634],
            [100.11213923626036, 0.24804105887652383],
            [100.1116543656039, 0.2522190844933192],
            [100.11080896112446, 0.2549107593313522],
            [100.10856260064685, 0.25507983855315786],
            [100.10795874030214, 0.25186733296176556],
            [100.10542252685957, 0.24940360633213743],
            [100.10933745240953, 0.24332139511213313],
            [100.11138923863012, 0.24156382983194646],
            [100.11408625326595, 0.24055858022279608],
            [100.1142902119185, 0.23789891185067802],
            [100.11408662254433, 0.23470183102620013],
            [100.11487599558512, 0.23147093554541698],
            [100.11342071622533, 0.226753721879831],
            [100.11248323070032, 0.22204573996815213],
            [100.11345617886707, 0.2185945531166027],
            [100.11635369447157, 0.21700371282506126],
            [100.11929089648663, 0.21436024974141787],
            [100.12133367616838, 0.21359923377852397]
          ]
        ],
        "type": "Polygon"
      }
    },
    {
      "type": "Feature",
      "properties": {
        "tier": 2
      },
      "geometry": {
        "coordinates": [
          [
            [100.10826769608991, 0.2555130148178506],
            [100.10902959219499, 0.25766193099921963],
            [100.10928792509247, 0.261811020458282],
            [100.11138851484128, 0.2659781995554198],
            [100.11135235350656, 0.2698539972028584],
            [100.11251512857405, 0.26856566743919075],
            [100.11333923302544, 0.2708068047155763],
            [100.11216802954823, 0.2734574000816252],
            [100.11071077167873, 0.27474379230834245],
            [100.11025655438505, 0.2767157724354661],
            [100.11196272702244, 0.2789923670849248],
            [100.11158206572946, 0.2815321872825791],
            [100.10890875129303, 0.28205478378433213],
            [100.10736221353267, 0.2799370207964387],
            [100.10729085577572, 0.27573294265694415],
            [100.10763712547964, 0.2733591122521375],
            [100.10556681429813, 0.2728264654264052],
            [100.10379800474567, 0.27374100996205186],
            [100.09910206437411, 0.2729502228695537],
            [100.09793625808317, 0.2714125819141202],
            [100.09564041367776, 0.26998109297754525],
            [100.09637406769019, 0.26769975569665405],
            [100.09950968462414, 0.26633296315776533],
            [100.1009127223212, 0.2678472775149743],
            [100.10045398086561, 0.2706589649971676],
            [100.10556357553452, 0.27023707346810966],
            [100.10803588888717, 0.2715435659214904],
            [100.10888679504984, 0.26922938946121633],
            [100.10844459266173, 0.26639530511596377],
            [100.10689502020216, 0.265329064076127],
            [100.10645281781404, 0.26345977388363906],
            [100.10602493299336, 0.2604987023011489],
            [100.10553747754875, 0.2572975491380589],
            [100.10734648731835, 0.2557096564750623],
            [100.10826769608991, 0.2555130148178506]
          ]
        ],
        "type": "Polygon"
      }
    },
    {
      "type": "Feature",
      "properties": {
        "tier": 1
      },
      "geometry": {
        "coordinates": [
          [
            [100.1047030355258, 0.28117845212678105],
            [100.1058396381037, 0.28355133119139],
            [100.10356917398587, 0.28768517456423126],
            [100.10240017670367, 0.29390888600453025],
            [100.09895048738838, 0.29821595504523657],
            [100.09541669399795, 0.3030012641364266],
            [100.10344897882305, 0.30497485456417905],
            [100.10692143388087, 0.31012655111317144],
            [100.10704107628487, 0.3146130745836615],
            [100.10961012015571, 0.31844501830906324],
            [100.11098623199041, 0.32351438529013876],
            [100.11106599359306, 0.32642563695944204],
            [100.11220259643159, 0.3300148501854494],
            [100.11252125138236, 0.33248615160769646],
            [100.11105040015713, 0.3341118017704332],
            [100.10860414233088, 0.33274935212789103],
            [100.1055768005761, 0.3290944486785463],
            [100.1060350650298, 0.32462618255263465],
            [100.10627615723308, 0.3204816815344742],
            [100.10433183699382, 0.3152416883397393],
            [100.10142134898342, 0.3091069118247418],
            [100.09607983664063, 0.30995844484485247],
            [100.09219387416158, 0.30967039352587733],
            [100.08856376044633, 0.31266439058278195],
            [100.09035981957686, 0.3164572521538247],
            [100.08897478993975, 0.3209980424103662],
            [100.08454967287435, 0.3246598976192985],
            [100.08158542390186, 0.32831072781515047],
            [100.07918903929874, 0.3304919182151025],
            [100.0773466046075, 0.32815407751766656],
            [100.0798499284594, 0.3232693278440024],
            [100.08022513838665, 0.3186921235760991],
            [100.08276909027308, 0.31433991705635833],
            [100.07973449195703, 0.3123891330301092],
            [100.08335743066056, 0.30988098148488064],
            [100.08564454804349, 0.31016719780234325],
            [100.08760733437038, 0.30550512136878183],
            [100.09099604675026, 0.2999823683018974],
            [100.09336071691422, 0.29674994300084734],
            [100.0910228375987, 0.29484560311013297],
            [100.09264851526859, 0.2907892032340129],
            [100.09650248488282, 0.2909007609294463],
            [100.09783399230719, 0.28763396458160173],
            [100.10172787303446, 0.2817237440417699],
            [100.10248652261419, 0.2796645770375932],
            [100.1047030355258, 0.28117845212678105]
          ]
        ],
        "type": "Polygon"
      },
      "id": 73
    },
    {
      "type": "Feature",
      "properties": {
        "tier": 3
      },
      "geometry": {
        "coordinates": [
          [
            [100.07769987538205, 0.3293053227814795],
            [100.07933159153748, 0.3313894049905173],
            [100.07819582404323, 0.33371768913497135],
            [100.07578482145504, 0.33608778361301006],
            [100.07470584233641, 0.33413808276368684],
            [100.076579858701, 0.3297654512999628],
            [100.07769987538205, 0.3293053227814795]
          ]
        ],
        "type": "Polygon"
      }
    },
    {
      "type": "Feature",
      "properties": {
        "tier": 1
      },
      "geometry": {
        "coordinates": [
          [
            [100.06208588183068, 0.3554862738197784],
            [100.06348500007266, 0.3612955427449407],
            [100.0688743523886, 0.36563357415560915],
            [100.0705167956126, 0.3696483527192811],
            [100.06352120426851, 0.3691312980533894],
            [100.06205091667096, 0.3714044691575964],
            [100.06143863965411, 0.3770024628818902],
            [100.06007428118909, 0.37914454197871805],
            [100.05904015026113, 0.38553167901528695],
            [100.05660690104042, 0.3861095626030391],
            [100.05621149826953, 0.38115192817012655],
            [100.05681288579655, 0.3750053911892337],
            [100.05588005482036, 0.36999465184116787],
            [100.05524132689993, 0.3636379185308698],
            [100.05369013052166, 0.361052642933231],
            [100.05061815338041, 0.3584977816204429],
            [100.05791790104269, 0.35907566697996174],
            [100.06208588183068, 0.3554862738197784]
          ]
        ],
        "type": "Polygon"
      }
    },
    {
      "type": "Feature",
      "properties": {
        "tier": 1
      },
      "geometry": {
        "coordinates": [
          [
            [100.05781570715226, 0.38686837383474426],
            [100.05986472255029, 0.38874659545233214],
            [100.05884021468916, 0.3947831804110393],
            [100.05668874832156, 0.3971736415073508],
            [100.05300052024938, 0.3954661693656618],
            [100.0547080332127, 0.3886362772820462],
            [100.05781570715226, 0.38686837383474426]
          ]
        ],
        "type": "Polygon"
      }
    },
    {
      "type": "Feature",
      "properties": {
        "tier": 3
      },
      "geometry": {
        "coordinates": [
          [
            [100.07881086722307, 0.4407974688266876],
            [100.08057027444772, 0.43896844791896683],
            [100.08386448394424, 0.4441342139524096],
            [100.08846889039967, 0.44705399315958516],
            [100.09307329685504, 0.4415513313843462],
            [100.09797717764434, 0.44544437105128054],
            [100.08956463040687, 0.4543232142374478],
            [100.07561760921845, 0.45967000538345815],
            [100.07138754474363, 0.4543919512713046],
            [100.0747937845099, 0.44679141079068074],
            [100.07917358577231, 0.4428609383720499],
            [100.07881086722307, 0.4407974688266876]
          ]
        ],
        "type": "Polygon"
      }
    },
    {
      "type": "Feature",
      "properties": {
        "tier": 2
      },
      "geometry": {
        "coordinates": [
          [
            [100.06212301748559, 0.4992465040162415],
            [100.0619655372326, 0.49638947014445023],
            [100.06522762816894, 0.49580456541983153],
            [100.0679722839904, 0.4961645067949405],
            [100.06860220499863, 0.49497220091491556],
            [100.07310095791968, 0.49579695943118907],
            [100.07562064195258, 0.49584195210420035],
            [100.07613807706741, 0.4974166954667396],
            [100.07535067580619, 0.4996663281897611],
            [100.07114370335938, 0.501241070637704],
            [100.07411358002355, 0.5053863559304403],
            [100.07417936751403, 0.5111196421116091],
            [100.07273954806664, 0.5137067142170366],
            [100.07010737814034, 0.5142466247854145],
            [100.0706183185651, 0.5081506739365409],
            [100.06686644909149, 0.5008675331795587],
            [100.06212301748559, 0.4992465040162415]
          ]
        ],
        "type": "Polygon"
      }
    },
    {
      "type": "Feature",
      "properties": {
        "tier": 2
      },
      "geometry": {
        "coordinates": [
          [
            [100.04209027162256, 0.47544129287645376],
            [100.04259349351031, 0.47316207115792963],
            [100.04635285811861, 0.4744644836526959],
            [100.04960900069278, 0.4720076598785852],
            [100.054730024923, 0.4707940478142518],
            [100.05908141545393, 0.47055724543557176],
            [100.06236715932425, 0.47393167857077856],
            [100.06830652803319, 0.47698247357318735],
            [100.0704378213544, 0.47508805600801907],
            [100.07400189749131, 0.4705235639623311],
            [100.07912292172159, 0.4705235639623311],
            [100.07888611135252, 0.4741643996612481],
            [100.07435711304481, 0.4778348337122509],
            [100.07350649811315, 0.48277101713222237],
            [100.07658503315332, 0.48368862464434415],
            [100.08158765219906, 0.4813502051761418],
            [100.08300851441322, 0.48395502681120206],
            [100.08188366516038, 0.4870926515429801],
            [100.07800589536748, 0.48747745447579405],
            [100.07167893421985, 0.48541453422978975],
            [100.0690660424982, 0.4840720409732313],
            [100.06850361787173, 0.48078641357581375],
            [100.06306911907518, 0.4787167204470819],
            [100.06058261020036, 0.47927912541941],
            [100.0588065324327, 0.4761118968167466],
            [100.05537278208175, 0.47460228267112825],
            [100.04956228004755, 0.47717581619377825],
            [100.04458926229802, 0.47738301807753203],
            [100.04209027162256, 0.47544129287645376]
          ]
        ],
        "type": "Polygon"
      }
    },
    {
      "type": "Feature",
      "properties": {
        "tier": 3
      },
      "geometry": {
        "coordinates": [
          [
            [100.16324303291157, 0.42617296986755093],
            [100.16083362801135, 0.42464509668046446],
            [100.16052020948786, 0.42102129368493024],
            [100.16531943062978, 0.4202573566217893],
            [100.1678071901593, 0.4217068781650539],
            [100.16637721813316, 0.4249389184832495],
            [100.16324303291157, 0.42617296986755093]
          ]
        ],
        "type": "Polygon"
      },
      "id": 80
    },
    {
      "type": "Feature",
      "properties": {
        "tier": 3
      },
      "geometry": {
        "coordinates": [
          [
            [100.15515543143243, 0.4697076999535881],
            [100.15374606736515, 0.4689580633664008],
            [100.15385851662614, 0.4671739279655611],
            [100.15523789421889, 0.46555471225336476],
            [100.15768928812184, 0.4648575497837584],
            [100.1598264198916, 0.46578230067568427],
            [100.16048612246198, 0.4674015162484295],
            [100.15749497212761, 0.46911818429579455],
            [100.15611559452987, 0.4696954044615609],
            [100.15515543143243, 0.4697076999535881]
          ]
        ],
        "type": "Polygon"
      },
      "id": 81
    },
    {
      "type": "Feature",
      "properties": {
        "tier": 3
      },
      "geometry": {
        "coordinates": [
          [
            [100.20088424678084, 0.47033456419737263],
            [100.19857615405397, 0.46954803391460587],
            [100.19683541372899, 0.46722712436988445],
            [100.1975703929852, 0.46343630376067324],
            [100.200252422522, 0.46359103117069367],
            [100.20185132484369, 0.4671626546452927],
            [100.20088424678084, 0.47033456419737263]
          ]
        ],
        "type": "Polygon"
      },
      "id": 82
    },
    {
      "type": "Feature",
      "properties": {
        "tier": 3
      },
      "geometry": {
        "coordinates": [
          [
            [100.15828141511798, 0.5503569293314428],
            [100.15664063780179, 0.5489434015990042],
            [100.15854646377488, 0.5454967355627502],
            [100.16077909981198, 0.5435319250431689],
            [100.16176356620798, 0.545854151089145],
            [100.16190240120687, 0.5485045167386176],
            [100.16043832297669, 0.5501669615418479],
            [100.15828141511798, 0.5503569293314428]
          ]
        ],
        "type": "Polygon"
      },
      "id": 83
    },
    {
      "type": "Feature",
      "properties": {
        "tier": 2
      },
      "geometry": {
        "coordinates": [
          [
            [100.00493416981533, 0.30062339837262186],
            [100.0091694331503, 0.3044181414241649],
            [100.00913555101118, 0.3103474247649416],
            [100.00462923082267, 0.31193986029803966],
            [100.00029232116765, 0.31031354315526016],
            [99.99995350011784, 0.30570564310590953],
            [100.00286736129226, 0.30218195359258004],
            [100.00493416981533, 0.30062339837262186]
          ]
        ],
        "type": "Polygon"
      },
      "id": 84
    }
  ]
}
